-- Generated by Craft v2.6.2981 on 08 июня 2017 г., 4:55:41.

--
-- Disable foreign key checks and autocommit.
--

SET FOREIGN_KEY_CHECKS = 0;
SET SQL_MODE = "NO_AUTO_VALUE_ON_ZERO";
SET AUTOCOMMIT = 0;
SET NAMES utf8;


DROP TABLE IF EXISTS `brgsh_assetfiles`;


--
-- Schema for table `brgsh_assetfiles`
--
CREATE TABLE `brgsh_assetfiles` (
  `id` int(11) NOT NULL,
  `sourceId` int(11) DEFAULT NULL,
  `folderId` int(11) NOT NULL,
  `filename` varchar(255) COLLATE utf8_unicode_ci NOT NULL,
  `kind` varchar(50) COLLATE utf8_unicode_ci NOT NULL DEFAULT 'unknown',
  `width` int(11) unsigned DEFAULT NULL,
  `height` int(11) unsigned DEFAULT NULL,
  `size` bigint(20) unsigned DEFAULT NULL,
  `dateModified` datetime DEFAULT NULL,
  `dateCreated` datetime NOT NULL,
  `dateUpdated` datetime NOT NULL,
  `uid` char(36) COLLATE utf8_unicode_ci NOT NULL DEFAULT '0',
  PRIMARY KEY (`id`),
  UNIQUE KEY `brgsh_assetfiles_filename_folderId_unq_idx` (`filename`,`folderId`),
  KEY `brgsh_assetfiles_sourceId_fk` (`sourceId`),
  KEY `brgsh_assetfiles_folderId_fk` (`folderId`)
) ENGINE=InnoDB DEFAULT CHARSET=utf8 COLLATE=utf8_unicode_ci;

--
-- Data for table `brgsh_assetfiles`
--

INSERT INTO `brgsh_assetfiles` (`id`, `sourceId`, `folderId`, `filename`, `kind`, `width`, `height`, `size`, `dateModified`, `dateCreated`, `dateUpdated`, `uid`) VALUES
 ('43', '1', '1', 'vee6161_2_3_tonemapped.jpg', 'image', '945', '471', '93248', '2017-05-28 21:13:36', '2017-05-28 21:13:36', '2017-05-28 21:13:36', 'ef5b42c9-8b9c-4794-b383-e8d9a815864e'),
 ('44', '1', '1', 'vee6460.jpg', 'image', '945', '471', '60749', '2017-05-28 21:13:37', '2017-05-28 21:13:37', '2017-05-28 21:13:37', 'd83cb153-3dde-4a90-a718-6a78b1976eb1'),
 ('45', '1', '1', 'vee6676.jpg', 'image', '945', '471', '71747', '2017-05-28 21:13:37', '2017-05-28 21:13:37', '2017-05-28 21:13:37', 'a685047f-867c-4021-901b-19b6683aaa80'),
 ('46', '1', '1', 'vee6804_5_6_tonemapped.jpg', 'image', '945', '471', '77907', '2017-05-28 21:13:37', '2017-05-28 21:13:37', '2017-05-28 21:13:37', '255fb081-4e01-4d10-b305-5170bde3de8a'),
 ('47', '1', '1', 'vee6914_5_6_tonemapped.jpg', 'image', '945', '471', '67730', '2017-05-28 21:13:37', '2017-05-28 21:13:37', '2017-05-28 21:13:37', '045b1dc4-5da0-47bf-a340-32a124f6fae5'),
 ('48', '1', '1', '1.jpg', 'image', '945', '471', '85984', '2017-05-28 21:13:37', '2017-05-28 21:13:37', '2017-05-28 21:13:37', '00e02ab7-7c7d-45a2-a4f1-12167d90108e'),
 ('49', '1', '1', '3.jpg', 'image', '945', '471', '63528', '2017-05-28 21:13:38', '2017-05-28 21:13:38', '2017-05-28 21:13:38', '308c2256-ea5a-4706-bd11-6c8d5163e100'),
 ('50', '1', '1', '4.jpg', 'image', '945', '471', '62929', '2017-05-28 21:13:38', '2017-05-28 21:13:38', '2017-05-28 21:13:38', '48d42e7e-ead7-4c39-9030-9fa8a32ae572'),
 ('62', '2', '2', 'tasty_spotlight_cheese.jpg', 'image', '300', '200', '43004', '2017-05-29 01:17:17', '2017-05-29 01:17:17', '2017-05-29 01:17:17', '60561fc1-5aab-4a84-ad80-9ddbfe69fe91'),
 ('69', '3', '3', 'special-1.jpg', 'image', '800', '600', '59747', '2017-05-29 01:53:38', '2017-05-29 01:53:39', '2017-05-29 01:53:39', 'c9a1d5ce-e0b1-48a0-b9b9-6695e7d4d517'),
 ('73', '2', '2', 'bg-image-12.jpg', 'image', '1800', '835', '179575', '2017-05-30 15:07:24', '2017-05-30 15:07:24', '2017-05-30 15:07:24', '546ceb24-bd63-4cc3-b182-42acfbf56c42'),
 ('74', '4', '4', 'vee6161_2_3_tonemapped.jpg', 'image', '945', '471', '93248', '2017-05-30 20:30:43', '2017-05-30 20:30:43', '2017-06-06 17:38:39', '22c45daa-e6c8-4605-81a7-93a21a9c890f'),
 ('75', '4', '4', 'vee6460.jpg', 'image', '945', '471', '60749', '2017-05-30 20:30:44', '2017-05-30 20:30:44', '2017-06-06 17:38:39', 'c7ced75d-b65f-431a-be86-cdf33b1fb045'),
 ('76', '4', '4', 'vee6676.jpg', 'image', '945', '471', '71747', '2017-05-30 20:30:44', '2017-05-30 20:30:44', '2017-06-06 17:38:39', '83e783ca-a64b-4c0c-bd3c-61c791bcbfbb'),
 ('77', '4', '4', 'vee6804_5_6_tonemapped.jpg', 'image', '945', '471', '77907', '2017-05-30 20:30:45', '2017-05-30 20:30:45', '2017-06-06 17:38:39', 'b8c48288-3493-4c37-b56b-2bd3644ebf97'),
 ('78', '4', '4', 'vee6914_5_6_tonemapped.jpg', 'image', '945', '471', '67730', '2017-05-30 20:30:45', '2017-05-30 20:30:45', '2017-06-06 17:38:39', 'b7e2c436-d1ef-4369-8a26-176a6394211b'),
 ('79', '4', '4', '1.jpg', 'image', '945', '471', '85984', '2017-05-30 20:30:45', '2017-05-30 20:30:45', '2017-06-06 17:38:35', 'cd319428-916a-4147-82d6-56608f87909b'),
 ('80', '4', '4', '3.jpg', 'image', '945', '471', '63528', '2017-05-30 20:30:45', '2017-05-30 20:30:45', '2017-06-06 17:38:35', 'c4247a7a-e248-4aca-9c73-d6444defd13f'),
 ('81', '4', '4', '4.jpg', 'image', '945', '471', '62929', '2017-05-30 20:30:46', '2017-05-30 20:30:46', '2017-06-06 17:38:35', '46dd8027-d139-4de7-9318-d8b2f00476a7'),
 ('90', '5', '5', 'food-1.png', 'image', '300', '220', '17595', '2017-05-31 00:53:17', '2017-05-31 00:49:34', '2017-05-31 00:56:57', '95765df2-07fc-45e9-966a-0d2f3b7c208d'),
 ('91', '5', '5', 'food-2.png', 'image', '300', '200', '16692', '2017-05-31 00:56:48', '2017-05-31 00:56:57', '2017-05-31 00:56:57', '1a85ace4-e804-4719-b05d-1e8f9282c7af'),
 ('92', '5', '5', 'food-3.png', 'image', '300', '200', '17628', '2017-05-31 00:56:48', '2017-05-31 00:56:57', '2017-05-31 00:56:57', 'c2630da8-7b68-46a1-b8e2-53f3cf18d942'),
 ('93', '5', '5', 'food-4.png', 'image', '300', '200', '23100', '2017-05-31 00:56:48', '2017-05-31 00:56:57', '2017-05-31 00:56:57', '775e7c31-3c1d-49c8-a612-26bec2caa653'),
 ('94', '5', '5', 'food-5.png', 'image', '300', '200', '102194', '2017-05-31 00:56:48', '2017-05-31 00:56:57', '2017-05-31 00:56:57', '62a4ed4e-87c0-4156-928a-2606d2088926'),
 ('95', '5', '5', 'food-6.png', 'image', '300', '200', '92690', '2017-05-31 00:56:48', '2017-05-31 00:56:57', '2017-05-31 00:56:57', 'f7da5c4f-e32a-494a-a2fd-4412098622d7'),
 ('96', '2', '2', 'utleie.jpg', 'image', '680', '382', '141518', '2017-05-31 02:45:25', '2017-05-31 02:45:25', '2017-05-31 02:45:25', '39b229d9-d595-47af-9716-341b5e261b7f'),
 ('97', '2', '2', 'beer-back.jpg', 'image', '500', '500', '109244', '2017-05-31 02:47:04', '2017-05-31 02:47:05', '2017-05-31 02:47:05', '659ddb94-8b56-4597-b100-1e1f495ccfb7'),
 ('98', '2', '2', 'woocommerce-coupon-tracking-addon.png', 'image', '256', '256', '21747', '2017-05-31 02:49:32', '2017-05-31 02:49:32', '2017-05-31 02:49:32', '208c524c-0e93-4af2-8ed9-6303f48012cd'),
 ('99', '2', '2', '162f8f90c9897b80d23fcdcfc4e4036a.jpg', 'image', '736', '736', '77022', '2017-05-31 02:49:57', '2017-05-31 02:49:57', '2017-05-31 02:49:57', '21d6e6f9-23f1-45d1-abc9-9b4d8dee4086'),
 ('100', '3', '3', 'crispy-duck-salad-green-beans-superJumbo.jpg', 'image', '2048', '1365', '490006', '2017-05-31 02:53:32', '2017-05-31 02:53:32', '2017-05-31 02:53:32', '13deffb3-f4dc-4ce5-84a6-eebe606bea20'),
 ('101', '3', '3', 'krab__kamchatca.jpg', 'image', '690', '357', '90003', '2017-05-31 02:56:58', '2017-05-31 02:56:58', '2017-05-31 02:56:58', '2ce2a034-3a2c-4087-8bb1-3d57e3c3423d'),
 ('103', '3', '3', 'beer-1.jpg', 'image', '800', '500', '138886', '2017-05-31 03:00:07', '2017-05-31 03:00:07', '2017-05-31 03:00:07', 'f72d5fdd-40fc-4786-a8e8-5edd8f9ae89e'),
 ('119', '2', '2', 'Cuba-Libre1-780x780.jpg', 'image', '780', '780', '60004', '2017-06-02 09:36:07', '2017-06-02 09:36:07', '2017-06-02 09:36:07', '3e83ab1c-14cf-4c8b-bc92-b5d95adf29f3'),
 ('120', '2', '2', '142249951.jpg', 'image', '2400', '2400', '1427922', '2017-06-02 09:36:37', '2017-06-02 09:36:38', '2017-06-02 09:36:38', 'cd2823e7-77e8-496e-a896-b4c93a50abdb'),
 ('249', '5', '5', 'bigstock-Variety-of-alcoholic-drinks-be-61227248-817x560.jpg', 'image', '817', '560', '54801', '2017-06-05 20:24:01', '2017-06-05 20:24:01', '2017-06-05 20:24:01', 'f123c8b2-e051-4b86-83bb-11795723a526'),
 ('250', '5', '5', '941eb76df5e128bd789fa154ac5f0beb.jpg', 'image', '604', '509', '62277', '2017-06-05 20:25:44', '2017-06-05 20:25:44', '2017-06-05 20:25:44', '9af79873-b7d0-452e-a365-925b109c17b2'),
 ('251', '5', '5', 'vodka.jpg', 'image', '300', '220', '37479', '2017-06-05 21:06:07', '2017-06-05 21:06:07', '2017-06-05 21:06:07', '60bd67d9-70f3-4398-9ba3-71dfd8bb9473'),
 ('252', '5', '5', 'kokteyli.jpg', 'image', '300', '220', '30905', '2017-06-05 21:06:20', '2017-06-05 21:06:20', '2017-06-05 21:06:20', '3b132ef8-ed0e-46c9-9db8-e342bfe548fe'),
 ('253', '5', '5', 'whisky.jpg', 'image', '300', '220', '40721', '2017-06-05 21:07:50', '2017-06-05 21:07:50', '2017-06-05 21:07:50', '4520368b-fd2a-44f9-95ce-bc5634c5207a'),
 ('254', '5', '5', 'beer1.jpg', 'image', '300', '220', '29295', '2017-06-05 21:12:04', '2017-06-05 21:12:04', '2017-06-05 21:12:04', 'd6d38c8a-b2cd-4a74-9aae-85b551a256ea'),
 ('255', '5', '5', 'beer2.jpg', 'image', '300', '220', '43096', '2017-06-05 21:12:16', '2017-06-05 21:12:16', '2017-06-05 21:12:16', 'af45d31c-5e95-4995-9ce5-ff397469352e'),
 ('256', '5', '5', 'craft.jpg', 'image', '300', '220', '46186', '2017-06-05 21:12:28', '2017-06-05 21:12:28', '2017-06-05 21:12:28', '76b2e9dc-5134-4b37-a05a-c1a5bda2737a'),
 ('257', '5', '5', 'rum.jpg', 'image', '300', '220', '46976', '2017-06-05 23:19:59', '2017-06-05 23:19:59', '2017-06-05 23:19:59', 'bc5f1ab0-0028-4197-9519-31d8377ef152'),
 ('258', '5', '5', 'liq.jpg', 'image', '300', '220', '37292', '2017-06-05 23:20:12', '2017-06-05 23:20:12', '2017-06-05 23:20:12', '9516dffe-4b4f-46da-9e6e-a2a68bc4bda3'),
 ('259', '5', '5', 'champ.jpg', 'image', '300', '220', '42370', '2017-06-05 23:21:14', '2017-06-05 23:21:14', '2017-06-05 23:21:14', 'ff3f9597-81c4-44e5-ad02-2c1af8f981ee'),
 ('260', '5', '5', 'white-wine.jpg', 'image', '300', '220', '43937', '2017-06-05 23:21:27', '2017-06-05 23:21:27', '2017-06-05 23:21:27', '76a81482-dfa7-4e49-bf07-6876a51c76cb'),
 ('261', '5', '5', 'red-wine.jpg', 'image', '300', '220', '32134', '2017-06-05 23:21:39', '2017-06-05 23:21:39', '2017-06-05 23:21:39', '6a6484c3-c089-46bd-9b4c-f74dd9de5156'),
 ('262', '5', '5', 'hot.jpg', 'image', '300', '220', '35608', '2017-06-05 23:21:59', '2017-06-05 23:21:59', '2017-06-05 23:21:59', 'a5152759-3211-4ffd-b41c-f7de86d2f30b'),
 ('263', '5', '5', 'drinks3.jpg', 'image', '300', '220', '29486', '2017-06-05 23:22:22', '2017-06-05 23:22:22', '2017-06-05 23:22:22', '3c45f227-0a42-4aba-98b6-40830069881c'),
 ('264', '5', '5', 'limo.jpg', 'image', '300', '220', '28729', '2017-06-05 23:22:39', '2017-06-05 23:22:39', '2017-06-05 23:22:39', 'c49d9dc2-9f44-41c6-8bbf-f2d94cc57ae9'),
 ('265', '5', '5', 'drinks2.jpg', 'image', '300', '220', '31521', '2017-06-05 23:23:03', '2017-06-05 23:23:03', '2017-06-05 23:23:03', '1f2b99b4-a53c-49ed-982e-af82976f50f1'),
 ('266', '5', '5', 'drinks.jpg', 'image', '300', '220', '39443', '2017-06-05 23:23:19', '2017-06-05 23:23:19', '2017-06-05 23:23:19', 'a5186e18-d952-47b2-aa0d-3d9ba0d7ff7a'),
 ('267', '5', '5', 'tea.jpg', 'image', '300', '220', '35461', '2017-06-05 23:23:41', '2017-06-05 23:23:41', '2017-06-05 23:23:41', 'e0adbc9f-8e5d-4969-a6ff-77b86eb77027'),
 ('268', '5', '5', 'zakuski.jpg', 'image', '300', '220', '32589', '2017-06-05 23:40:46', '2017-06-05 23:40:46', '2017-06-05 23:40:46', '04e63e3b-16ea-45a1-b271-d08c0a7945d6'),
 ('269', '5', '5', 'salad.jpg', 'image', '300', '220', '40585', '2017-06-05 23:40:58', '2017-06-05 23:40:58', '2017-06-05 23:40:58', 'f9e1e4c4-a649-4ed2-a3ee-c9765afe308a'),
 ('270', '5', '5', 'hot-meal.jpg', 'image', '300', '220', '37215', '2017-06-05 23:41:08', '2017-06-05 23:41:08', '2017-06-05 23:41:08', 'd7aa9173-d3c6-4585-a7a2-6b3d3a89c53a'),
 ('271', '5', '5', 'pan.jpg', 'image', '300', '220', '40791', '2017-06-05 23:41:21', '2017-06-05 23:41:21', '2017-06-05 23:41:21', '79795247-cf73-40c3-a1d7-76b6af053d4d'),
 ('272', '5', '5', 'garnish.jpg', 'image', '300', '220', '39150', '2017-06-05 23:41:33', '2017-06-05 23:41:33', '2017-06-05 23:41:33', '776577fc-1e22-4de1-9839-e8032378a42e'),
 ('273', '5', '5', 'alcohol.jpg', 'image', '300', '220', '33552', '2017-06-05 23:42:00', '2017-06-05 23:42:00', '2017-06-05 23:42:00', '7f5a9ae0-51ce-447e-9858-bb7066c0c796'),
 ('274', '4', '4', '1b0c212739ad93f9ed95469175546449.jpg', 'image', '1000', '689', '155591', '2017-06-06 17:37:52', '2017-06-06 17:38:35', '2017-06-06 17:38:35', '9f92a861-3b7c-434f-988a-765ab9ad9045'),
 ('275', '4', '4', '10f92f1c208d3c5898d0afcb0fc8bb31.jpg', 'image', '2055', '1371', '1979085', '2017-06-06 17:37:41', '2017-06-06 17:38:35', '2017-06-06 17:38:35', '3102f0bc-210e-4730-876b-92f4473c89de'),
 ('276', '4', '4', '434fa506aca537001a0bf0afd88716da.jpg', 'image', '1000', '668', '165392', '2017-06-06 17:37:52', '2017-06-06 17:38:35', '2017-06-06 17:38:35', '3168e663-0b93-4295-b0dd-bddf4bb08e38'),
 ('277', '4', '4', '59734.jpg', 'image', '1400', '934', '216755', '2017-06-06 17:37:41', '2017-06-06 17:38:36', '2017-06-06 17:38:36', 'a937b793-7b74-4135-b37f-ee71f4a0af78'),
 ('278', '4', '4', '59740.jpg', 'image', '1000', '668', '92251', '2017-06-06 17:37:41', '2017-06-06 17:38:36', '2017-06-06 17:38:36', 'e9d1508b-a750-435a-a3b2-682e31129c1d'),
 ('279', '4', '4', '678f30a355bb56223f4993d54a6a886f.jpg', 'image', '1000', '668', '208592', '2017-06-06 17:37:52', '2017-06-06 17:38:36', '2017-06-06 17:38:36', '48073dfd-2a9e-41a5-9e4f-5cc99afcf1ef'),
 ('280', '4', '4', '7a230c5ffa387cfa5b78.jpg', 'image', '672', '378', '104012', '2017-06-06 17:37:40', '2017-06-06 17:38:36', '2017-06-06 17:38:36', '06f7b922-b138-450e-9ca4-325e82153a8b'),
 ('281', '4', '4', '829688.jpg', 'image', '1080', '720', '586006', '2017-06-06 17:37:41', '2017-06-06 17:38:36', '2017-06-06 17:38:36', 'ecdb9fa6-7050-4db3-8342-cf53ce949691'),
 ('282', '4', '4', '829689.jpg', 'image', '1080', '720', '652201', '2017-06-06 17:37:52', '2017-06-06 17:38:36', '2017-06-06 17:38:36', 'eb6d4bf3-7721-40a8-adad-be2aa4e42dbd'),
 ('283', '4', '4', '829690.jpg', 'image', '1081', '720', '614967', '2017-06-06 17:37:52', '2017-06-06 17:38:36', '2017-06-06 17:38:36', 'b865723f-85f4-4463-8328-02f33a94d31d'),
 ('284', '4', '4', '829692.jpg', 'image', '1071', '720', '541768', '2017-06-06 17:37:42', '2017-06-06 17:38:36', '2017-06-06 17:38:37', '8960ccbf-ea44-4623-9d82-c1e6e3837cdc'),
 ('285', '4', '4', '829693.jpg', 'image', '1080', '720', '614355', '2017-06-06 17:37:42', '2017-06-06 17:38:37', '2017-06-06 17:38:37', 'a631d120-0fd1-4d72-bbdb-3fe0ed17d644'),
 ('286', '4', '4', '829694.jpg', 'image', '1080', '720', '543401', '2017-06-06 17:37:53', '2017-06-06 17:38:37', '2017-06-06 17:38:37', 'd99e2308-450f-4f68-a1ae-d69633679a98'),
 ('287', '4', '4', '829695.jpg', 'image', '1081', '720', '555058', '2017-06-06 17:37:53', '2017-06-06 17:38:37', '2017-06-06 17:38:37', '99c1b3ba-85f4-4638-8603-c14a6151dafc'),
 ('288', '4', '4', '829697.jpg', 'image', '1080', '720', '567681', '2017-06-06 17:37:53', '2017-06-06 17:38:37', '2017-06-06 17:38:37', '1dd8c239-9eb8-4530-a5ab-af67c684a03a'),
 ('289', '4', '4', '829698.jpg', 'image', '1080', '720', '600076', '2017-06-06 17:37:54', '2017-06-06 17:38:37', '2017-06-06 17:38:37', 'f5819780-4530-4daa-878e-3b59c7668ac1'),
 ('290', '4', '4', '9420ce1be58d1c9d18d06fe1e1beab87 (1).jpg', 'image', '1000', '668', '217849', '2017-06-06 17:37:41', '2017-06-06 17:38:37', '2017-06-06 17:38:38', '736597c8-22fb-4509-90d1-15dd55a99535'),
 ('291', '4', '4', '9420ce1be58d1c9d18d06fe1e1beab87.jpg', 'image', '1000', '668', '217849', '2017-06-06 17:37:52', '2017-06-06 17:38:38', '2017-06-06 17:38:38', '129e6e1e-3a0d-4870-bb1e-6e1a41b59e61'),
 ('292', '4', '4', 'afd649587592e31367b084bcd1.jpg', 'image', '660', '440', '126812', '2017-06-06 17:37:54', '2017-06-06 17:38:38', '2017-06-06 17:38:38', 'b724b808-1f82-46b6-ab5a-23499e5f1076'),
 ('293', '4', '4', 'd89f7ae890aefa446ad25b56ee381a9d (1).jpg', 'image', '2522', '1682', '3349759', '2017-06-06 17:37:55', '2017-06-06 17:38:38', '2017-06-06 17:38:38', '35fa9988-32d6-4a1f-9879-032c04b249c9'),
 ('294', '4', '4', 'd89f7ae890aefa446ad25b56ee381a9d.jpg', 'image', '2522', '1682', '3349759', '2017-06-06 17:37:55', '2017-06-06 17:38:38', '2017-06-06 17:38:38', '2b2127eb-29f1-4ee8-91af-025a9d538d79'),
 ('295', '4', '4', 'fa0ce40beeb91eec2869e4d1a106a9e9.jpg', 'image', '1000', '667', '178101', '2017-06-06 17:37:55', '2017-06-06 17:38:38', '2017-06-06 17:38:39', 'f9ee3841-8ee0-4406-9ff7-609d272b1c4d'),
 ('297', '5', '5', '721.jpg', 'image', '175', '175', '26178', '2017-06-07 01:23:16', '2017-06-07 01:23:16', '2017-06-07 01:23:16', '89e0ca5e-71e1-4a5a-8870-708830451088'),
 ('298', '5', '5', '5802524e55c4071ec1d71324.jpg', 'image', '674', '900', '81980', '2017-06-07 01:24:46', '2017-06-07 01:24:46', '2017-06-07 01:24:46', 'c0d73127-bb50-49b9-8222-0dd773a88eb2'),
 ('299', '5', '5', 'Glen-Grant-bottle-2.JPG', 'image', '1024', '760', '157607', '2017-06-07 01:25:47', '2017-06-07 01:25:47', '2017-06-07 01:25:47', '9acf0788-2eeb-418c-a597-42962a73051b'),
 ('300', '5', '5', '1448-whiskey-e-cola-cocktail-cocktail-con-il-whiskey-coca-cola-ghiacciata.jpg', 'image', '768', '432', '121110', '2017-06-07 01:27:16', '2017-06-07 01:27:16', '2017-06-07 01:27:16', '2ea28eeb-306a-4d3e-86b0-e4fa983ee006'),
 ('301', '5', '5', 'Milano_Campari.jpg', 'image', '660', '532', '174988', '2017-06-07 01:27:53', '2017-06-07 01:27:53', '2017-06-07 01:27:53', '5df4dafd-b209-4905-b0f5-77c5e5c4d9b9'),
 ('302', '5', '5', 'B52Shot-157511324-58a472bd3df78c475860ce72.jpg', 'image', '1500', '1000', '107582', '2017-06-07 01:29:08', '2017-06-07 01:29:08', '2017-06-07 01:29:08', '572ef11b-8f51-4930-9879-b77acd2e20c0'),
 ('303', '5', '5', 'aperol-spritz-easy-living-5july13_bt_330x330.jpg', 'image', '330', '330', '25238', '2017-06-07 01:34:12', '2017-06-07 01:34:12', '2017-06-07 01:34:12', '7dfb47b2-35ba-4d48-ad88-7a223f9e6470');



DROP TABLE IF EXISTS `brgsh_assetfolders`;


--
-- Schema for table `brgsh_assetfolders`
--
CREATE TABLE `brgsh_assetfolders` (
  `id` int(11) NOT NULL AUTO_INCREMENT,
  `parentId` int(11) DEFAULT NULL,
  `sourceId` int(11) DEFAULT NULL,
  `name` varchar(255) COLLATE utf8_unicode_ci NOT NULL,
  `path` varchar(255) COLLATE utf8_unicode_ci DEFAULT NULL,
  `dateCreated` datetime NOT NULL,
  `dateUpdated` datetime NOT NULL,
  `uid` char(36) COLLATE utf8_unicode_ci NOT NULL DEFAULT '0',
  PRIMARY KEY (`id`),
  UNIQUE KEY `brgsh_assetfolders_name_parentId_sourceId_unq_idx` (`name`,`parentId`,`sourceId`),
  KEY `brgsh_assetfolders_parentId_fk` (`parentId`),
  KEY `brgsh_assetfolders_sourceId_fk` (`sourceId`)
) ENGINE=InnoDB AUTO_INCREMENT=6 DEFAULT CHARSET=utf8 COLLATE=utf8_unicode_ci;

--
-- Data for table `brgsh_assetfolders`
--

INSERT INTO `brgsh_assetfolders` (`id`, `parentId`, `sourceId`, `name`, `path`, `dateCreated`, `dateUpdated`, `uid`) VALUES
 ('1', NULL, '1', 'Слайдер', '', '2017-05-28 21:04:38', '2017-05-28 21:06:05', 'a9f786b6-b82e-4e45-88de-537d1d0e1d1a'),
 ('2', NULL, '2', 'Общие', '', '2017-05-28 21:05:14', '2017-05-28 21:06:11', 'f9ece9c3-c02d-4ee7-957e-0c895eeb1b91'),
 ('3', NULL, '3', 'Новости', '', '2017-05-28 21:05:27', '2017-05-28 21:06:26', '51345d64-ac75-4476-a233-db67935623f2'),
 ('4', NULL, '4', 'Фотогалерея', '', '2017-05-28 21:05:51', '2017-05-28 21:06:39', '46e2b368-1d07-49e9-bfba-2b4040373974'),
 ('5', NULL, '5', 'Меню', '', '2017-05-30 22:39:39', '2017-05-30 22:39:48', 'b772c308-a991-488a-b797-e10cdce207c7');



DROP TABLE IF EXISTS `brgsh_assetindexdata`;


--
-- Schema for table `brgsh_assetindexdata`
--
CREATE TABLE `brgsh_assetindexdata` (
  `id` int(11) NOT NULL AUTO_INCREMENT,
  `sessionId` varchar(36) COLLATE utf8_unicode_ci NOT NULL DEFAULT '',
  `sourceId` int(10) NOT NULL,
  `offset` int(10) NOT NULL,
  `uri` varchar(255) COLLATE utf8_unicode_ci DEFAULT NULL,
  `size` varchar(255) COLLATE utf8_unicode_ci DEFAULT NULL,
  `recordId` int(10) DEFAULT NULL,
  `dateCreated` datetime NOT NULL,
  `dateUpdated` datetime NOT NULL,
  `uid` char(36) COLLATE utf8_unicode_ci NOT NULL DEFAULT '0',
  PRIMARY KEY (`id`),
  UNIQUE KEY `brgsh_assetindexdata_sessionId_sourceId_offset_unq_idx` (`sessionId`,`sourceId`,`offset`),
  KEY `brgsh_assetindexdata_sourceId_fk` (`sourceId`)
) ENGINE=InnoDB AUTO_INCREMENT=38 DEFAULT CHARSET=utf8 COLLATE=utf8_unicode_ci;

DROP TABLE IF EXISTS `brgsh_assetsources`;


--
-- Schema for table `brgsh_assetsources`
--
CREATE TABLE `brgsh_assetsources` (
  `id` int(11) NOT NULL AUTO_INCREMENT,
  `name` varchar(255) COLLATE utf8_unicode_ci NOT NULL,
  `handle` varchar(255) COLLATE utf8_unicode_ci NOT NULL,
  `type` varchar(150) COLLATE utf8_unicode_ci NOT NULL,
  `settings` text COLLATE utf8_unicode_ci,
  `sortOrder` smallint(6) unsigned DEFAULT NULL,
  `fieldLayoutId` int(10) DEFAULT NULL,
  `dateCreated` datetime NOT NULL,
  `dateUpdated` datetime NOT NULL,
  `uid` char(36) COLLATE utf8_unicode_ci NOT NULL DEFAULT '0',
  PRIMARY KEY (`id`),
  UNIQUE KEY `brgsh_assetsources_name_unq_idx` (`name`),
  UNIQUE KEY `brgsh_assetsources_handle_unq_idx` (`handle`),
  KEY `brgsh_assetsources_fieldLayoutId_fk` (`fieldLayoutId`)
) ENGINE=InnoDB AUTO_INCREMENT=6 DEFAULT CHARSET=utf8 COLLATE=utf8_unicode_ci;

--
-- Data for table `brgsh_assetsources`
--

INSERT INTO `brgsh_assetsources` (`id`, `name`, `handle`, `type`, `settings`, `sortOrder`, `fieldLayoutId`, `dateCreated`, `dateUpdated`, `uid`) VALUES
 ('1', 'Слайдер', 'slider', 'Local', '{\"path\":\"\\/srv\\/users\\/serverpilot\\/apps\\/bergstein\\/public\\/images\\/slider\\/\",\"publicURLs\":\"1\",\"url\":\"\\/images\\/slider\\/\"}', '1', '15', '2017-05-28 21:04:38', '2017-05-28 21:06:05', '2ba0e792-87f5-4eed-b779-0b5112040fe8'),
 ('2', 'Общие', 'common', 'Local', '{\"path\":\"\\/srv\\/users\\/serverpilot\\/apps\\/bergstein\\/public\\/images\\/common\\/\",\"publicURLs\":\"1\",\"url\":\"\\/images\\/common\\/\"}', '2', '16', '2017-05-28 21:05:13', '2017-05-28 21:06:11', '2c35585a-b19f-4069-b12a-65e3430323ba'),
 ('3', 'Новости', 'news', 'Local', '{\"path\":\"\\/srv\\/users\\/serverpilot\\/apps\\/bergstein\\/public\\/images\\/news\\/\",\"publicURLs\":\"1\",\"url\":\"\\/images\\/news\\/\"}', '3', '17', '2017-05-28 21:05:27', '2017-05-28 21:06:26', '8899d0a4-fdd6-4bfd-af5f-c8d139af10b8'),
 ('4', 'Фотогалерея', 'gallery', 'Local', '{\"path\":\"\\/srv\\/users\\/serverpilot\\/apps\\/bergstein\\/public\\/images\\/gallery\\/\",\"publicURLs\":\"1\",\"url\":\"\\/images\\/gallery\\/\"}', '4', '18', '2017-05-28 21:05:51', '2017-05-28 21:06:39', 'be77fda2-c568-4c8f-9037-d18cf33e02a0'),
 ('5', 'Меню', 'menu', 'Local', '{\"path\":\"\\/srv\\/users\\/serverpilot\\/apps\\/bergstein\\/public\\/images\\/menu\\/\",\"publicURLs\":\"1\",\"url\":\"\\/images\\/menu\\/\"}', '5', '50', '2017-05-30 22:39:39', '2017-05-30 22:39:48', '951cf90f-3c66-4b83-8ed3-7b59a813a6ae');



DROP TABLE IF EXISTS `brgsh_assettransformindex`;


--
-- Schema for table `brgsh_assettransformindex`
--
CREATE TABLE `brgsh_assettransformindex` (
  `id` int(11) NOT NULL AUTO_INCREMENT,
  `fileId` int(11) NOT NULL,
  `filename` varchar(255) COLLATE utf8_unicode_ci DEFAULT NULL,
  `format` varchar(255) COLLATE utf8_unicode_ci DEFAULT NULL,
  `location` varchar(255) COLLATE utf8_unicode_ci NOT NULL,
  `sourceId` int(11) DEFAULT NULL,
  `fileExists` tinyint(1) DEFAULT NULL,
  `inProgress` tinyint(1) DEFAULT NULL,
  `dateIndexed` datetime DEFAULT NULL,
  `dateCreated` datetime NOT NULL,
  `dateUpdated` datetime NOT NULL,
  `uid` char(36) COLLATE utf8_unicode_ci NOT NULL DEFAULT '0',
  PRIMARY KEY (`id`),
  KEY `brgsh_assettransformindex_sourceId_fileId_location_idx` (`sourceId`,`fileId`,`location`)
) ENGINE=InnoDB AUTO_INCREMENT=47 DEFAULT CHARSET=utf8 COLLATE=utf8_unicode_ci;

DROP TABLE IF EXISTS `brgsh_assettransforms`;


--
-- Schema for table `brgsh_assettransforms`
--
CREATE TABLE `brgsh_assettransforms` (
  `id` int(11) NOT NULL AUTO_INCREMENT,
  `name` varchar(255) COLLATE utf8_unicode_ci NOT NULL,
  `handle` varchar(255) COLLATE utf8_unicode_ci NOT NULL,
  `mode` enum('stretch','fit','crop') COLLATE utf8_unicode_ci NOT NULL DEFAULT 'crop',
  `position` enum('top-left','top-center','top-right','center-left','center-center','center-right','bottom-left','bottom-center','bottom-right') COLLATE utf8_unicode_ci NOT NULL DEFAULT 'center-center',
  `height` int(10) DEFAULT NULL,
  `width` int(10) DEFAULT NULL,
  `format` varchar(255) COLLATE utf8_unicode_ci DEFAULT NULL,
  `quality` int(10) DEFAULT NULL,
  `dimensionChangeTime` datetime DEFAULT NULL,
  `dateCreated` datetime NOT NULL,
  `dateUpdated` datetime NOT NULL,
  `uid` char(36) COLLATE utf8_unicode_ci NOT NULL DEFAULT '0',
  PRIMARY KEY (`id`),
  UNIQUE KEY `brgsh_assettransforms_name_unq_idx` (`name`),
  UNIQUE KEY `brgsh_assettransforms_handle_unq_idx` (`handle`)
) ENGINE=InnoDB AUTO_INCREMENT=5 DEFAULT CHARSET=utf8 COLLATE=utf8_unicode_ci;

--
-- Data for table `brgsh_assettransforms`
--

INSERT INTO `brgsh_assettransforms` (`id`, `name`, `handle`, `mode`, `position`, `height`, `width`, `format`, `quality`, `dimensionChangeTime`, `dateCreated`, `dateUpdated`, `uid`) VALUES
 ('1', 'News400x300', 'news400x300', 'crop', 'center-center', '300', '400', NULL, NULL, '2017-05-29 01:57:02', '2017-05-29 01:57:02', '2017-05-29 01:57:02', 'e018ad07-2205-41ad-a66f-fbfcb0226410'),
 ('2', 'Gallery 800x800', 'gallery800x800', 'crop', 'center-center', '800', '800', NULL, NULL, '2017-05-30 20:33:49', '2017-05-30 20:33:49', '2017-05-30 20:33:49', '4f6a9036-fe40-4dd4-9959-48cb485eca76'),
 ('3', 'Special180x180', 'special180x180', 'crop', 'center-center', '180', '180', NULL, NULL, '2017-05-31 02:42:19', '2017-05-31 02:42:19', '2017-05-31 02:42:19', 'c56032a3-8065-4000-9e08-c43a93ec93fe'),
 ('4', 'Menu72x72', 'menu72x72', 'crop', 'center-center', '72', '72', NULL, NULL, '2017-06-07 01:04:17', '2017-06-07 01:04:17', '2017-06-07 01:04:17', '1182ea78-edd4-4521-9c40-de36140140f4');



DROP TABLE IF EXISTS `brgsh_categories`;


--
-- Schema for table `brgsh_categories`
--
CREATE TABLE `brgsh_categories` (
  `id` int(11) NOT NULL,
  `groupId` int(11) NOT NULL,
  `dateCreated` datetime NOT NULL,
  `dateUpdated` datetime NOT NULL,
  `uid` char(36) COLLATE utf8_unicode_ci NOT NULL DEFAULT '0',
  PRIMARY KEY (`id`),
  KEY `brgsh_categories_groupId_fk` (`groupId`)
) ENGINE=InnoDB DEFAULT CHARSET=utf8 COLLATE=utf8_unicode_ci;

--
-- Data for table `brgsh_categories`
--

INSERT INTO `brgsh_categories` (`id`, `groupId`, `dateCreated`, `dateUpdated`, `uid`) VALUES
 ('9', '2', '2017-05-28 16:10:53', '2017-06-02 08:50:15', '1475593b-0e49-49d3-a2f2-b8ef771d3dad'),
 ('12', '2', '2017-05-28 18:37:08', '2017-06-05 23:42:03', '25e0adc2-0b10-4fff-a830-ea5fd01e04a8'),
 ('121', '2', '2017-06-05 18:17:01', '2017-06-07 01:19:01', '9f304ac8-db0b-48b7-b76d-49b555f9af35'),
 ('130', '2', '2017-06-05 18:25:50', '2017-06-05 21:12:18', '4de3f9bc-7244-407c-8ad8-72d4ee82d791'),
 ('133', '2', '2017-06-05 18:29:10', '2017-06-05 21:12:30', '2cd0d61c-3afa-4e28-baf8-505c6554eb37'),
 ('138', '2', '2017-06-05 18:41:04', '2017-06-07 01:34:14', '72198a24-7e56-4c40-bf35-c3d60e24f07d'),
 ('162', '2', '2017-06-05 18:43:53', '2017-06-05 21:06:10', '9b5aee1b-b671-409f-88fa-f63c33c047ef'),
 ('169', '2', '2017-06-05 18:48:22', '2017-06-07 01:38:10', '17f240e4-2dc8-4222-82c3-91b6cd1a0edb'),
 ('179', '2', '2017-06-05 18:52:50', '2017-06-05 23:20:02', '4698d702-5e7a-49a6-bfd3-5ff8a323b298'),
 ('186', '2', '2017-06-05 18:57:04', '2017-06-05 23:20:15', '2fa82f51-4747-4cac-9b2c-33be39682843'),
 ('193', '2', '2017-06-05 18:59:41', '2017-06-05 23:21:17', '6d47bd3b-9490-4208-8f97-970826dae101'),
 ('197', '2', '2017-06-05 19:02:47', '2017-06-05 23:21:29', 'bab7d19a-56d4-46d2-a850-5f028c1e190c'),
 ('202', '2', '2017-06-05 19:05:22', '2017-06-05 23:21:42', '5781dc8e-a2e1-4b95-b728-1732f80aa492'),
 ('207', '2', '2017-06-05 19:06:40', '2017-06-05 23:22:03', 'bacd98d5-c81d-4459-939e-10c7f461214a'),
 ('210', '2', '2017-06-05 19:07:55', '2017-06-05 23:22:26', 'b0ef596a-fa20-4ff4-a723-fa6908621bee'),
 ('214', '2', '2017-06-05 19:09:11', '2017-06-07 01:37:21', '2e9ec002-eb0c-40c0-9bf7-d36048fca91b'),
 ('216', '2', '2017-06-05 19:10:27', '2017-06-07 01:37:02', '57d35cc9-78db-4d7f-ae86-d49dfc1b9a69'),
 ('220', '2', '2017-06-05 19:16:32', '2017-06-05 23:23:29', 'a6299baf-223d-44de-bcc9-1f650a313eea'),
 ('230', '2', '2017-06-05 19:22:12', '2017-06-05 23:23:44', '5deb9fc9-a980-4e6a-9d3f-a87d71bb1241'),
 ('239', '2', '2017-06-05 20:02:36', '2017-06-05 20:21:02', '5e60fe1d-81fe-43fa-aaa5-0c2250190631'),
 ('240', '2', '2017-06-05 20:02:52', '2017-06-05 23:40:49', 'aca65177-ec15-4af8-b954-5b2c5a7db7ae'),
 ('241', '2', '2017-06-05 20:03:19', '2017-06-05 20:21:11', '3207442f-c8e9-4150-b0bc-071bbbd469f9'),
 ('242', '2', '2017-06-05 20:04:47', '2017-06-05 20:22:16', '99e1bc99-7a59-4067-aee7-40977c9d2f80'),
 ('243', '2', '2017-06-05 20:05:46', '2017-06-05 23:41:00', 'ae94ea61-6139-4883-a00b-8404a3fcf19b'),
 ('244', '2', '2017-06-05 20:06:09', '2017-06-05 23:41:15', 'a03cf4d6-0aa7-4045-ba26-3743a28f17e4'),
 ('245', '2', '2017-06-05 20:06:33', '2017-06-05 23:41:24', '6d288401-c771-4ceb-9d19-af13dfe7f603'),
 ('246', '2', '2017-06-05 20:07:07', '2017-06-05 23:41:35', '0e368491-887c-4079-96bb-6dfa6835bcf7'),
 ('247', '2', '2017-06-05 20:08:06', '2017-06-05 20:22:06', '1917d0ab-e452-4a65-807f-fa531a48c3c0'),
 ('248', '2', '2017-06-05 20:21:25', '2017-06-05 20:21:39', '235d22fc-3ef6-4781-8b38-18fb0db2af68');



DROP TABLE IF EXISTS `brgsh_categorygroups`;


--
-- Schema for table `brgsh_categorygroups`
--
CREATE TABLE `brgsh_categorygroups` (
  `id` int(11) NOT NULL AUTO_INCREMENT,
  `structureId` int(11) NOT NULL,
  `fieldLayoutId` int(11) DEFAULT NULL,
  `name` varchar(255) COLLATE utf8_unicode_ci NOT NULL,
  `handle` varchar(255) COLLATE utf8_unicode_ci NOT NULL,
  `hasUrls` tinyint(1) unsigned NOT NULL DEFAULT '1',
  `template` varchar(500) COLLATE utf8_unicode_ci DEFAULT NULL,
  `dateCreated` datetime NOT NULL,
  `dateUpdated` datetime NOT NULL,
  `uid` char(36) COLLATE utf8_unicode_ci NOT NULL DEFAULT '0',
  PRIMARY KEY (`id`),
  UNIQUE KEY `brgsh_categorygroups_name_unq_idx` (`name`),
  UNIQUE KEY `brgsh_categorygroups_handle_unq_idx` (`handle`),
  KEY `brgsh_categorygroups_structureId_fk` (`structureId`),
  KEY `brgsh_categorygroups_fieldLayoutId_fk` (`fieldLayoutId`)
) ENGINE=InnoDB AUTO_INCREMENT=3 DEFAULT CHARSET=utf8 COLLATE=utf8_unicode_ci;

--
-- Data for table `brgsh_categorygroups`
--

INSERT INTO `brgsh_categorygroups` (`id`, `structureId`, `fieldLayoutId`, `name`, `handle`, `hasUrls`, `template`, `dateCreated`, `dateUpdated`, `uid`) VALUES
 ('2', '2', '68', 'Menu', 'menu', '1', 'menu/index', '2017-05-28 16:05:47', '2017-06-07 00:17:12', 'fd50dda8-b064-4c39-8c4f-3e444ecb4b29');



DROP TABLE IF EXISTS `brgsh_categorygroups_i18n`;


--
-- Schema for table `brgsh_categorygroups_i18n`
--
CREATE TABLE `brgsh_categorygroups_i18n` (
  `id` int(11) NOT NULL AUTO_INCREMENT,
  `groupId` int(11) NOT NULL,
  `locale` char(12) COLLATE utf8_unicode_ci NOT NULL,
  `urlFormat` text COLLATE utf8_unicode_ci,
  `nestedUrlFormat` text COLLATE utf8_unicode_ci,
  `dateCreated` datetime NOT NULL,
  `dateUpdated` datetime NOT NULL,
  `uid` char(36) COLLATE utf8_unicode_ci NOT NULL DEFAULT '0',
  PRIMARY KEY (`id`),
  UNIQUE KEY `brgsh_categorygroups_i18n_groupId_locale_unq_idx` (`groupId`,`locale`),
  KEY `brgsh_categorygroups_i18n_locale_fk` (`locale`)
) ENGINE=InnoDB AUTO_INCREMENT=3 DEFAULT CHARSET=utf8 COLLATE=utf8_unicode_ci;

--
-- Data for table `brgsh_categorygroups_i18n`
--

INSERT INTO `brgsh_categorygroups_i18n` (`id`, `groupId`, `locale`, `urlFormat`, `nestedUrlFormat`, `dateCreated`, `dateUpdated`, `uid`) VALUES
 ('2', '2', 'ru_ru', 'menu/{slug}', 'menu/{slug}', '2017-05-28 16:05:47', '2017-06-07 00:17:12', '9582e4a4-e308-499e-8227-0f9aa642710b');



DROP TABLE IF EXISTS `brgsh_content`;


--
-- Schema for table `brgsh_content`
--
CREATE TABLE `brgsh_content` (
  `id` int(11) NOT NULL AUTO_INCREMENT,
  `elementId` int(11) NOT NULL,
  `locale` char(12) COLLATE utf8_unicode_ci NOT NULL,
  `title` varchar(255) COLLATE utf8_unicode_ci DEFAULT NULL,
  `field_body` text COLLATE utf8_unicode_ci,
  `field_sliderDescription` text COLLATE utf8_unicode_ci,
  `field_textFormatted` text COLLATE utf8_unicode_ci,
  `field_textUnformatted` text COLLATE utf8_unicode_ci,
  `field_mainMenuLink` text COLLATE utf8_unicode_ci,
  `field_slogan` text COLLATE utf8_unicode_ci,
  `dateCreated` datetime NOT NULL,
  `dateUpdated` datetime NOT NULL,
  `uid` char(36) COLLATE utf8_unicode_ci NOT NULL DEFAULT '0',
  PRIMARY KEY (`id`),
  UNIQUE KEY `brgsh_content_elementId_locale_unq_idx` (`elementId`,`locale`),
  KEY `brgsh_content_title_idx` (`title`),
  KEY `brgsh_content_locale_fk` (`locale`)
) ENGINE=InnoDB AUTO_INCREMENT=191 DEFAULT CHARSET=utf8 COLLATE=utf8_unicode_ci;

--
-- Data for table `brgsh_content`
--

INSERT INTO `brgsh_content` (`id`, `elementId`, `locale`, `title`, `field_body`, `field_sliderDescription`, `field_textFormatted`, `field_textUnformatted`, `field_mainMenuLink`, `field_slogan`, `dateCreated`, `dateUpdated`, `uid`) VALUES
 ('1', '1', 'ru_ru', NULL, NULL, NULL, NULL, NULL, NULL, NULL, '2017-05-27 01:12:21', '2017-06-02 10:12:13', 'b305c307-54a6-438c-86af-53563fecbb54'),
 ('2', '2', 'ru_ru', 'Bergstein.bar', '<p>Огромный ассортимент крафтового пива, разнообразная кухня и приятная музыка в уютном ресторане Бергштайн. У нас вы можете провести банкет или корпоратив, посмотреть спортивные трансляции или покурить кальян. В меню представлены итальянская, японская и традиционно русская кухни.</p>', NULL, NULL, NULL, NULL, NULL, '2017-05-27 01:12:23', '2017-06-06 13:00:36', '65d22d9a-d184-40f0-bf67-5dd256caeb7e'),
 ('4', '4', 'ru_ru', 'Главная', NULL, NULL, NULL, NULL, '/', NULL, '2017-05-28 16:07:54', '2017-05-28 23:40:39', '01f58f85-ace4-4483-bdb7-0550c4bbbb52'),
 ('5', '5', 'ru_ru', 'Меню', NULL, NULL, NULL, NULL, '/menu', NULL, '2017-05-28 16:08:00', '2017-05-28 23:40:55', '1a03131d-cf22-4a97-9cea-96ff4da5ecc8'),
 ('6', '6', 'ru_ru', 'Фотогалерея', NULL, NULL, NULL, NULL, '/gallery', NULL, '2017-05-28 16:08:15', '2017-05-28 23:41:11', '7735b14f-86b4-4260-b477-6d0074d18d56'),
 ('7', '7', 'ru_ru', 'Контакты', NULL, NULL, NULL, NULL, '/contact', NULL, '2017-05-28 16:08:35', '2017-05-28 23:41:21', '722f4eb4-5aa8-4f02-b4df-4c47346c4db9'),
 ('8', '8', 'ru_ru', 'Отзывы', NULL, NULL, NULL, NULL, '/reviews', NULL, '2017-05-28 16:08:43', '2017-05-28 23:41:31', '4df0a108-cfd4-4f6e-afe0-120a7b6266a4'),
 ('9', '9', 'ru_ru', 'Основное меню', NULL, NULL, NULL, NULL, NULL, NULL, '2017-05-28 16:10:53', '2017-06-02 08:50:15', '48b74a32-665b-43f8-938f-35b56be9ed31'),
 ('12', '12', 'ru_ru', 'Барное меню', NULL, NULL, NULL, NULL, NULL, NULL, '2017-05-28 18:37:08', '2017-06-05 23:42:03', 'f2e00100-4c62-4e22-a100-b68f1a267142'),
 ('43', '43', 'ru_ru', 'Vee6161 2 3 Tonemapped', NULL, NULL, NULL, NULL, NULL, NULL, '2017-05-28 21:13:36', '2017-05-28 21:13:36', '5235b932-8298-4029-897f-820c7dabcf16'),
 ('44', '44', 'ru_ru', 'Vee6460', NULL, NULL, NULL, NULL, NULL, NULL, '2017-05-28 21:13:37', '2017-05-28 21:13:37', '09bb9798-5ba1-41b9-b3ed-fcf82607aede'),
 ('45', '45', 'ru_ru', 'Vee6676', NULL, NULL, NULL, NULL, NULL, NULL, '2017-05-28 21:13:37', '2017-05-28 21:13:37', '35465e5d-6549-48ea-8a84-2276b36e84d8'),
 ('46', '46', 'ru_ru', 'Vee6804 5 6 Tonemapped', NULL, NULL, NULL, NULL, NULL, NULL, '2017-05-28 21:13:37', '2017-05-28 21:13:37', 'd54a0b3f-c1fd-48f8-aeff-246fd0eb69e3'),
 ('47', '47', 'ru_ru', 'Vee6914 5 6 Tonemapped', NULL, NULL, NULL, NULL, NULL, NULL, '2017-05-28 21:13:37', '2017-05-28 21:13:37', '1c859cf0-8c5b-4970-b37f-ac68156c8ec7'),
 ('48', '48', 'ru_ru', '1', NULL, NULL, NULL, NULL, NULL, NULL, '2017-05-28 21:13:37', '2017-05-28 21:13:37', 'a551c84d-8f17-490d-b723-1ee44b3a4c19'),
 ('49', '49', 'ru_ru', '3', NULL, NULL, NULL, NULL, NULL, NULL, '2017-05-28 21:13:38', '2017-05-28 21:13:38', '40ffe30a-036f-4a40-89f8-1ea6d8e5985b'),
 ('50', '50', 'ru_ru', '4', NULL, NULL, NULL, NULL, NULL, NULL, '2017-05-28 21:13:38', '2017-05-28 21:13:38', '4df709d8-d4bc-4524-a45f-edc8408d70a4'),
 ('51', '51', 'ru_ru', 'Мы открылись!', NULL, 'Фотографии интерьера', NULL, NULL, NULL, NULL, '2017-05-28 21:14:16', '2017-05-31 03:01:58', '3908e429-aa00-4415-9651-ea6ebfe62ae3'),
 ('52', '53', 'ru_ru', NULL, NULL, NULL, 'г. Москва, ул. Большая Пироговская, д.37 (м. Спортивная)', NULL, NULL, NULL, '2017-05-28 21:25:58', '2017-05-28 21:37:00', '369e1cd6-678a-400e-a0e0-0bce7e9876c6'),
 ('53', '54', 'ru_ru', NULL, NULL, NULL, '+74992482497', '+7 (499) 248-24-97', NULL, NULL, '2017-05-28 21:26:17', '2017-05-29 11:11:55', '4e28846f-1d98-425c-a1ea-813a01618c97'),
 ('54', '55', 'ru_ru', NULL, NULL, NULL, '+79776474753', '+7 (977) 647-47-53', NULL, NULL, '2017-05-28 21:26:32', '2017-05-29 11:12:24', '45f5e778-2f2b-4fc5-bae4-7abd377a6b78'),
 ('55', '56', 'ru_ru', NULL, NULL, NULL, 'info@bergstein.bar', NULL, NULL, NULL, '2017-05-28 21:26:47', '2017-05-28 21:32:37', 'a0320e0d-05f3-4afe-81d5-6062d266939a'),
 ('56', '57', 'ru_ru', NULL, NULL, NULL, NULL, '<script type=\"text/javascript\" charset=\"utf-8\" async src=\"https://api-maps.yandex.ru/services/constructor/1.0/js/?um=constructor%3A3e2732d058ff544a8fe8ed510c5352f15b167c7730b8673c26d246cd8a8ba5b8&amp;width=100%25&amp;height=400&amp;lang=ru_RU&amp;scroll=true\"></script>', NULL, NULL, '2017-05-28 21:28:01', '2017-06-02 08:12:06', '37252389-6012-42fe-a844-0794bd50f0d2'),
 ('57', '58', 'ru_ru', NULL, NULL, NULL, 'Ежедневно с 12:00 до 00:00', NULL, NULL, NULL, '2017-05-28 21:28:37', '2017-06-04 15:46:39', '44348b93-5cb1-41ed-b35f-993cea90ac1e'),
 ('58', '59', 'ru_ru', 'Мы открылись!', NULL, 'Ознакомьтесь с новым меню', NULL, NULL, NULL, NULL, '2017-05-28 23:00:11', '2017-05-31 03:01:28', '77fc0571-1e46-433e-8468-1409f349e2cc'),
 ('59', '61', 'ru_ru', 'Новости', NULL, NULL, NULL, NULL, '/news', NULL, '2017-05-28 23:44:43', '2017-05-28 23:44:43', '2e02bdc4-78a9-427b-b44d-0925aa64b57f'),
 ('60', '62', 'ru_ru', 'Tasty Spotlight Cheese', NULL, NULL, NULL, NULL, NULL, NULL, '2017-05-29 01:17:17', '2017-05-29 01:17:17', '6752b477-96fc-43fc-9f6a-a6d604c4218b'),
 ('61', '67', 'ru_ru', 'Крафтовое пиво от пивоварен Jaws, Konyx, Brew Dog, De Molen', '<p>Крафтовое - Ремесленное пивоварение — это процесс производства пива небольшими, независимыми организациями, которые придерживаются традиционных рецептов. Данный термин пришёл из США, английское слово англ. craft означает ремесло, профессия, поэтому дословно англ. craft brewer можно перевести как ремесленный пивовар. Крафтовые пивовары - небольшие независимые производители, которые варят качественное пиво с насыщенным вкусом и постоянно эксперементируют комбинируя стили и ингредиенты со всего мира в своей продукции.</p>', NULL, NULL, NULL, NULL, NULL, '2017-05-29 01:40:46', '2017-06-06 13:03:30', '3af81a97-0caf-4fc9-bbed-244be01dd281'),
 ('62', '68', 'ru_ru', 'Новое меню', '<p>Новое летнее меню. Чизбургер с олениной, ассорти из вяленого мяса оленя, утиная грудка по - швейцарски, три новых салата с телятиной, уткой, сыром дор-блю и пикантное мясо на сковороде по-таёжному. Гиннесс 0,5 за 296 рублей каждый четверг и воскресенье в ресторане Бергштайн.</p>', NULL, NULL, NULL, NULL, NULL, '2017-05-29 01:41:02', '2017-05-31 02:55:00', 'df54c1d6-bb4f-4924-81b7-13cd36893dc3'),
 ('63', '69', 'ru_ru', 'Special 1', NULL, NULL, NULL, NULL, NULL, NULL, '2017-05-29 01:53:39', '2017-05-29 01:53:39', '7efbd6c4-497e-44b6-854e-8d7d621274c5'),
 ('64', '70', 'ru_ru', 'Контакты', NULL, NULL, NULL, NULL, NULL, 'Свяжитесь с нами, если у вас остались вопросы', '2017-05-29 23:56:22', '2017-05-30 15:21:16', '746e75cb-0c9a-46f1-ad0c-74fbf713f38c'),
 ('65', '71', 'ru_ru', 'Отзывы', NULL, NULL, NULL, NULL, NULL, 'Мы совершенствуемся ради Вас. Пожалуйста оставьте отзыв с предложениями и замечаниями', '2017-05-29 23:56:40', '2017-05-30 15:11:33', '9ad5ef64-9e4b-4138-b5d3-a6e2594feb39'),
 ('66', '72', 'ru_ru', 'Фотогалерея', NULL, NULL, NULL, NULL, NULL, 'Фотографии интерьера и прошедших мероприятий', '2017-05-29 23:56:56', '2017-06-06 17:39:26', 'd5591fc8-1ad2-4c90-859f-12824fb0e5d2'),
 ('67', '73', 'ru_ru', 'Bg Image 12', NULL, NULL, NULL, NULL, NULL, NULL, '2017-05-30 15:07:24', '2017-05-30 15:07:24', 'a11ee320-da5c-40d9-836f-1e342e95bfa5'),
 ('68', '74', 'ru_ru', 'Vee6161 2 3 Tonemapped', NULL, NULL, NULL, NULL, NULL, NULL, '2017-05-30 20:30:43', '2017-06-06 17:38:39', '4386b2c2-92e4-4d30-8a8d-2ed944874a0d'),
 ('69', '75', 'ru_ru', 'Vee6460', NULL, NULL, NULL, NULL, NULL, NULL, '2017-05-30 20:30:44', '2017-06-06 17:38:39', 'cd58d642-3aea-4ac3-8c46-63b67893e214'),
 ('70', '76', 'ru_ru', 'Vee6676', NULL, NULL, NULL, NULL, NULL, NULL, '2017-05-30 20:30:44', '2017-06-06 17:38:39', '0a298f90-a960-40b5-a6c8-fd4136fdd6cb'),
 ('71', '77', 'ru_ru', 'Vee6804 5 6 Tonemapped', NULL, NULL, NULL, NULL, NULL, NULL, '2017-05-30 20:30:45', '2017-06-06 17:38:39', '20f4e0bf-b944-4d7f-9980-e1243885186c'),
 ('72', '78', 'ru_ru', 'Vee6914 5 6 Tonemapped', NULL, NULL, NULL, NULL, NULL, NULL, '2017-05-30 20:30:45', '2017-06-06 17:38:39', 'fe171d5d-8a58-49e9-b863-be472258aea0'),
 ('73', '79', 'ru_ru', '1', NULL, NULL, NULL, NULL, NULL, NULL, '2017-05-30 20:30:45', '2017-06-06 17:38:35', '771f194f-8196-4ba9-be71-0752ee2f4e9c'),
 ('74', '80', 'ru_ru', '3', NULL, NULL, NULL, NULL, NULL, NULL, '2017-05-30 20:30:45', '2017-06-06 17:38:35', 'd0156f66-e76d-4112-88f1-c9053c7db01c'),
 ('75', '81', 'ru_ru', '4', NULL, NULL, NULL, NULL, NULL, NULL, '2017-05-30 20:30:46', '2017-06-06 17:38:35', 'c8aac2b9-c838-4764-a338-cb7126d4e571'),
 ('76', '82', 'ru_ru', 'новинки', NULL, NULL, NULL, NULL, NULL, NULL, '2017-05-30 20:43:57', '2017-05-30 20:43:57', '64915737-0b34-416b-84ef-d1a1aab04750'),
 ('77', '83', 'ru_ru', 'скидки', NULL, NULL, NULL, NULL, NULL, NULL, '2017-05-30 20:44:01', '2017-05-30 20:44:01', '43976eb0-54ad-4e95-a939-9277e3584666'),
 ('78', '84', 'ru_ru', 'купоны', NULL, NULL, NULL, NULL, NULL, NULL, '2017-05-30 20:44:05', '2017-05-30 20:44:05', 'e8296f7c-4b93-4b9f-a008-8f227a09eb15'),
 ('79', '85', 'ru_ru', 'трансл', NULL, NULL, NULL, NULL, NULL, NULL, '2017-05-30 20:44:10', '2017-05-30 20:44:10', '96296b44-cc3e-4413-b432-f659f99280c8'),
 ('80', '86', 'ru_ru', 'трансляции', NULL, NULL, NULL, NULL, NULL, NULL, '2017-05-30 20:44:19', '2017-05-30 20:44:19', '6eef03c3-f081-4f85-9aea-c951f8d14569'),
 ('84', '90', 'ru_ru', 'Food 1', NULL, NULL, NULL, NULL, NULL, NULL, '2017-05-31 00:49:34', '2017-05-31 00:56:57', '8f4cd099-ecd9-41b7-b410-46ffb52a75b8'),
 ('85', '91', 'ru_ru', 'Food 2', NULL, NULL, NULL, NULL, NULL, NULL, '2017-05-31 00:56:57', '2017-05-31 00:56:57', '206c6e91-8927-4958-b334-afc396af8f55'),
 ('86', '92', 'ru_ru', 'Food 3', NULL, NULL, NULL, NULL, NULL, NULL, '2017-05-31 00:56:57', '2017-05-31 00:56:57', 'f80586c1-c7cb-4a08-9725-7baf701a7b19'),
 ('87', '93', 'ru_ru', 'Food 4', NULL, NULL, NULL, NULL, NULL, NULL, '2017-05-31 00:56:57', '2017-05-31 00:56:57', '4e263394-391d-4125-b53b-ea7be92762d2'),
 ('88', '94', 'ru_ru', 'Food 5', NULL, NULL, NULL, NULL, NULL, NULL, '2017-05-31 00:56:57', '2017-05-31 00:56:57', '7ca71120-c885-43d2-b089-c4cb121f953b'),
 ('89', '95', 'ru_ru', 'Food 6', NULL, NULL, NULL, NULL, NULL, NULL, '2017-05-31 00:56:57', '2017-05-31 00:56:57', '1e89fc58-f172-4993-b3ab-1fabd9293399'),
 ('90', '96', 'ru_ru', 'Utleie', NULL, NULL, NULL, NULL, NULL, NULL, '2017-05-31 02:45:25', '2017-05-31 02:45:25', '69910307-5d5c-4b5d-9dea-2a7a291351ca'),
 ('91', '97', 'ru_ru', 'Beer Back', NULL, NULL, NULL, NULL, NULL, NULL, '2017-05-31 02:47:05', '2017-05-31 02:47:05', '3c05c5b2-c850-48d0-b07c-4429cb3e707a'),
 ('92', '98', 'ru_ru', 'Woocommerce Coupon Tracking Addon', NULL, NULL, NULL, NULL, NULL, NULL, '2017-05-31 02:49:32', '2017-05-31 02:49:32', '80440a6f-4885-4fca-accd-bffa910a7f12'),
 ('93', '99', 'ru_ru', '162F8F90C9897B80D23Fcdcfc4E4036A', NULL, NULL, NULL, NULL, NULL, NULL, '2017-05-31 02:49:57', '2017-05-31 02:49:57', '30607867-8fd1-4d35-ba69-737788b20fd0'),
 ('94', '100', 'ru_ru', 'Crispy Duck Salad Green Beans Super Jumbo', NULL, NULL, NULL, NULL, NULL, NULL, '2017-05-31 02:53:32', '2017-05-31 02:53:32', 'b6cde4c7-99da-4e22-b352-33b162574268'),
 ('95', '101', 'ru_ru', 'Krab Kamchatca', NULL, NULL, NULL, NULL, NULL, NULL, '2017-05-31 02:56:58', '2017-05-31 02:56:58', 'ee33c991-2594-4fbc-8b21-ec714cacb02d'),
 ('96', '102', 'ru_ru', 'В меню появился камчатский краб', '<p>На выбор клешни, плечо и кулаки! Химический состав краба камчатского содержит витамины группы А, В, С, а также РР. Помимо того, краб камчатский обогащен значительным количеством цинка, селена, калия, магния, кальция, железа, а также фосфора и натрия.</p>', NULL, NULL, NULL, NULL, NULL, '2017-05-31 02:57:01', '2017-05-31 02:57:01', '34a3a9ee-3c65-40c5-8770-3dc876d9f42f'),
 ('97', '103', 'ru_ru', 'Beer 1', NULL, NULL, NULL, NULL, NULL, NULL, '2017-05-31 03:00:07', '2017-05-31 03:00:07', 'bfbd2a09-6d61-4071-9636-0b3dc4415627'),
 ('98', '104', 'ru_ru', NULL, NULL, NULL, NULL, '<!-- Yandex.Metrika counter --> <script type=\"text/javascript\"> (function (d, w, c) { (w[c] = w[c] || []).push(function() { try { w.yaCounter44856604 = new Ya.Metrika({ id:44856604, clickmap:true, trackLinks:true, accurateTrackBounce:true, webvisor:true, trackHash:true }); } catch(e) { } }); var n = d.getElementsByTagName(\"script\")[0], s = d.createElement(\"script\"), f = function () { n.parentNode.insertBefore(s, n); }; s.type = \"text/javascript\"; s.async = true; s.src = \"https://mc.yandex.ru/metrika/watch.js\"; if (w.opera == \"[object Opera]\") { d.addEventListener(\"DOMContentLoaded\", f, false); } else { f(); } })(document, window, \"yandex_metrika_callbacks\"); </script> <noscript><div><img src=\"https://mc.yandex.ru/watch/44856604\" style=\"position:absolute; left:-9999px;\" alt=\"\" /></div></noscript> <!-- /Yandex.Metrika counter --><script>   (function(i,s,o,g,r,a,m){i[\'GoogleAnalyticsObject\']=r;i[r]=i[r]||function(){   (i[r].q=i[r].q||[]).push(arguments)},i[r].l=1*new Date();a=s.createElement(o),   m=s.getElementsByTagName(o)[0];a.async=1;a.src=g;m.parentNode.insertBefore(a,m)   })(window,document,\'script\',\'https://www.google-analytics.com/analytics.js\',\'ga\');    ga(\'create\', \'UA-27028673-76\', \'auto\');   ga(\'send\', \'pageview\');  </script>', NULL, NULL, '2017-06-02 08:07:37', '2017-06-02 08:12:01', '5d03cbe0-020e-4cb2-96c3-ee5b4e18616e'),
 ('99', '105', 'ru_ru', 'Мы открылись!', NULL, 'Фотографии интерьера', NULL, NULL, NULL, NULL, '2017-06-02 08:14:49', '2017-06-02 08:15:31', 'bdf6d282-0687-4879-9653-f19d92730a48'),
 ('100', '107', 'ru_ru', 'Мы открылись!', NULL, 'Фотографии интерьера', NULL, NULL, NULL, NULL, '2017-06-02 08:14:52', '2017-06-02 08:15:45', '3598e9a3-710e-4de1-9c72-b033eb66da84'),
 ('101', '109', 'ru_ru', 'Мы открылись!', NULL, 'Фотографии интерьера', NULL, NULL, NULL, NULL, '2017-06-02 08:14:54', '2017-06-02 08:15:53', '2580747f-4da3-4259-8451-5ad44dedfa18'),
 ('102', '111', 'ru_ru', 'Мы открылись!', NULL, 'Ознакомьтесь с новым меню', NULL, NULL, NULL, NULL, '2017-06-02 08:16:02', '2017-06-02 08:16:22', '62d05b9c-c68b-475e-82c1-305278ddea93'),
 ('103', '113', 'ru_ru', 'Мы открылись!', NULL, 'Ознакомьтесь с новым меню', NULL, NULL, NULL, NULL, '2017-06-02 08:16:04', '2017-06-02 08:16:32', 'f8363f0c-71bd-401f-88d3-372ffbe94cbe'),
 ('104', '115', 'ru_ru', 'Мы открылись!', NULL, 'Ознакомьтесь с новым меню', NULL, NULL, NULL, NULL, '2017-06-02 08:16:06', '2017-06-02 08:16:42', '1b8b67a0-df71-45df-a554-dbed8846b451'),
 ('105', '117', 'ru_ru', NULL, NULL, NULL, NULL, '#', NULL, NULL, '2017-06-02 08:34:39', '2017-06-02 08:35:26', '674469cf-5520-487c-bf4e-fe5e00327312'),
 ('106', '118', 'ru_ru', NULL, NULL, NULL, NULL, '#', NULL, NULL, '2017-06-02 08:34:56', '2017-06-02 08:35:24', '957cbdab-c6f9-496d-bfef-4aea7f2c69c7'),
 ('107', '119', 'ru_ru', 'Cuba Libre1 780X780', NULL, NULL, NULL, NULL, NULL, NULL, '2017-06-02 09:36:07', '2017-06-02 09:36:07', '2bc29858-dbc0-4321-8731-1ef5643d3bb0'),
 ('108', '120', 'ru_ru', '142249951', NULL, NULL, NULL, NULL, NULL, NULL, '2017-06-02 09:36:38', '2017-06-02 09:36:38', '89e07936-cc1b-4d92-a079-35044ffded47'),
 ('109', '121', 'ru_ru', 'Пиво разливное (500 мл.)', NULL, NULL, NULL, NULL, NULL, NULL, '2017-06-05 18:17:00', '2017-06-07 01:19:00', 'd9b268fd-02d1-430a-bd1d-c77502b1bbed'),
 ('110', '130', 'ru_ru', 'Крафтовое пиво бочковое (500 мл.)', NULL, NULL, NULL, NULL, NULL, NULL, '2017-06-05 18:25:50', '2017-06-05 21:12:18', '79963aaf-8c44-4eca-b142-ab4b8406bd23'),
 ('111', '133', 'ru_ru', 'Крафтовое пиво бутылочное (500 мл.)', NULL, NULL, NULL, NULL, NULL, NULL, '2017-06-05 18:29:10', '2017-06-05 21:12:30', '240b74e6-3aaa-42dd-89b0-d10bbf80b91c'),
 ('112', '138', 'ru_ru', 'Коктейли', NULL, NULL, NULL, NULL, NULL, NULL, '2017-06-05 18:41:04', '2017-06-07 01:34:14', '1a6b7f37-b017-4764-9caf-0117dbe10418'),
 ('113', '162', 'ru_ru', 'Водка (50 мл.)', NULL, NULL, NULL, NULL, NULL, NULL, '2017-06-05 18:43:53', '2017-06-05 21:06:10', 'e44f5cf9-1e92-4390-98b4-c1c6e8c106ce'),
 ('114', '169', 'ru_ru', 'Виски/Коньяк<br>(50 мл.)', NULL, NULL, NULL, NULL, NULL, NULL, '2017-06-05 18:48:22', '2017-06-07 01:38:10', '672f2543-8cc1-492c-891b-5786843cf3b4'),
 ('115', '179', 'ru_ru', 'Ром/Текила/Джин (50 мл.)', NULL, NULL, NULL, NULL, NULL, NULL, '2017-06-05 18:52:50', '2017-06-05 23:20:02', 'acfa4a1c-fe5b-47a2-80b2-460745c9067f'),
 ('116', '186', 'ru_ru', 'Настойки/Ликеры (50 мл.)', NULL, NULL, NULL, NULL, NULL, NULL, '2017-06-05 18:57:03', '2017-06-05 23:20:15', '2c03b321-88d1-48eb-8ccb-8556eeec72bf'),
 ('117', '193', 'ru_ru', 'Игристое вино (бут.)', NULL, NULL, NULL, NULL, NULL, NULL, '2017-06-05 18:59:41', '2017-06-05 23:21:17', 'c4c266ed-ba22-47dd-a8d1-f41130a11910'),
 ('118', '197', 'ru_ru', 'Белое вино (бут.)', NULL, NULL, NULL, NULL, NULL, NULL, '2017-06-05 19:02:47', '2017-06-05 23:21:29', '4780f9fa-8807-4d7b-a270-363c228dc4b1'),
 ('119', '202', 'ru_ru', 'Красное вино (бут.)', NULL, NULL, NULL, NULL, NULL, NULL, '2017-06-05 19:05:21', '2017-06-05 23:21:42', 'f5df4c8b-58d7-46ac-a8e9-7e1a7bf720f7'),
 ('120', '207', 'ru_ru', 'Горячие алкогольные напитки (200 мл.)', NULL, NULL, NULL, NULL, NULL, NULL, '2017-06-05 19:06:40', '2017-06-05 23:22:03', '663659c3-731f-40b5-aa36-58f2bc88aa5e'),
 ('121', '210', 'ru_ru', 'Безалкогольные коктейли (300 мл.)', NULL, NULL, NULL, NULL, NULL, NULL, '2017-06-05 19:07:55', '2017-06-05 23:22:26', '55817a0f-5a8f-4fd6-8142-bef65964cadd'),
 ('122', '214', 'ru_ru', 'Домашний лимонад<br>(330 мл.)', NULL, NULL, NULL, NULL, NULL, NULL, '2017-06-05 19:09:10', '2017-06-07 01:37:21', '9811e11f-616c-4d04-a73e-ee65492ec728'),
 ('123', '216', 'ru_ru', 'Соки свежевыжатые<br>(200 мл.)', NULL, NULL, NULL, NULL, NULL, NULL, '2017-06-05 19:10:26', '2017-06-07 01:37:02', '67848fe4-585c-4990-b415-fac9b5e7339b'),
 ('124', '220', 'ru_ru', 'Напитки', NULL, NULL, NULL, NULL, NULL, NULL, '2017-06-05 19:16:32', '2017-06-05 23:23:29', '120085af-1c2a-40f6-9502-b202fe7718b3'),
 ('125', '230', 'ru_ru', 'Чай (400 мл.)/Кофе', NULL, NULL, NULL, NULL, NULL, NULL, '2017-06-05 19:22:12', '2017-06-05 23:23:44', 'cda8b0f8-4153-469e-ae09-9991aa046f51'),
 ('126', '239', 'ru_ru', 'Пивная тема', NULL, NULL, NULL, NULL, NULL, NULL, '2017-06-05 20:02:36', '2017-06-05 20:21:02', 'b30bc9db-6a34-40a8-8810-683b8692423c'),
 ('127', '240', 'ru_ru', 'Закуски', NULL, NULL, NULL, NULL, NULL, NULL, '2017-06-05 20:02:52', '2017-06-05 23:40:49', '107cf7e7-9770-4031-aecb-5dbfe7e17568'),
 ('128', '241', 'ru_ru', 'Супы (250 мл.)', NULL, NULL, NULL, NULL, NULL, NULL, '2017-06-05 20:03:19', '2017-06-05 20:21:11', '5e58a314-9664-4795-91f7-a126c59c5e38'),
 ('129', '242', 'ru_ru', 'Паста (290/20)', NULL, NULL, NULL, NULL, NULL, NULL, '2017-06-05 20:04:47', '2017-06-05 20:22:16', '0aa3c727-258a-44d5-8068-875ddd079470'),
 ('130', '243', 'ru_ru', 'Салаты', NULL, NULL, NULL, NULL, NULL, NULL, '2017-06-05 20:05:46', '2017-06-05 23:41:00', 'd3228725-a9ac-4807-965e-07c6eebe8b06'),
 ('131', '244', 'ru_ru', 'Горячие блюда', NULL, NULL, NULL, NULL, NULL, NULL, '2017-06-05 20:06:09', '2017-06-05 23:41:15', '22c3187e-3822-40e3-9071-2c35a4aa063a'),
 ('132', '245', 'ru_ru', 'Блюда на сковороде', NULL, NULL, NULL, NULL, NULL, NULL, '2017-06-05 20:06:33', '2017-06-05 23:41:23', '901e7a32-2a75-4a50-9a58-f48bce32bdd9'),
 ('133', '246', 'ru_ru', 'Гарниры (150/50)', NULL, NULL, NULL, NULL, NULL, NULL, '2017-06-05 20:07:07', '2017-06-05 23:41:35', '209c43ac-96ed-4179-91ca-03848c7331c5'),
 ('134', '247', 'ru_ru', 'Десерты (собственного приготовления)', NULL, NULL, NULL, NULL, NULL, NULL, '2017-06-05 20:08:06', '2017-06-05 20:22:06', '883a9f00-fe83-486d-8514-e6f8795b111b'),
 ('135', '248', 'ru_ru', 'Пицца', NULL, NULL, NULL, NULL, NULL, NULL, '2017-06-05 20:21:25', '2017-06-05 20:21:39', '981146f4-445e-4bb5-be98-28c7c67999ac'),
 ('136', '249', 'ru_ru', 'Bigstock Variety Of Alcoholic Drinks Be 61227248 817X560', NULL, NULL, NULL, NULL, NULL, NULL, '2017-06-05 20:24:01', '2017-06-05 20:24:01', 'e8f0f531-7499-4532-b3e2-40a8758ec0b4');
INSERT INTO `brgsh_content` (`id`, `elementId`, `locale`, `title`, `field_body`, `field_sliderDescription`, `field_textFormatted`, `field_textUnformatted`, `field_mainMenuLink`, `field_slogan`, `dateCreated`, `dateUpdated`, `uid`) VALUES
 ('137', '250', 'ru_ru', '941Eb76Df5E128Bd789Fa154Ac5F0Beb', NULL, NULL, NULL, NULL, NULL, NULL, '2017-06-05 20:25:44', '2017-06-05 20:25:44', '65fc2c30-c275-4dc0-995a-25c22600e209'),
 ('138', '251', 'ru_ru', 'Vodka', NULL, NULL, NULL, NULL, NULL, NULL, '2017-06-05 21:06:07', '2017-06-05 21:06:07', '62644c21-8b89-4499-8cf4-8b3508821abe'),
 ('139', '252', 'ru_ru', 'Kokteyli', NULL, NULL, NULL, NULL, NULL, NULL, '2017-06-05 21:06:20', '2017-06-05 21:06:20', '0d39b6ae-ebfe-4ad9-9cf3-1bb383853116'),
 ('140', '253', 'ru_ru', 'Whisky', NULL, NULL, NULL, NULL, NULL, NULL, '2017-06-05 21:07:50', '2017-06-05 21:07:50', 'e42ab4f2-aec2-4582-a4d7-0da2e07811c1'),
 ('141', '254', 'ru_ru', 'Beer1', NULL, NULL, NULL, NULL, NULL, NULL, '2017-06-05 21:12:04', '2017-06-05 21:12:04', '4e20370d-2458-4056-b3e9-4f0c7bcb7d30'),
 ('142', '255', 'ru_ru', 'Beer2', NULL, NULL, NULL, NULL, NULL, NULL, '2017-06-05 21:12:16', '2017-06-05 21:12:16', 'b0bb17ba-48b1-46d8-99d9-1e8453da6b89'),
 ('143', '256', 'ru_ru', 'Craft', NULL, NULL, NULL, NULL, NULL, NULL, '2017-06-05 21:12:28', '2017-06-05 21:12:28', '742f1617-f2d4-4d0e-b512-c940941ac662'),
 ('144', '257', 'ru_ru', 'Rum', NULL, NULL, NULL, NULL, NULL, NULL, '2017-06-05 23:19:59', '2017-06-05 23:19:59', 'e7dff1d4-47bd-4189-89c0-fa895e41ec16'),
 ('145', '258', 'ru_ru', 'Liq', NULL, NULL, NULL, NULL, NULL, NULL, '2017-06-05 23:20:12', '2017-06-05 23:20:12', '051da39c-86fc-4a22-ab92-22ef005b7f18'),
 ('146', '259', 'ru_ru', 'Champ', NULL, NULL, NULL, NULL, NULL, NULL, '2017-06-05 23:21:14', '2017-06-05 23:21:14', '3ca15843-5fc8-49d3-9945-6c0e7511bdb1'),
 ('147', '260', 'ru_ru', 'White Wine', NULL, NULL, NULL, NULL, NULL, NULL, '2017-06-05 23:21:27', '2017-06-05 23:21:27', '79bc9283-19e7-4977-b24e-858ae62be70a'),
 ('148', '261', 'ru_ru', 'Red Wine', NULL, NULL, NULL, NULL, NULL, NULL, '2017-06-05 23:21:39', '2017-06-05 23:21:39', '1377b004-c601-4dda-a91a-e8c462d47a66'),
 ('149', '262', 'ru_ru', 'Hot', NULL, NULL, NULL, NULL, NULL, NULL, '2017-06-05 23:21:59', '2017-06-05 23:21:59', 'fe35f09a-41c2-472f-885f-410ce39b5c4b'),
 ('150', '263', 'ru_ru', 'Drinks3', NULL, NULL, NULL, NULL, NULL, NULL, '2017-06-05 23:22:22', '2017-06-05 23:22:22', '21e33782-b7f6-4b6c-807f-da5b07b2e9cb'),
 ('151', '264', 'ru_ru', 'Limo', NULL, NULL, NULL, NULL, NULL, NULL, '2017-06-05 23:22:39', '2017-06-05 23:22:39', '43b4e9cb-3796-4a15-9c3e-3301a3e50796'),
 ('152', '265', 'ru_ru', 'Drinks2', NULL, NULL, NULL, NULL, NULL, NULL, '2017-06-05 23:23:03', '2017-06-05 23:23:03', '1e82acf6-abbc-44df-b31a-df8656b5903a'),
 ('153', '266', 'ru_ru', 'Drinks', NULL, NULL, NULL, NULL, NULL, NULL, '2017-06-05 23:23:19', '2017-06-05 23:23:19', 'e18403c3-ae5f-428a-b936-2e7d45ce1bdb'),
 ('154', '267', 'ru_ru', 'Tea', NULL, NULL, NULL, NULL, NULL, NULL, '2017-06-05 23:23:41', '2017-06-05 23:23:41', 'b223213f-8397-48ad-947e-a79a8e3091b1'),
 ('155', '268', 'ru_ru', 'Zakuski', NULL, NULL, NULL, NULL, NULL, NULL, '2017-06-05 23:40:46', '2017-06-05 23:40:46', 'd92b0898-dda1-4e53-aa85-52228a723d20'),
 ('156', '269', 'ru_ru', 'Salad', NULL, NULL, NULL, NULL, NULL, NULL, '2017-06-05 23:40:58', '2017-06-05 23:40:58', 'b4614b4e-06d7-41c3-b925-ef5a1a83b716'),
 ('157', '270', 'ru_ru', 'Hot Meal', NULL, NULL, NULL, NULL, NULL, NULL, '2017-06-05 23:41:08', '2017-06-05 23:41:08', '02071989-ea1a-45bf-af39-929cfc62c7fa'),
 ('158', '271', 'ru_ru', 'Pan', NULL, NULL, NULL, NULL, NULL, NULL, '2017-06-05 23:41:21', '2017-06-05 23:41:21', 'ac438e26-a51f-4c36-a6e5-c020db057e66'),
 ('159', '272', 'ru_ru', 'Garnish', NULL, NULL, NULL, NULL, NULL, NULL, '2017-06-05 23:41:33', '2017-06-05 23:41:33', 'ace4b7b4-8df6-41bc-aa27-2ed71505052f'),
 ('160', '273', 'ru_ru', 'Alcohol', NULL, NULL, NULL, NULL, NULL, NULL, '2017-06-05 23:42:00', '2017-06-05 23:42:00', '8c44ba81-40bf-4fb1-bffe-7eedec465f9e'),
 ('161', '274', 'ru_ru', '1B0C212739Ad93F9Ed95469175546449', NULL, NULL, NULL, NULL, NULL, NULL, '2017-06-06 17:38:35', '2017-06-06 17:38:35', '24c57f8c-db17-4555-8f4f-e44f7aeee09b'),
 ('162', '275', 'ru_ru', '10F92F1C208D3C5898D0Afcb0Fc8Bb31', NULL, NULL, NULL, NULL, NULL, NULL, '2017-06-06 17:38:35', '2017-06-06 17:38:35', '5a857a0e-1760-4e35-bf25-d17af0a4b104'),
 ('163', '276', 'ru_ru', '434Fa506Aca537001A0Bf0Afd88716Da', NULL, NULL, NULL, NULL, NULL, NULL, '2017-06-06 17:38:35', '2017-06-06 17:38:35', 'd43a5881-29f1-4f46-8775-66edb43c26b1'),
 ('164', '277', 'ru_ru', '59734', NULL, NULL, NULL, NULL, NULL, NULL, '2017-06-06 17:38:36', '2017-06-06 17:38:36', '51e4882c-7a16-4c30-92c1-c795bf1eca87'),
 ('165', '278', 'ru_ru', '59740', NULL, NULL, NULL, NULL, NULL, NULL, '2017-06-06 17:38:36', '2017-06-06 17:38:36', '47de5e42-a289-4781-b79f-de119d51da3d'),
 ('166', '279', 'ru_ru', '678F30A355Bb56223F4993D54A6A886F', NULL, NULL, NULL, NULL, NULL, NULL, '2017-06-06 17:38:36', '2017-06-06 17:38:36', 'e0f93666-37f9-422d-9107-9c2a00cbd79c'),
 ('167', '280', 'ru_ru', '7A230C5Ffa387Cfa5B78', NULL, NULL, NULL, NULL, NULL, NULL, '2017-06-06 17:38:36', '2017-06-06 17:38:36', '0fe54681-f5d3-479f-9423-6a92683b9a90'),
 ('168', '281', 'ru_ru', '829688', NULL, NULL, NULL, NULL, NULL, NULL, '2017-06-06 17:38:36', '2017-06-06 17:38:36', 'a9d12e0e-f6c0-4f19-824d-bb0d481f725d'),
 ('169', '282', 'ru_ru', '829689', NULL, NULL, NULL, NULL, NULL, NULL, '2017-06-06 17:38:36', '2017-06-06 17:38:36', '28f7ad3f-08e7-47f1-a5af-f33b380b01cf'),
 ('170', '283', 'ru_ru', '829690', NULL, NULL, NULL, NULL, NULL, NULL, '2017-06-06 17:38:36', '2017-06-06 17:38:36', '86173c05-fd45-4ee6-898d-d7802e6448c2'),
 ('171', '284', 'ru_ru', '829692', NULL, NULL, NULL, NULL, NULL, NULL, '2017-06-06 17:38:36', '2017-06-06 17:38:37', 'f01d589f-10af-4523-83bc-70d484620589'),
 ('172', '285', 'ru_ru', '829693', NULL, NULL, NULL, NULL, NULL, NULL, '2017-06-06 17:38:37', '2017-06-06 17:38:37', '1732eb0a-21fb-4b8f-b4ad-3d942910876a'),
 ('173', '286', 'ru_ru', '829694', NULL, NULL, NULL, NULL, NULL, NULL, '2017-06-06 17:38:37', '2017-06-06 17:38:37', '7e753fd1-9a60-42e1-89ee-9536f6adf341'),
 ('174', '287', 'ru_ru', '829695', NULL, NULL, NULL, NULL, NULL, NULL, '2017-06-06 17:38:37', '2017-06-06 17:38:37', '0c6d6dea-c054-4cf4-a0f0-2f383e4f6a4a'),
 ('175', '288', 'ru_ru', '829697', NULL, NULL, NULL, NULL, NULL, NULL, '2017-06-06 17:38:37', '2017-06-06 17:38:37', '264cf454-bd8f-4141-be01-51dd7a5f3b45'),
 ('176', '289', 'ru_ru', '829698', NULL, NULL, NULL, NULL, NULL, NULL, '2017-06-06 17:38:37', '2017-06-06 17:38:37', '4aca379d-1905-41b6-bf5b-d8ee1bdc4488'),
 ('177', '290', 'ru_ru', '9420Ce1Be58D1C9D18D06Fe1E1Beab87 (1)', NULL, NULL, NULL, NULL, NULL, NULL, '2017-06-06 17:38:37', '2017-06-06 17:38:38', 'e2469e28-f508-466c-bd63-6c3940559d41'),
 ('178', '291', 'ru_ru', '9420Ce1Be58D1C9D18D06Fe1E1Beab87', NULL, NULL, NULL, NULL, NULL, NULL, '2017-06-06 17:38:38', '2017-06-06 17:38:38', 'cc8f27f1-9c54-4281-bc0a-e08c889a4abf'),
 ('179', '292', 'ru_ru', 'Afd649587592E31367B084Bcd1', NULL, NULL, NULL, NULL, NULL, NULL, '2017-06-06 17:38:38', '2017-06-06 17:38:38', 'cd598c33-21d2-4e2a-aab9-a6265108d2e1'),
 ('180', '293', 'ru_ru', 'D89F7Ae890Aefa446Ad25B56Ee381A9D (1)', NULL, NULL, NULL, NULL, NULL, NULL, '2017-06-06 17:38:38', '2017-06-06 17:38:38', 'd7a3594b-1cf1-4798-a980-a789712a1954'),
 ('181', '294', 'ru_ru', 'D89F7Ae890Aefa446Ad25B56Ee381A9D', NULL, NULL, NULL, NULL, NULL, NULL, '2017-06-06 17:38:38', '2017-06-06 17:38:38', '0859c797-02e2-4b81-b3ee-bcb6e39346d8'),
 ('182', '295', 'ru_ru', 'Fa0Ce40Beeb91Eec2869E4D1A106A9E9', NULL, NULL, NULL, NULL, NULL, NULL, '2017-06-06 17:38:38', '2017-06-06 17:38:39', 'cb2e5fb3-4bba-4de8-b41a-4f6774825989'),
 ('183', '296', 'ru_ru', NULL, NULL, NULL, 'Цены и ассортимент в меню могут отличаться. Меню тестируется и дополняется<br>Приносим свои извинения', NULL, NULL, NULL, '2017-06-07 00:27:21', '2017-06-07 00:28:07', '20700208-f935-4703-aeca-4e0f93a4addc'),
 ('184', '297', 'ru_ru', '721', NULL, NULL, NULL, NULL, NULL, NULL, '2017-06-07 01:23:16', '2017-06-07 01:23:16', '2814e33c-d9e8-4127-95cc-66897cefa012'),
 ('185', '298', 'ru_ru', '5802524E55C4071Ec1D71324', NULL, NULL, NULL, NULL, NULL, NULL, '2017-06-07 01:24:46', '2017-06-07 01:24:46', '0e58b2de-f853-4d14-810f-4a1c06e8d239'),
 ('186', '299', 'ru_ru', 'Glen Grant Bottle 2', NULL, NULL, NULL, NULL, NULL, NULL, '2017-06-07 01:25:47', '2017-06-07 01:25:47', '85f5dbdb-89b6-4403-859f-0aff334791a8'),
 ('187', '300', 'ru_ru', '1448 Whiskey E Cola Cocktail Cocktail Con Il Whiskey Coca Cola Ghiacciata', NULL, NULL, NULL, NULL, NULL, NULL, '2017-06-07 01:27:16', '2017-06-07 01:27:16', 'c983f4c7-9388-4b04-9a48-6dcec458da18'),
 ('188', '301', 'ru_ru', 'Milano Campari', NULL, NULL, NULL, NULL, NULL, NULL, '2017-06-07 01:27:53', '2017-06-07 01:27:53', 'dc0043aa-d065-4ec3-aada-7ba900b4e4be'),
 ('189', '302', 'ru_ru', 'B52 Shot 157511324 58A472Bd3Df78C475860Ce72', NULL, NULL, NULL, NULL, NULL, NULL, '2017-06-07 01:29:08', '2017-06-07 01:29:08', '6dc50d7a-5a74-4894-b69e-6b5ccea3fed2'),
 ('190', '303', 'ru_ru', 'Aperol Spritz Easy Living 5July13 Bt 330X330', NULL, NULL, NULL, NULL, NULL, NULL, '2017-06-07 01:34:12', '2017-06-07 01:34:12', '37c0c0c4-adb5-4858-aaea-a45b2138ffa3');



DROP TABLE IF EXISTS `brgsh_deprecationerrors`;


--
-- Schema for table `brgsh_deprecationerrors`
--
CREATE TABLE `brgsh_deprecationerrors` (
  `id` int(11) NOT NULL AUTO_INCREMENT,
  `key` varchar(255) COLLATE utf8_unicode_ci NOT NULL,
  `fingerprint` varchar(255) COLLATE utf8_unicode_ci NOT NULL,
  `lastOccurrence` datetime NOT NULL,
  `file` varchar(255) COLLATE utf8_unicode_ci NOT NULL,
  `line` smallint(6) unsigned NOT NULL,
  `class` varchar(255) COLLATE utf8_unicode_ci DEFAULT NULL,
  `method` varchar(255) COLLATE utf8_unicode_ci DEFAULT NULL,
  `template` varchar(255) COLLATE utf8_unicode_ci DEFAULT NULL,
  `templateLine` smallint(6) unsigned DEFAULT NULL,
  `message` varchar(255) COLLATE utf8_unicode_ci DEFAULT NULL,
  `traces` text COLLATE utf8_unicode_ci,
  `dateCreated` datetime NOT NULL,
  `dateUpdated` datetime NOT NULL,
  `uid` char(36) COLLATE utf8_unicode_ci NOT NULL DEFAULT '0',
  PRIMARY KEY (`id`),
  UNIQUE KEY `brgsh_deprecationerrors_key_fingerprint_unq_idx` (`key`,`fingerprint`)
) ENGINE=InnoDB AUTO_INCREMENT=16 DEFAULT CHARSET=utf8 COLLATE=utf8_unicode_ci;

DROP TABLE IF EXISTS `brgsh_elementindexsettings`;


--
-- Schema for table `brgsh_elementindexsettings`
--
CREATE TABLE `brgsh_elementindexsettings` (
  `id` int(11) NOT NULL AUTO_INCREMENT,
  `type` varchar(150) COLLATE utf8_unicode_ci NOT NULL,
  `settings` text COLLATE utf8_unicode_ci,
  `dateCreated` datetime NOT NULL,
  `dateUpdated` datetime NOT NULL,
  `uid` char(36) COLLATE utf8_unicode_ci NOT NULL DEFAULT '0',
  PRIMARY KEY (`id`),
  UNIQUE KEY `brgsh_elementindexsettings_type_unq_idx` (`type`)
) ENGINE=InnoDB AUTO_INCREMENT=8 DEFAULT CHARSET=utf8 COLLATE=utf8_unicode_ci;

--
-- Data for table `brgsh_elementindexsettings`
--

INSERT INTO `brgsh_elementindexsettings` (`id`, `type`, `settings`, `dateCreated`, `dateUpdated`, `uid`) VALUES
 ('1', 'Entry', '{\"sources\":{\"section:4\":{\"tableAttributes\":{\"1\":\"field:10\"}},\"section:5\":{\"tableAttributes\":{\"1\":\"field:3\",\"2\":\"dateCreated\"}}}}', '2017-05-28 23:41:51', '2017-06-02 08:17:40', 'd9c783aa-bdf9-4f06-93d0-6749ed3a36cd'),
 ('7', 'Category', '{\"sources\":{\"group:2\":{\"tableAttributes\":{\"1\":\"link\",\"2\":\"uri\"}}}}', '2017-06-05 20:01:43', '2017-06-05 20:01:43', 'e953274e-496e-4315-acc3-988870b4c9d3');



DROP TABLE IF EXISTS `brgsh_elements`;


--
-- Schema for table `brgsh_elements`
--
CREATE TABLE `brgsh_elements` (
  `id` int(11) NOT NULL AUTO_INCREMENT,
  `type` varchar(150) COLLATE utf8_unicode_ci NOT NULL,
  `enabled` tinyint(1) unsigned NOT NULL DEFAULT '1',
  `archived` tinyint(1) unsigned NOT NULL DEFAULT '0',
  `dateCreated` datetime NOT NULL,
  `dateUpdated` datetime NOT NULL,
  `uid` char(36) COLLATE utf8_unicode_ci NOT NULL DEFAULT '0',
  PRIMARY KEY (`id`),
  KEY `brgsh_elements_type_idx` (`type`),
  KEY `brgsh_elements_enabled_idx` (`enabled`),
  KEY `brgsh_elements_archived_dateCreated_idx` (`archived`,`dateCreated`)
) ENGINE=InnoDB AUTO_INCREMENT=304 DEFAULT CHARSET=utf8 COLLATE=utf8_unicode_ci;

--
-- Data for table `brgsh_elements`
--

INSERT INTO `brgsh_elements` (`id`, `type`, `enabled`, `archived`, `dateCreated`, `dateUpdated`, `uid`) VALUES
 ('1', 'User', '1', '0', '2017-05-27 01:12:20', '2017-06-02 10:12:12', 'e87d3fc3-e345-435e-87c1-8cf32f80152f'),
 ('2', 'Entry', '1', '0', '2017-05-27 01:12:23', '2017-06-06 13:00:36', '5d038df1-cf5a-4fc4-9eec-3d01c2eac6a3'),
 ('4', 'Entry', '1', '0', '2017-05-28 16:07:54', '2017-05-28 23:40:39', '01dd4cd7-0830-493f-9e76-15b586bb3114'),
 ('5', 'Entry', '1', '0', '2017-05-28 16:08:00', '2017-05-28 23:40:55', '4fb13da6-4cbd-42f6-b352-4da18bced3d0'),
 ('6', 'Entry', '1', '0', '2017-05-28 16:08:15', '2017-05-28 23:41:11', 'f6357fc7-4c40-4611-9956-e7abbf6e9de2'),
 ('7', 'Entry', '1', '0', '2017-05-28 16:08:35', '2017-06-02 10:05:39', '60a2e26e-6c6e-4eb7-9312-f2130bd8f5b3'),
 ('8', 'Entry', '1', '0', '2017-05-28 16:08:43', '2017-05-28 23:41:31', '73dd6ebe-c436-46f1-90eb-03a101ab5c97'),
 ('9', 'Category', '1', '0', '2017-05-28 16:10:53', '2017-06-02 08:50:15', '25c44636-92b1-4ffb-81b4-845c52c3f0f8'),
 ('12', 'Category', '1', '0', '2017-05-28 18:37:08', '2017-06-05 23:42:03', '98624b96-4ca3-4294-b775-373ede9de632'),
 ('43', 'Asset', '1', '0', '2017-05-28 21:13:36', '2017-05-28 21:13:36', '255de92b-e175-4730-944b-d12e4ce0bcdd'),
 ('44', 'Asset', '1', '0', '2017-05-28 21:13:37', '2017-05-28 21:13:37', '0d68382d-a16d-4a66-b063-84d279db80f7'),
 ('45', 'Asset', '1', '0', '2017-05-28 21:13:37', '2017-05-28 21:13:37', '712fd825-7a63-4eaf-b521-3b4daeb5696d'),
 ('46', 'Asset', '1', '0', '2017-05-28 21:13:37', '2017-05-28 21:13:37', '7fc3c751-df7f-4e88-b785-2b7ec555fee0'),
 ('47', 'Asset', '1', '0', '2017-05-28 21:13:37', '2017-05-28 21:13:37', '996f5155-c8fb-4bad-908f-a0d97435af64'),
 ('48', 'Asset', '1', '0', '2017-05-28 21:13:37', '2017-05-28 21:13:37', '3ed114c9-f27d-4252-b1e6-72c129b3021d'),
 ('49', 'Asset', '1', '0', '2017-05-28 21:13:38', '2017-05-28 21:13:38', 'e4b32e0a-f772-433c-924d-5b170395a97a'),
 ('50', 'Asset', '1', '0', '2017-05-28 21:13:38', '2017-05-28 21:13:38', 'd6ef375b-83ca-4e1f-87b5-d7860e7f6a55'),
 ('51', 'Entry', '1', '0', '2017-05-28 21:14:16', '2017-05-31 03:01:58', '1ae653f9-f0e0-417e-8ea0-03593ec2543a'),
 ('52', 'MatrixBlock', '1', '0', '2017-05-28 21:14:16', '2017-05-31 03:01:58', '32b27367-a803-4b12-9923-cba2ef356deb'),
 ('53', 'GlobalSet', '1', '0', '2017-05-28 21:25:58', '2017-05-28 21:37:00', '91eb9d61-8582-4adf-ab85-6f560a92fb7c'),
 ('54', 'GlobalSet', '1', '0', '2017-05-28 21:26:17', '2017-05-29 11:11:55', 'faddaf76-afa7-4e25-b9f8-6e4bce21e947'),
 ('55', 'GlobalSet', '1', '0', '2017-05-28 21:26:32', '2017-05-29 11:12:24', 'f575b3d8-afcf-43b2-97ba-248bff2eb6aa'),
 ('56', 'GlobalSet', '1', '0', '2017-05-28 21:26:47', '2017-05-28 21:32:37', 'fa2034b4-adf0-4d94-b708-f2dc0120bafc'),
 ('57', 'GlobalSet', '1', '0', '2017-05-28 21:28:01', '2017-06-02 08:12:06', 'f63e505a-0b40-4bea-9c61-d6225fdbbfd9'),
 ('58', 'GlobalSet', '1', '0', '2017-05-28 21:28:37', '2017-06-04 15:46:39', '36c8e40e-cd93-49ab-85d0-4e4bf9cef9c5'),
 ('59', 'Entry', '1', '0', '2017-05-28 23:00:11', '2017-05-31 03:01:28', 'a7b590f6-11c5-4e0c-be61-51994a61bd1c'),
 ('60', 'MatrixBlock', '1', '0', '2017-05-28 23:00:11', '2017-05-31 03:01:28', 'e7b64675-a55d-4a74-aa15-fa5dc38594b1'),
 ('61', 'Entry', '0', '0', '2017-05-28 23:44:43', '2017-05-31 03:02:36', '9c4844f3-12ac-499e-8354-34edcf853b31'),
 ('62', 'Asset', '1', '0', '2017-05-29 01:17:17', '2017-05-29 01:17:17', '9d4bf009-8b99-473f-ba34-7d0126ea46ec'),
 ('63', 'MatrixBlock', '1', '0', '2017-05-29 01:21:41', '2017-06-06 13:00:36', '36f34fed-e776-4fca-af67-bb64f9995430'),
 ('64', 'MatrixBlock', '1', '0', '2017-05-29 01:21:41', '2017-06-06 13:00:36', '56fa68f5-4362-4c73-bdae-66f1844abb49'),
 ('65', 'MatrixBlock', '1', '0', '2017-05-29 01:21:41', '2017-06-06 13:00:36', '8d5a5168-4b4a-416f-9e7a-e13c52a7cdfb'),
 ('66', 'MatrixBlock', '1', '0', '2017-05-29 01:21:42', '2017-06-06 13:00:36', '15ff38b7-a505-4bf2-8aff-3a7de134fb6f'),
 ('67', 'Entry', '1', '0', '2017-05-29 01:40:46', '2017-06-06 13:03:30', '4bad9eb2-c9dd-44ac-917f-6b67c31b001c'),
 ('68', 'Entry', '1', '0', '2017-05-29 01:41:02', '2017-05-31 02:55:00', '3dd02856-226c-451f-adfe-e439ec7aa44a'),
 ('69', 'Asset', '1', '0', '2017-05-29 01:53:39', '2017-05-29 01:53:39', '81974c2e-5801-4752-af2a-d56dd6ccd375'),
 ('70', 'Entry', '1', '0', '2017-05-29 23:56:22', '2017-05-30 15:21:16', '8d9e210d-9b81-481f-8e91-18b86bcee710'),
 ('71', 'Entry', '1', '0', '2017-05-29 23:56:40', '2017-05-30 15:11:33', '302cc683-fbc4-4f7d-808d-488f6f0e39b9'),
 ('72', 'Entry', '1', '0', '2017-05-29 23:56:56', '2017-06-06 17:39:26', '0f6f1d2f-7da2-4410-830c-b64ae1c6616a'),
 ('73', 'Asset', '1', '0', '2017-05-30 15:07:24', '2017-05-30 15:07:24', '1ec20bab-1cfd-4690-a218-db7eba6bd4ed'),
 ('74', 'Asset', '1', '0', '2017-05-30 20:30:43', '2017-06-06 17:38:39', '7c47415d-b5f3-4b57-b3d1-6798c5aa83e7'),
 ('75', 'Asset', '1', '0', '2017-05-30 20:30:44', '2017-06-06 17:38:39', '79edf0da-70e8-4e0f-a14d-e0d293e8fee3'),
 ('76', 'Asset', '1', '0', '2017-05-30 20:30:44', '2017-06-06 17:38:39', '5f444188-08b1-4b4f-9475-776f7b466e42'),
 ('77', 'Asset', '1', '0', '2017-05-30 20:30:45', '2017-06-06 17:38:39', '8d8c7879-fbc0-4ee0-b838-956744aef0bb'),
 ('78', 'Asset', '1', '0', '2017-05-30 20:30:45', '2017-06-06 17:38:39', '31568eba-15b2-4897-a74e-e0a5352a69a7'),
 ('79', 'Asset', '1', '0', '2017-05-30 20:30:45', '2017-06-06 17:38:35', '86fc1204-9860-438c-adde-aef9d470f211'),
 ('80', 'Asset', '1', '0', '2017-05-30 20:30:45', '2017-06-06 17:38:35', '73567713-9b3a-4238-bf84-fca876a62294'),
 ('81', 'Asset', '1', '0', '2017-05-30 20:30:46', '2017-06-06 17:38:35', 'a443b38b-d519-48ce-9433-8eb713c3f592'),
 ('82', 'Tag', '1', '0', '2017-05-30 20:43:57', '2017-05-30 20:43:57', 'bb618b4a-2463-4438-a51d-16a81067b136'),
 ('83', 'Tag', '1', '0', '2017-05-30 20:44:01', '2017-05-30 20:44:01', '22b6b66f-b50c-46c7-966a-408492670a3e'),
 ('84', 'Tag', '1', '0', '2017-05-30 20:44:05', '2017-05-30 20:44:05', '085ff56d-7573-4d04-80a6-de6ef385a1a7'),
 ('85', 'Tag', '1', '0', '2017-05-30 20:44:10', '2017-05-30 20:44:10', 'cfdc4cfa-ce8d-4422-b4f3-2145181b740d'),
 ('86', 'Tag', '1', '0', '2017-05-30 20:44:19', '2017-05-30 20:44:19', 'c938aa5d-cf40-41ba-bc35-a38c8f6c19ef'),
 ('90', 'Asset', '1', '0', '2017-05-31 00:49:34', '2017-05-31 00:56:57', '5bf05c79-0681-4fec-8db7-619814f43cb9'),
 ('91', 'Asset', '1', '0', '2017-05-31 00:56:57', '2017-05-31 00:56:57', 'ff0e90ff-57c1-441c-9213-5eea1f5122f6'),
 ('92', 'Asset', '1', '0', '2017-05-31 00:56:57', '2017-05-31 00:56:57', '4c24bb75-f5fb-4448-8d5d-2eec9d6b1dda'),
 ('93', 'Asset', '1', '0', '2017-05-31 00:56:57', '2017-05-31 00:56:57', 'f8277065-9f58-4e3f-9a88-3fd08dd3a3b0'),
 ('94', 'Asset', '1', '0', '2017-05-31 00:56:57', '2017-05-31 00:56:57', '959634d2-5c0a-416d-b4ad-3b9e47518e1f'),
 ('95', 'Asset', '1', '0', '2017-05-31 00:56:57', '2017-05-31 00:56:57', '0c224768-52cc-4f20-b81f-7def002eee7d'),
 ('96', 'Asset', '1', '0', '2017-05-31 02:45:25', '2017-05-31 02:45:25', 'df93d3d2-2112-4edb-bb89-762b31f92894'),
 ('97', 'Asset', '1', '0', '2017-05-31 02:47:05', '2017-05-31 02:47:05', '9b7e3179-7db4-430b-8d0c-2fdfc963a8b4'),
 ('98', 'Asset', '1', '0', '2017-05-31 02:49:32', '2017-05-31 02:49:32', '4a597470-5ee1-49dd-a06d-8dd056a00426'),
 ('99', 'Asset', '1', '0', '2017-05-31 02:49:57', '2017-05-31 02:49:57', '44e924fd-115a-415d-b293-f0394e9fe656'),
 ('100', 'Asset', '1', '0', '2017-05-31 02:53:32', '2017-05-31 02:53:32', '3e800066-8333-4c39-91cc-cffe829d5788'),
 ('101', 'Asset', '1', '0', '2017-05-31 02:56:58', '2017-05-31 02:56:58', '16b2101a-25d5-4954-9de4-a14495a96639'),
 ('102', 'Entry', '1', '0', '2017-05-31 02:57:01', '2017-05-31 02:57:01', '2bd15135-3bd7-4c0d-b351-f6ee85d9173c'),
 ('103', 'Asset', '1', '0', '2017-05-31 03:00:07', '2017-05-31 03:00:07', 'ad1a3f12-cc90-4c32-89fc-010b24a16b9a'),
 ('104', 'GlobalSet', '1', '0', '2017-06-02 08:07:37', '2017-06-02 08:12:01', '8e735778-9acd-4ebd-9523-7a179cb0c0cf'),
 ('105', 'Entry', '1', '0', '2017-06-02 08:14:49', '2017-06-02 08:15:31', '54ff595b-be6f-41e3-909c-316103627253'),
 ('106', 'MatrixBlock', '1', '0', '2017-06-02 08:14:49', '2017-06-02 08:15:31', 'ddb55972-a868-4c3d-978a-28c5723717a4'),
 ('107', 'Entry', '1', '0', '2017-06-02 08:14:52', '2017-06-02 08:15:45', 'ced77140-63c3-4c88-b036-649bcb7a5d2a'),
 ('108', 'MatrixBlock', '1', '0', '2017-06-02 08:14:52', '2017-06-02 08:15:45', '216ac799-c3a1-421c-8334-552a8f384a00'),
 ('109', 'Entry', '1', '0', '2017-06-02 08:14:54', '2017-06-02 08:15:53', 'e2230e5b-0033-4a35-9129-15fa9acbaa1d'),
 ('110', 'MatrixBlock', '1', '0', '2017-06-02 08:14:54', '2017-06-02 08:15:53', 'e7c3da85-ab01-423b-a6f2-8d6da9c1267c'),
 ('111', 'Entry', '1', '0', '2017-06-02 08:16:02', '2017-06-02 08:16:22', 'b82806a4-a140-46e2-80ee-d77b56c2750a'),
 ('112', 'MatrixBlock', '1', '0', '2017-06-02 08:16:02', '2017-06-02 08:16:22', '9e9e775e-fb6a-42e5-8bfa-31fd0a91d706'),
 ('113', 'Entry', '1', '0', '2017-06-02 08:16:04', '2017-06-02 08:16:32', '29a5d8a6-d343-4d56-9ce2-e4bea7563f3d'),
 ('114', 'MatrixBlock', '1', '0', '2017-06-02 08:16:04', '2017-06-02 08:16:32', '18de7903-596c-4b82-83eb-266962630d7a'),
 ('115', 'Entry', '1', '0', '2017-06-02 08:16:06', '2017-06-02 08:16:42', '53c56617-0d06-4b06-a797-30fc4e1560a4'),
 ('116', 'MatrixBlock', '1', '0', '2017-06-02 08:16:06', '2017-06-02 08:16:42', '0d2f4baf-cdf6-4f19-93b2-22b43780dc39'),
 ('117', 'GlobalSet', '1', '0', '2017-06-02 08:34:39', '2017-06-02 08:35:26', '2429f4b2-2333-471e-b136-4ca87a46fed8'),
 ('118', 'GlobalSet', '1', '0', '2017-06-02 08:34:56', '2017-06-02 08:35:24', 'dad589a8-271b-4484-b482-4f794c73f2b2'),
 ('119', 'Asset', '1', '0', '2017-06-02 09:36:07', '2017-06-02 09:36:07', '73702b74-b5ef-4f8f-bae3-ddb8af8b77d1'),
 ('120', 'Asset', '1', '0', '2017-06-02 09:36:38', '2017-06-02 09:36:38', '847fe99e-5c0b-404e-bafd-db80807b8bcb'),
 ('121', 'Category', '1', '0', '2017-06-05 18:17:00', '2017-06-07 01:19:00', '24863842-251d-462a-acdb-0022bb3b811c'),
 ('122', 'MatrixBlock', '1', '0', '2017-06-05 18:23:31', '2017-06-07 01:19:01', 'fd822dde-5dc2-49ad-8ee4-52b0a3b50470'),
 ('123', 'MatrixBlock', '1', '0', '2017-06-05 18:23:31', '2017-06-07 01:19:01', '0c0d0f09-ab95-4548-a547-eab8811d29cd'),
 ('124', 'MatrixBlock', '1', '0', '2017-06-05 18:23:31', '2017-06-07 01:19:01', '5501011b-83e8-43f8-a9a8-4738e9f691f9'),
 ('125', 'MatrixBlock', '1', '0', '2017-06-05 18:23:31', '2017-06-07 01:19:01', '369cc1f9-742a-4e38-8f26-0571e97f6f9f'),
 ('126', 'MatrixBlock', '1', '0', '2017-06-05 18:23:31', '2017-06-07 01:19:01', '5878aaa5-8500-4dc3-a7ad-11a54141ba7a'),
 ('127', 'MatrixBlock', '1', '0', '2017-06-05 18:23:31', '2017-06-07 01:19:01', '182f23ee-f1a3-4dbe-8f75-c3fac08b7f43'),
 ('128', 'MatrixBlock', '1', '0', '2017-06-05 18:23:31', '2017-06-07 01:19:01', 'd7297ffa-fcba-486f-8c6e-e47743090911'),
 ('130', 'Category', '1', '0', '2017-06-05 18:25:50', '2017-06-05 21:12:18', 'b9b9176b-9658-4cd1-bbbc-17923c36c2f9'),
 ('131', 'MatrixBlock', '1', '0', '2017-06-05 18:25:50', '2017-06-05 21:12:18', '0414107e-4d8f-4a48-b1fe-572b7dd92807'),
 ('132', 'MatrixBlock', '1', '0', '2017-06-05 18:25:50', '2017-06-05 21:12:18', 'beed7069-85e4-4db2-a8d6-d6bd8a75a91f'),
 ('133', 'Category', '1', '0', '2017-06-05 18:29:10', '2017-06-05 21:12:30', 'b469346b-4ffa-43b2-b002-8972c3c99de8'),
 ('134', 'MatrixBlock', '1', '0', '2017-06-05 18:29:10', '2017-06-05 21:12:30', '98acc2d8-f1b6-4954-928b-ce0b2b5dfcbb'),
 ('135', 'MatrixBlock', '1', '0', '2017-06-05 18:29:10', '2017-06-05 21:12:30', '1ac860ea-2871-4ea1-a65e-ffb96bf2b46f'),
 ('136', 'MatrixBlock', '1', '0', '2017-06-05 18:29:10', '2017-06-05 21:12:30', 'c29d6c82-301c-45ee-92d9-3395067ad14d'),
 ('137', 'MatrixBlock', '1', '0', '2017-06-05 18:29:10', '2017-06-05 21:12:30', '71d192b8-04bb-48d4-8762-8ea337525dd6');
INSERT INTO `brgsh_elements` (`id`, `type`, `enabled`, `archived`, `dateCreated`, `dateUpdated`, `uid`) VALUES
 ('138', 'Category', '1', '0', '2017-06-05 18:41:04', '2017-06-07 01:34:14', '6b4c2b07-009c-4dc8-a2a2-3ecf6760794f'),
 ('139', 'MatrixBlock', '1', '0', '2017-06-05 18:41:04', '2017-06-07 01:34:14', '6b029ae8-0fbf-47e3-81b7-4a13505b8b67'),
 ('140', 'MatrixBlock', '1', '0', '2017-06-05 18:41:04', '2017-06-07 01:34:14', '966ca6de-bf3b-4306-bd0d-07a2eac575c9'),
 ('141', 'MatrixBlock', '1', '0', '2017-06-05 18:41:04', '2017-06-07 01:34:14', 'c114d605-29ef-4053-b31b-b4ed09f7ab48'),
 ('142', 'MatrixBlock', '1', '0', '2017-06-05 18:41:04', '2017-06-07 01:34:14', '192cce41-a7a9-4a11-9ce6-b9ed89f21ea0'),
 ('143', 'MatrixBlock', '1', '0', '2017-06-05 18:41:04', '2017-06-07 01:34:14', '0b980b39-4214-4743-9bb6-bc6e8d3b6738'),
 ('144', 'MatrixBlock', '1', '0', '2017-06-05 18:41:04', '2017-06-07 01:34:14', '349189e2-b9b2-4f5f-8243-8fadd67a5c8a'),
 ('145', 'MatrixBlock', '1', '0', '2017-06-05 18:41:04', '2017-06-07 01:34:14', '855afb65-d342-4dcb-8ad6-3b2695aa69d3'),
 ('146', 'MatrixBlock', '1', '0', '2017-06-05 18:41:04', '2017-06-07 01:34:14', 'db700b0d-f4eb-41ee-8954-7dac519f34b0'),
 ('147', 'MatrixBlock', '1', '0', '2017-06-05 18:41:04', '2017-06-07 01:34:14', 'b4dea0ba-5eea-4a73-9158-694ac97bdbcf'),
 ('148', 'MatrixBlock', '1', '0', '2017-06-05 18:41:04', '2017-06-07 01:34:14', '4b7aa0b6-0b24-4369-bd5c-33fe6c820d40'),
 ('149', 'MatrixBlock', '1', '0', '2017-06-05 18:41:04', '2017-06-07 01:34:14', 'cc657116-bdce-490b-ae0c-0856cec395e6'),
 ('150', 'MatrixBlock', '1', '0', '2017-06-05 18:41:04', '2017-06-07 01:34:14', 'b57213d1-0336-4558-8481-80f688f1d5a3'),
 ('151', 'MatrixBlock', '1', '0', '2017-06-05 18:41:04', '2017-06-07 01:34:14', '6a6d2234-de18-4a4d-8cf4-033f83a72ae5'),
 ('152', 'MatrixBlock', '1', '0', '2017-06-05 18:41:04', '2017-06-07 01:34:14', '7108c286-6a84-43cf-bdd8-8a1853229dec'),
 ('153', 'MatrixBlock', '1', '0', '2017-06-05 18:41:04', '2017-06-07 01:34:14', '3833391e-22f0-4091-8200-9890b7e9b96b'),
 ('154', 'MatrixBlock', '1', '0', '2017-06-05 18:41:04', '2017-06-07 01:34:14', 'ff6f3334-bc2a-415f-88ab-48ebd07edf29'),
 ('155', 'MatrixBlock', '1', '0', '2017-06-05 18:41:04', '2017-06-07 01:34:14', 'c43d61cc-c0ad-46c9-93c6-1634444a8cff'),
 ('156', 'MatrixBlock', '1', '0', '2017-06-05 18:41:04', '2017-06-07 01:34:14', '2adcd319-182a-4ef2-93d5-62b6ea03f4da'),
 ('157', 'MatrixBlock', '1', '0', '2017-06-05 18:41:04', '2017-06-07 01:34:14', '27216031-2095-483e-b587-3820ec0f245f'),
 ('158', 'MatrixBlock', '1', '0', '2017-06-05 18:41:04', '2017-06-07 01:34:14', '07db440e-8534-4151-bc69-87241b945861'),
 ('159', 'MatrixBlock', '1', '0', '2017-06-05 18:41:04', '2017-06-07 01:34:14', '05ce03a3-ea87-4321-bc07-f0ed03a1243d'),
 ('160', 'MatrixBlock', '1', '0', '2017-06-05 18:41:04', '2017-06-07 01:34:14', '093ad1b3-3541-44f4-a4c3-b648bd338229'),
 ('161', 'MatrixBlock', '1', '0', '2017-06-05 18:41:04', '2017-06-07 01:34:14', '4b51bbc0-18e4-44b5-8cae-5831ddc01552'),
 ('162', 'Category', '1', '0', '2017-06-05 18:43:53', '2017-06-05 21:06:10', '21d60a5c-7975-4df3-93fb-d4da8a43d56e'),
 ('163', 'MatrixBlock', '1', '0', '2017-06-05 18:43:53', '2017-06-05 21:06:10', 'e28cc42f-5b66-4716-9667-a60ecc39dee1'),
 ('164', 'MatrixBlock', '1', '0', '2017-06-05 18:43:53', '2017-06-05 21:06:10', 'ef220c8e-0514-461a-b0a2-605ec9d6b235'),
 ('165', 'MatrixBlock', '1', '0', '2017-06-05 18:43:53', '2017-06-05 21:06:10', 'dd9061b4-ae45-47ed-8e2c-ded869ee5d79'),
 ('166', 'MatrixBlock', '1', '0', '2017-06-05 18:43:53', '2017-06-05 21:06:10', 'a1b2a598-44dc-4825-9134-e690989e0774'),
 ('167', 'MatrixBlock', '1', '0', '2017-06-05 18:43:53', '2017-06-05 21:06:10', 'd955e0f7-0111-43cb-b322-07bcb179e9e3'),
 ('168', 'MatrixBlock', '1', '0', '2017-06-05 18:43:53', '2017-06-05 21:06:10', '8696b79d-f207-4029-8a0a-3c53eb10280c'),
 ('169', 'Category', '1', '0', '2017-06-05 18:48:22', '2017-06-07 01:38:10', '905bb25e-5454-42c2-80df-76033c143247'),
 ('170', 'MatrixBlock', '1', '0', '2017-06-05 18:48:22', '2017-06-07 01:38:10', '967421f8-8c19-4664-96c4-55f99d332f56'),
 ('171', 'MatrixBlock', '1', '0', '2017-06-05 18:48:22', '2017-06-07 01:38:10', '83b5de4b-2ad3-43af-90f6-eb8ee7917fc3'),
 ('172', 'MatrixBlock', '1', '0', '2017-06-05 18:48:22', '2017-06-07 01:38:10', 'eccb5f6b-51ed-49ec-821d-bbc46f61dd01'),
 ('173', 'MatrixBlock', '1', '0', '2017-06-05 18:48:22', '2017-06-07 01:38:10', '05be1891-15a8-469d-8326-534c1f910960'),
 ('174', 'MatrixBlock', '1', '0', '2017-06-05 18:48:22', '2017-06-07 01:38:10', '6ad0aabf-8094-4852-a3c7-a352d15c7ec7'),
 ('175', 'MatrixBlock', '1', '0', '2017-06-05 18:48:22', '2017-06-07 01:38:10', 'ec5c3763-344c-4919-a349-739f9e9ad935'),
 ('176', 'MatrixBlock', '1', '0', '2017-06-05 18:48:22', '2017-06-07 01:38:10', '8eb222cd-4323-4c57-aacd-37083d49095c'),
 ('177', 'MatrixBlock', '1', '0', '2017-06-05 18:48:22', '2017-06-07 01:38:10', '26f37eb6-45bf-484c-b508-718d8760758e'),
 ('178', 'MatrixBlock', '1', '0', '2017-06-05 18:48:22', '2017-06-07 01:38:10', '7b9d971a-06b9-4ac6-b111-bd11bdec3206'),
 ('179', 'Category', '1', '0', '2017-06-05 18:52:50', '2017-06-05 23:20:02', 'f720f7fa-13c7-4622-a4b6-e6e042cc4c21'),
 ('180', 'MatrixBlock', '1', '0', '2017-06-05 18:52:50', '2017-06-05 23:20:02', '1c5eabcf-aad4-4103-8c5a-077ce83b5cff'),
 ('181', 'MatrixBlock', '1', '0', '2017-06-05 18:52:50', '2017-06-05 23:20:02', '61c066c4-c862-446c-b84a-67f1fb01125b'),
 ('182', 'MatrixBlock', '1', '0', '2017-06-05 18:52:50', '2017-06-05 23:20:02', '6d52cba5-0380-4177-bfd1-e5ff28c56426'),
 ('183', 'MatrixBlock', '1', '0', '2017-06-05 18:52:50', '2017-06-05 23:20:02', '83b13823-e961-4155-badc-b41e5aa0d01a'),
 ('184', 'MatrixBlock', '1', '0', '2017-06-05 18:52:50', '2017-06-05 23:20:02', 'f9ab5cab-131c-4279-8b52-29e6a309471c'),
 ('185', 'MatrixBlock', '1', '0', '2017-06-05 18:52:50', '2017-06-05 23:20:02', '804ee171-2921-4499-becc-88172d3e6f75'),
 ('186', 'Category', '1', '0', '2017-06-05 18:57:03', '2017-06-05 23:20:15', '10e4dd65-2c82-44f9-b46e-628f595e4b88'),
 ('187', 'MatrixBlock', '1', '0', '2017-06-05 18:57:03', '2017-06-05 23:20:15', '35a1dfc1-9f7e-4b2e-bfa2-8a2d15572a73'),
 ('188', 'MatrixBlock', '1', '0', '2017-06-05 18:57:03', '2017-06-05 23:20:15', '001276b4-24f1-47bd-96c7-0c6b02066cb9'),
 ('189', 'MatrixBlock', '1', '0', '2017-06-05 18:57:03', '2017-06-05 23:20:15', 'cbd7db8b-1742-4446-804e-1dbc02c6d70a'),
 ('190', 'MatrixBlock', '1', '0', '2017-06-05 18:57:03', '2017-06-05 23:20:15', 'e74e41c2-9ece-4fe8-a519-a3ad5f737820'),
 ('191', 'MatrixBlock', '1', '0', '2017-06-05 18:57:04', '2017-06-05 23:20:15', '901d4471-18fc-4fb4-a45e-f5d94eb38056'),
 ('192', 'MatrixBlock', '1', '0', '2017-06-05 18:57:04', '2017-06-05 23:20:15', '68e4277e-4229-48ac-924b-17c6133674ce'),
 ('193', 'Category', '1', '0', '2017-06-05 18:59:41', '2017-06-05 23:21:17', 'f3bfe8d8-ee07-4c7f-97c1-8da80202d8db'),
 ('194', 'MatrixBlock', '1', '0', '2017-06-05 18:59:41', '2017-06-05 23:21:17', 'ddc2f1ce-53d6-48e3-8005-8a45f6e64b28'),
 ('195', 'MatrixBlock', '1', '0', '2017-06-05 18:59:41', '2017-06-05 23:21:17', '3c870125-23b0-4ce6-b4fa-94ab429908c4'),
 ('196', 'MatrixBlock', '1', '0', '2017-06-05 18:59:41', '2017-06-05 23:21:17', 'f8c48924-9abc-4a62-8c63-b7b63b1a110e'),
 ('197', 'Category', '1', '0', '2017-06-05 19:02:47', '2017-06-05 23:21:29', 'fb90f192-8c6a-4995-9c0e-992ee9cb3154'),
 ('198', 'MatrixBlock', '1', '0', '2017-06-05 19:02:47', '2017-06-05 23:21:29', 'b0cdca5b-a1d1-45da-9484-c3ebf4424f05'),
 ('199', 'MatrixBlock', '1', '0', '2017-06-05 19:02:47', '2017-06-05 23:21:29', '451077a2-24df-4a5a-93a6-b0f5819f1bfd'),
 ('200', 'MatrixBlock', '1', '0', '2017-06-05 19:02:47', '2017-06-05 23:21:29', '34605ce2-7334-4b25-b6d1-e52c2bd50296'),
 ('201', 'MatrixBlock', '1', '0', '2017-06-05 19:02:47', '2017-06-05 23:21:29', 'a43002e3-0494-4cef-a8ab-6590ca2ae8da'),
 ('202', 'Category', '1', '0', '2017-06-05 19:05:21', '2017-06-05 23:21:42', 'de1dc389-23a1-4abb-bfd9-a9bd2a159b99'),
 ('203', 'MatrixBlock', '1', '0', '2017-06-05 19:05:21', '2017-06-05 23:21:42', '867b14c8-4e6e-4185-8055-abb02f2b69f8'),
 ('204', 'MatrixBlock', '1', '0', '2017-06-05 19:05:21', '2017-06-05 23:21:42', 'd17e9ab4-3dbf-4aa6-a9fd-2833a3b46c33'),
 ('205', 'MatrixBlock', '1', '0', '2017-06-05 19:05:22', '2017-06-05 23:21:42', '0ec344a9-6f39-4198-9e21-041374169391'),
 ('206', 'MatrixBlock', '1', '0', '2017-06-05 19:05:22', '2017-06-05 23:21:42', '86a49cc8-dd8f-4fa9-85fc-c89e77808bd1'),
 ('207', 'Category', '1', '0', '2017-06-05 19:06:40', '2017-06-05 23:22:03', '3c19d95f-cf31-4c2a-9ebe-24b4ae6489dc'),
 ('208', 'MatrixBlock', '1', '0', '2017-06-05 19:06:40', '2017-06-05 23:22:03', '487bee80-cb30-4785-add4-17d49f7f3f40'),
 ('209', 'MatrixBlock', '1', '0', '2017-06-05 19:06:40', '2017-06-05 23:22:03', 'adbccab6-c286-43f5-849b-36c7412eef99'),
 ('210', 'Category', '1', '0', '2017-06-05 19:07:55', '2017-06-05 23:22:26', 'f3fef158-b78c-4e89-9035-3e6fc343b3f6'),
 ('211', 'MatrixBlock', '1', '0', '2017-06-05 19:07:55', '2017-06-05 23:22:26', '3c34b167-ceb6-4f8b-a3cd-8924307b68ec'),
 ('212', 'MatrixBlock', '1', '0', '2017-06-05 19:07:55', '2017-06-05 23:22:26', '2190e729-1ac0-4956-a692-6388ea07ca30'),
 ('213', 'MatrixBlock', '1', '0', '2017-06-05 19:07:55', '2017-06-05 23:22:26', '61de8d69-4197-4a35-834c-b8972149c427'),
 ('214', 'Category', '1', '0', '2017-06-05 19:09:10', '2017-06-07 01:37:21', '8e255c3c-5908-493e-8425-96e19c5b6a47'),
 ('215', 'MatrixBlock', '1', '0', '2017-06-05 19:09:11', '2017-06-07 01:37:21', '063ed83c-6d97-448e-a7b2-066c777e5355'),
 ('216', 'Category', '1', '0', '2017-06-05 19:10:26', '2017-06-07 01:37:02', '3d0e4f11-78e1-4130-8a69-29b20b9a6ca4'),
 ('217', 'MatrixBlock', '1', '0', '2017-06-05 19:10:26', '2017-06-07 01:37:02', '87e5e219-ca3e-48c5-9d1a-205fe9976edc'),
 ('218', 'MatrixBlock', '1', '0', '2017-06-05 19:10:26', '2017-06-07 01:37:02', 'e39b7b6f-2961-4e5b-a4a8-d29cbb5630bb'),
 ('219', 'MatrixBlock', '1', '0', '2017-06-05 19:10:27', '2017-06-07 01:37:02', 'df58c4b7-558c-48c7-984b-d3a0db59799c'),
 ('220', 'Category', '1', '0', '2017-06-05 19:16:32', '2017-06-05 23:23:29', '7098e10f-fce4-425c-9c39-6fbe69706493'),
 ('221', 'MatrixBlock', '1', '0', '2017-06-05 19:16:32', '2017-06-05 23:23:29', '6056c398-ec00-4a0d-9604-271932af9029'),
 ('222', 'MatrixBlock', '1', '0', '2017-06-05 19:16:32', '2017-06-05 23:23:29', 'ff86ec51-4b8d-4d89-a68d-1753476b6f84'),
 ('223', 'MatrixBlock', '1', '0', '2017-06-05 19:16:32', '2017-06-05 23:23:29', '65256b20-a5a9-4b0c-a316-a4a11741075e'),
 ('224', 'MatrixBlock', '1', '0', '2017-06-05 19:16:32', '2017-06-05 23:23:29', '4fd2ce17-da76-4048-8861-07e28b0322ac'),
 ('225', 'MatrixBlock', '1', '0', '2017-06-05 19:16:32', '2017-06-05 23:23:29', '5af3ab43-8348-4635-a710-49519dd1736d'),
 ('226', 'MatrixBlock', '1', '0', '2017-06-05 19:16:32', '2017-06-05 23:23:29', 'e90ee5f5-3812-45b3-816d-4d5f2433f390'),
 ('227', 'MatrixBlock', '1', '0', '2017-06-05 19:16:32', '2017-06-05 23:23:29', 'b8d1eca7-64bb-411c-8082-9d6e91c157ac'),
 ('228', 'MatrixBlock', '1', '0', '2017-06-05 19:16:32', '2017-06-05 23:23:29', 'cae567d0-83e7-4786-8a6f-b94b6deaf6e4'),
 ('229', 'MatrixBlock', '1', '0', '2017-06-05 19:16:32', '2017-06-05 23:23:29', '22d2db1f-f215-4ba5-bd08-3cbb8e9b9dbc'),
 ('230', 'Category', '1', '0', '2017-06-05 19:22:12', '2017-06-05 23:23:44', '334a3f77-63da-4f85-a255-685b1640f66c'),
 ('231', 'MatrixBlock', '1', '0', '2017-06-05 19:22:12', '2017-06-05 23:23:44', '8d8b0461-f18a-4c53-b0a4-54a757699361'),
 ('232', 'MatrixBlock', '1', '0', '2017-06-05 19:22:12', '2017-06-05 23:23:44', 'bbafb1f4-1510-4091-8047-d58fafc5b4d4'),
 ('233', 'MatrixBlock', '1', '0', '2017-06-05 19:22:12', '2017-06-05 23:23:44', '3a8c3b5f-f442-4405-98fa-62eb499bb85e'),
 ('234', 'MatrixBlock', '1', '0', '2017-06-05 19:22:12', '2017-06-05 23:23:44', '98ad1a60-a589-4585-b68f-d75041c3a997'),
 ('235', 'MatrixBlock', '1', '0', '2017-06-05 19:22:12', '2017-06-05 23:23:44', '57d6c844-25ae-437a-9c33-04d8ae6081da'),
 ('236', 'MatrixBlock', '1', '0', '2017-06-05 19:22:12', '2017-06-05 23:23:44', '9fd4b595-0ff3-4886-815b-4eb94b8be907'),
 ('237', 'MatrixBlock', '1', '0', '2017-06-05 19:22:12', '2017-06-05 23:23:44', 'd15b4af9-c098-4f6a-8e05-c01472421006');
INSERT INTO `brgsh_elements` (`id`, `type`, `enabled`, `archived`, `dateCreated`, `dateUpdated`, `uid`) VALUES
 ('238', 'MatrixBlock', '1', '0', '2017-06-05 19:22:12', '2017-06-05 23:23:44', 'b3306145-4e3e-4f5e-a170-737a7db951d2'),
 ('239', 'Category', '1', '0', '2017-06-05 20:02:36', '2017-06-05 20:21:02', '8f542885-4f3a-48af-8d25-cecc2b78d1f7'),
 ('240', 'Category', '1', '0', '2017-06-05 20:02:52', '2017-06-05 23:40:49', 'e8ef770d-deef-4d9b-8736-085004baa903'),
 ('241', 'Category', '1', '0', '2017-06-05 20:03:19', '2017-06-05 20:21:11', 'aa6f3582-20ba-459f-97b5-90cb5df1e302'),
 ('242', 'Category', '1', '0', '2017-06-05 20:04:47', '2017-06-05 20:22:16', '4c7f21b1-2d7a-43df-aa18-f3da33ff0d7f'),
 ('243', 'Category', '1', '0', '2017-06-05 20:05:46', '2017-06-05 23:41:00', '6d94bd18-a4ed-4ad5-b4b8-69194b30e170'),
 ('244', 'Category', '1', '0', '2017-06-05 20:06:09', '2017-06-05 23:41:15', '61880756-05af-4a05-999f-8aaca615715e'),
 ('245', 'Category', '1', '0', '2017-06-05 20:06:33', '2017-06-05 23:41:23', '044755e5-1991-470a-8f77-6a4737d66232'),
 ('246', 'Category', '1', '0', '2017-06-05 20:07:07', '2017-06-05 23:41:35', '89afe4c5-d10f-4200-80c1-8919455759b3'),
 ('247', 'Category', '1', '0', '2017-06-05 20:08:06', '2017-06-05 20:22:06', '54af2090-4ae8-43ee-a00d-191e4a054082'),
 ('248', 'Category', '1', '0', '2017-06-05 20:21:25', '2017-06-05 20:21:39', '679feaa9-891a-48a9-b37b-92830cd07bc8'),
 ('249', 'Asset', '1', '0', '2017-06-05 20:24:01', '2017-06-05 20:24:01', 'f9b15b55-cd8d-4bdd-ae61-1cfe94192b1d'),
 ('250', 'Asset', '1', '0', '2017-06-05 20:25:44', '2017-06-05 20:25:44', 'b248eefd-5899-4bd2-801f-76357499b5ac'),
 ('251', 'Asset', '1', '0', '2017-06-05 21:06:07', '2017-06-05 21:06:07', 'c315b898-cb14-4b2f-9d62-1e2b70a35eae'),
 ('252', 'Asset', '1', '0', '2017-06-05 21:06:20', '2017-06-05 21:06:20', '5b05dbc8-3436-4819-a8ca-55cc10607afd'),
 ('253', 'Asset', '1', '0', '2017-06-05 21:07:50', '2017-06-05 21:07:50', 'e04b5abf-ad2e-4206-bbaf-424950351b5d'),
 ('254', 'Asset', '1', '0', '2017-06-05 21:12:04', '2017-06-05 21:12:04', 'd9a6b037-b5e0-4e20-b0d5-6257a2090be9'),
 ('255', 'Asset', '1', '0', '2017-06-05 21:12:16', '2017-06-05 21:12:16', 'e181210a-4487-4a31-93cc-1cec891bcd19'),
 ('256', 'Asset', '1', '0', '2017-06-05 21:12:28', '2017-06-05 21:12:28', '973cb265-c646-47c1-87cd-25bd15972f54'),
 ('257', 'Asset', '1', '0', '2017-06-05 23:19:59', '2017-06-05 23:19:59', '0622057f-0524-4182-a0a2-6bc66344650c'),
 ('258', 'Asset', '1', '0', '2017-06-05 23:20:12', '2017-06-05 23:20:12', 'd1093477-aabd-44fb-9414-988bfd10d177'),
 ('259', 'Asset', '1', '0', '2017-06-05 23:21:14', '2017-06-05 23:21:14', '4f8c4e81-e55e-4843-b38f-19cc4a8512ee'),
 ('260', 'Asset', '1', '0', '2017-06-05 23:21:27', '2017-06-05 23:21:27', '6c6bfc52-e03f-46d6-b151-18d19b786614'),
 ('261', 'Asset', '1', '0', '2017-06-05 23:21:39', '2017-06-05 23:21:39', '5c536a9d-d7d9-41e4-9057-c67d402d8a66'),
 ('262', 'Asset', '1', '0', '2017-06-05 23:21:59', '2017-06-05 23:21:59', 'ca4a5f28-4df0-4152-88f1-7b01884f6f6e'),
 ('263', 'Asset', '1', '0', '2017-06-05 23:22:22', '2017-06-05 23:22:22', '8a87a827-b32f-4d7e-87d5-0e77ce0f755f'),
 ('264', 'Asset', '1', '0', '2017-06-05 23:22:39', '2017-06-05 23:22:39', 'fdebc696-d8b9-465b-b257-8550342d038a'),
 ('265', 'Asset', '1', '0', '2017-06-05 23:23:03', '2017-06-05 23:23:03', '56b908fc-f26a-44a7-b43c-9ffd90dd372b'),
 ('266', 'Asset', '1', '0', '2017-06-05 23:23:19', '2017-06-05 23:23:19', 'bd991e58-a64d-4929-aa56-8768fa4c1fff'),
 ('267', 'Asset', '1', '0', '2017-06-05 23:23:41', '2017-06-05 23:23:41', 'ec9fccae-688a-4913-ab28-09a979ad4c28'),
 ('268', 'Asset', '1', '0', '2017-06-05 23:40:46', '2017-06-05 23:40:46', 'a19e5a61-ee76-43f8-b215-90e1f8824da7'),
 ('269', 'Asset', '1', '0', '2017-06-05 23:40:58', '2017-06-05 23:40:58', '53b01805-3ca5-4248-9caa-5ae7889c35c6'),
 ('270', 'Asset', '1', '0', '2017-06-05 23:41:08', '2017-06-05 23:41:08', 'cbb07cb4-69c8-4e0c-baef-0931982ac9d3'),
 ('271', 'Asset', '1', '0', '2017-06-05 23:41:21', '2017-06-05 23:41:21', '157a0a08-dbcf-446f-8b31-42540edb39de'),
 ('272', 'Asset', '1', '0', '2017-06-05 23:41:33', '2017-06-05 23:41:33', 'ba547ed2-aef1-45e5-b894-bf96f194cc0c'),
 ('273', 'Asset', '1', '0', '2017-06-05 23:42:00', '2017-06-05 23:42:00', '3dfa5f84-3f5f-4e1b-be4d-29fc7e2de7d7'),
 ('274', 'Asset', '1', '0', '2017-06-06 17:38:35', '2017-06-06 17:38:35', 'b7bf3c75-b798-4d49-aa1b-1cdc5da03767'),
 ('275', 'Asset', '1', '0', '2017-06-06 17:38:35', '2017-06-06 17:38:35', '619e89f9-d094-4b3d-8115-ffe271d90c68'),
 ('276', 'Asset', '1', '0', '2017-06-06 17:38:35', '2017-06-06 17:38:35', '5e9193fb-e110-4ac7-b8aa-9530e8610240'),
 ('277', 'Asset', '1', '0', '2017-06-06 17:38:36', '2017-06-06 17:38:36', 'c42e914a-5d94-463c-8f38-a3d5b0734724'),
 ('278', 'Asset', '1', '0', '2017-06-06 17:38:36', '2017-06-06 17:38:36', '94399f81-bf81-4460-b94a-16ec6433029a'),
 ('279', 'Asset', '1', '0', '2017-06-06 17:38:36', '2017-06-06 17:38:36', '0e25367c-62d8-4353-9a88-6e8608c88c13'),
 ('280', 'Asset', '1', '0', '2017-06-06 17:38:36', '2017-06-06 17:38:36', '994f1d31-0acd-49b3-8b83-d05651e3d70a'),
 ('281', 'Asset', '1', '0', '2017-06-06 17:38:36', '2017-06-06 17:38:36', 'ca45a4e1-4e44-41d5-bd24-b12a2c0af5f4'),
 ('282', 'Asset', '1', '0', '2017-06-06 17:38:36', '2017-06-06 17:38:36', 'f8aedf60-c239-4798-bce7-7db29ee3c6a6'),
 ('283', 'Asset', '1', '0', '2017-06-06 17:38:36', '2017-06-06 17:38:36', '88c68e47-5057-4b0f-8253-8b0eee61a94b'),
 ('284', 'Asset', '1', '0', '2017-06-06 17:38:36', '2017-06-06 17:38:37', '5d13fc04-3bc1-442c-8e3c-812f4686ef1c'),
 ('285', 'Asset', '1', '0', '2017-06-06 17:38:37', '2017-06-06 17:38:37', 'b6dc1a68-ec0c-4715-8d82-33f7b220fd7e'),
 ('286', 'Asset', '1', '0', '2017-06-06 17:38:37', '2017-06-06 17:38:37', 'd431ae86-f715-4d85-a09b-7cba35a6b4a1'),
 ('287', 'Asset', '1', '0', '2017-06-06 17:38:37', '2017-06-06 17:38:37', '94f02e44-6a88-4ab9-950f-df810890fc33'),
 ('288', 'Asset', '1', '0', '2017-06-06 17:38:37', '2017-06-06 17:38:37', '8094189b-4f26-4af3-893d-9dd1b12a00a0'),
 ('289', 'Asset', '1', '0', '2017-06-06 17:38:37', '2017-06-06 17:38:37', '42908b65-dc03-4ac3-9cd6-8293193bd44c'),
 ('290', 'Asset', '1', '0', '2017-06-06 17:38:37', '2017-06-06 17:38:38', '88791857-0ff2-40db-94c5-c81de0c9d8ce'),
 ('291', 'Asset', '1', '0', '2017-06-06 17:38:38', '2017-06-06 17:38:38', '2be93068-1e37-4f25-ba77-f215b626e696'),
 ('292', 'Asset', '1', '0', '2017-06-06 17:38:38', '2017-06-06 17:38:38', 'ea5ea180-b65d-4827-a22f-321fa3ff048d'),
 ('293', 'Asset', '1', '0', '2017-06-06 17:38:38', '2017-06-06 17:38:38', '225f64c1-b941-4591-9512-3e4a327bb99d'),
 ('294', 'Asset', '1', '0', '2017-06-06 17:38:38', '2017-06-06 17:38:38', 'b9a0e3ae-3028-43ca-8519-45f6390d1fae'),
 ('295', 'Asset', '1', '0', '2017-06-06 17:38:38', '2017-06-06 17:38:39', 'e35765a4-363d-46b7-bbca-08a25eab7d06'),
 ('296', 'GlobalSet', '1', '0', '2017-06-07 00:27:21', '2017-06-07 00:28:07', '01e7a06f-7bab-4b00-a89b-c5513e1f72ff'),
 ('297', 'Asset', '1', '0', '2017-06-07 01:23:16', '2017-06-07 01:23:16', 'c94ea26d-cb6a-480b-9ae5-fb9c0ceddf0c'),
 ('298', 'Asset', '1', '0', '2017-06-07 01:24:46', '2017-06-07 01:24:46', '12f10772-b49b-4759-9e95-ab49d9b1f245'),
 ('299', 'Asset', '1', '0', '2017-06-07 01:25:47', '2017-06-07 01:25:47', '850b2213-e40c-4c92-9cc5-bdca78589ac1'),
 ('300', 'Asset', '1', '0', '2017-06-07 01:27:16', '2017-06-07 01:27:16', 'accc4d0d-b5f4-461a-a9ea-c82e37a2774c'),
 ('301', 'Asset', '1', '0', '2017-06-07 01:27:53', '2017-06-07 01:27:53', 'ac381535-6ab8-4382-9a99-68614201f8ea'),
 ('302', 'Asset', '1', '0', '2017-06-07 01:29:08', '2017-06-07 01:29:08', 'b226ddeb-3e21-4ceb-a405-1eb0b85a3265'),
 ('303', 'Asset', '1', '0', '2017-06-07 01:34:12', '2017-06-07 01:34:12', 'cf1830a7-b4fb-443b-b0ab-a1bf346a492e');



DROP TABLE IF EXISTS `brgsh_elements_i18n`;


--
-- Schema for table `brgsh_elements_i18n`
--
CREATE TABLE `brgsh_elements_i18n` (
  `id` int(11) NOT NULL AUTO_INCREMENT,
  `elementId` int(11) NOT NULL,
  `locale` char(12) COLLATE utf8_unicode_ci NOT NULL,
  `slug` varchar(255) COLLATE utf8_unicode_ci DEFAULT NULL,
  `uri` varchar(255) COLLATE utf8_unicode_ci DEFAULT NULL,
  `enabled` tinyint(1) unsigned NOT NULL DEFAULT '1',
  `dateCreated` datetime NOT NULL,
  `dateUpdated` datetime NOT NULL,
  `uid` char(36) COLLATE utf8_unicode_ci NOT NULL DEFAULT '0',
  PRIMARY KEY (`id`),
  UNIQUE KEY `brgsh_elements_i18n_elementId_locale_unq_idx` (`elementId`,`locale`),
  UNIQUE KEY `brgsh_elements_i18n_uri_locale_unq_idx` (`uri`,`locale`),
  KEY `brgsh_elements_i18n_slug_locale_idx` (`slug`,`locale`),
  KEY `brgsh_elements_i18n_enabled_idx` (`enabled`),
  KEY `brgsh_elements_i18n_locale_fk` (`locale`)
) ENGINE=InnoDB AUTO_INCREMENT=304 DEFAULT CHARSET=utf8 COLLATE=utf8_unicode_ci;

--
-- Data for table `brgsh_elements_i18n`
--

INSERT INTO `brgsh_elements_i18n` (`id`, `elementId`, `locale`, `slug`, `uri`, `enabled`, `dateCreated`, `dateUpdated`, `uid`) VALUES
 ('1', '1', 'ru_ru', '', NULL, '1', '2017-05-27 01:12:21', '2017-06-02 10:12:13', '3e07be60-39b3-49ce-bf9a-bb5c7a67f6d9'),
 ('2', '2', 'ru_ru', 'homepage', '__home__', '1', '2017-05-27 01:12:23', '2017-06-06 13:00:36', '0795eb5c-86de-4dd7-a0fa-55ed1a838f55'),
 ('4', '4', 'ru_ru', 'glavnaya', NULL, '1', '2017-05-28 16:07:54', '2017-05-28 23:40:39', 'a7e43b34-71e8-4b36-8698-b24e1f54fb89'),
 ('5', '5', 'ru_ru', 'menyu', NULL, '1', '2017-05-28 16:08:00', '2017-05-28 23:40:55', '3698cc90-c13e-4369-82a5-80503521bd93'),
 ('6', '6', 'ru_ru', 'fotogalereya', NULL, '1', '2017-05-28 16:08:15', '2017-05-28 23:41:11', 'c85ab3c6-f4f2-4c60-b1ed-d70f6dd6450d'),
 ('7', '7', 'ru_ru', 'kontakty', NULL, '1', '2017-05-28 16:08:35', '2017-06-02 10:05:39', 'e37c6c60-5583-43e0-9795-cd08ccd28e0c'),
 ('8', '8', 'ru_ru', 'otzyvy', NULL, '1', '2017-05-28 16:08:43', '2017-05-28 23:41:31', '61a9c7a4-7832-4903-b33f-589900adae61'),
 ('9', '9', 'ru_ru', 'osnovnoe-menyu', 'menu/osnovnoe-menyu', '1', '2017-05-28 16:10:53', '2017-06-07 00:17:12', 'fa85e07a-3a25-4272-b2b8-76af6572b726'),
 ('12', '12', 'ru_ru', 'barnoe-menyu', 'menu/barnoe-menyu', '1', '2017-05-28 18:37:08', '2017-06-07 00:17:12', '8ced49e1-f4e7-4b35-9973-4d9a8ce09e4f'),
 ('43', '43', 'ru_ru', 'vee6161-2-3-tonemapped', NULL, '1', '2017-05-28 21:13:36', '2017-05-28 21:13:36', '3d4785fd-f353-4eed-b567-e7a933a39728'),
 ('44', '44', 'ru_ru', 'vee6460', NULL, '1', '2017-05-28 21:13:37', '2017-05-28 21:13:37', 'bbbefd58-c1bc-4d00-a93e-31804b151d7c'),
 ('45', '45', 'ru_ru', 'vee6676', NULL, '1', '2017-05-28 21:13:37', '2017-05-28 21:13:37', '84514672-ba02-496b-89a4-a68b30413d59'),
 ('46', '46', 'ru_ru', 'vee6804-5-6-tonemapped', NULL, '1', '2017-05-28 21:13:37', '2017-05-28 21:13:37', '97105bf4-e497-4b50-b162-aecaa081720f'),
 ('47', '47', 'ru_ru', 'vee6914-5-6-tonemapped', NULL, '1', '2017-05-28 21:13:37', '2017-05-28 21:13:37', '38cdea8a-8fef-4a52-8be6-e045baf76763'),
 ('48', '48', 'ru_ru', '1', NULL, '1', '2017-05-28 21:13:37', '2017-05-28 21:13:37', '02494c51-6b85-43c0-b570-c7e9dcb4109d'),
 ('49', '49', 'ru_ru', '3', NULL, '1', '2017-05-28 21:13:38', '2017-05-28 21:13:38', '00d9f661-187d-4ac5-8e5c-0137fe964aa2'),
 ('50', '50', 'ru_ru', '4', NULL, '1', '2017-05-28 21:13:38', '2017-05-28 21:13:38', 'bcd8989c-fd5c-4849-ad4a-8e32cef409a4'),
 ('51', '51', 'ru_ru', 'testovyj-slajd', NULL, '1', '2017-05-28 21:14:16', '2017-05-31 03:01:58', '94f4008b-0d24-47f6-95e8-46ac7307778d'),
 ('52', '52', 'ru_ru', '', NULL, '1', '2017-05-28 21:14:16', '2017-05-31 03:01:58', 'bb2696c9-8214-4fe5-ab07-43fea95c3fb9'),
 ('53', '53', 'ru_ru', '', NULL, '1', '2017-05-28 21:25:58', '2017-05-28 21:37:00', '9db8395f-4c80-457d-be43-e99ee0a71296'),
 ('54', '54', 'ru_ru', '', NULL, '1', '2017-05-28 21:26:17', '2017-05-29 11:11:55', '8231a7fc-e13b-4c4c-8708-4e8d911e967f'),
 ('55', '55', 'ru_ru', '', NULL, '1', '2017-05-28 21:26:32', '2017-05-29 11:12:24', '0edb4110-dd53-4cd8-88aa-58b9a65b6b32'),
 ('56', '56', 'ru_ru', '', NULL, '1', '2017-05-28 21:26:47', '2017-05-28 21:32:37', '64494ddf-f6b4-48e8-8723-fb9450de33f9'),
 ('57', '57', 'ru_ru', '', NULL, '1', '2017-05-28 21:28:01', '2017-06-02 08:12:06', 'e61c65f5-b05d-4e13-b98e-490889c03417'),
 ('58', '58', 'ru_ru', '', NULL, '1', '2017-05-28 21:28:37', '2017-06-04 15:46:39', '58db85cf-91eb-4b89-81eb-6b5bef78c553'),
 ('59', '59', 'ru_ru', 'my-otkrylis', NULL, '1', '2017-05-28 23:00:11', '2017-05-31 03:01:28', '10085444-964a-4bc0-83e4-d0aaf317be5f'),
 ('60', '60', 'ru_ru', '', NULL, '1', '2017-05-28 23:00:11', '2017-05-31 03:01:28', '58909850-642b-4382-a57a-836ea31ec3d4'),
 ('61', '61', 'ru_ru', 'novosti', NULL, '1', '2017-05-28 23:44:43', '2017-05-28 23:44:48', 'bc53dc49-bba4-404f-847a-4e52c11f8bc7'),
 ('62', '62', 'ru_ru', 'tasty-spotlight-cheese', NULL, '1', '2017-05-29 01:17:17', '2017-05-29 01:17:17', '9a0109b7-2200-461e-87c8-a561a0f18378'),
 ('63', '63', 'ru_ru', '', NULL, '1', '2017-05-29 01:21:41', '2017-06-06 13:00:36', 'f20bf64d-2b74-424f-8f9e-2ad2eceee1e9'),
 ('64', '64', 'ru_ru', '', NULL, '1', '2017-05-29 01:21:41', '2017-06-06 13:00:36', 'da29162c-001a-4e71-8658-bd80d549e6f6'),
 ('65', '65', 'ru_ru', '', NULL, '1', '2017-05-29 01:21:42', '2017-06-06 13:00:36', '7a9c6c03-92fc-4cce-96df-032270a245bf'),
 ('66', '66', 'ru_ru', '', NULL, '1', '2017-05-29 01:21:42', '2017-06-06 13:00:36', 'a5138fd6-91b8-41ca-91af-11d035caf163'),
 ('67', '67', 'ru_ru', 'kraftovoe-pivo-ot-pivovaren-jaws-knightberg-brew-dog-de-molen', 'news/2017/kraftovoe-pivo-ot-pivovaren-jaws-knightberg-brew-dog-de-molen', '1', '2017-05-29 01:40:46', '2017-06-06 13:03:30', '9b6771c9-194a-4665-b413-7df7f260dab4'),
 ('68', '68', 'ru_ru', 'novoe-menyu', 'news/2017/novoe-menyu', '1', '2017-05-29 01:41:02', '2017-05-31 02:55:00', 'da1710cf-ab4b-4379-9708-00a04079c4c4'),
 ('69', '69', 'ru_ru', 'special-1', NULL, '1', '2017-05-29 01:53:39', '2017-05-29 01:53:39', '5ca70a4f-d5e4-4fc8-a6fd-e730a51216b4'),
 ('70', '70', 'ru_ru', 'contact', 'contact', '1', '2017-05-29 23:56:22', '2017-05-30 15:21:16', 'd128f4de-1858-49f3-9187-609a2bc4bff9'),
 ('71', '71', 'ru_ru', 'reviews', 'reviews', '1', '2017-05-29 23:56:40', '2017-05-30 15:11:33', '400cb682-c77d-4330-96ef-2a6e0837c0e3'),
 ('72', '72', 'ru_ru', 'gallery', 'gallery', '1', '2017-05-29 23:56:56', '2017-06-06 17:39:26', '50cf9242-5bb6-4491-8d19-8788329dccb0'),
 ('73', '73', 'ru_ru', 'bg-image-12', NULL, '1', '2017-05-30 15:07:24', '2017-05-30 15:07:24', '46a4118b-1b83-46d1-b6e5-11b5d1abd222'),
 ('74', '74', 'ru_ru', 'vee6161-2-3-tonemapped', NULL, '1', '2017-05-30 20:30:43', '2017-06-06 17:38:39', '7851b00b-15a2-4b6d-b9ea-fbbe30858a06'),
 ('75', '75', 'ru_ru', 'vee6460', NULL, '1', '2017-05-30 20:30:44', '2017-06-06 17:38:39', '63388566-9b6b-4a5d-803b-34af62caaec1'),
 ('76', '76', 'ru_ru', 'vee6676', NULL, '1', '2017-05-30 20:30:44', '2017-06-06 17:38:39', '3e033326-a7c6-45e8-b6df-bfaeb7651810'),
 ('77', '77', 'ru_ru', 'vee6804-5-6-tonemapped', NULL, '1', '2017-05-30 20:30:45', '2017-06-06 17:38:39', '1fd494ca-8a54-4ffd-9073-bc6f037ae9c7'),
 ('78', '78', 'ru_ru', 'vee6914-5-6-tonemapped', NULL, '1', '2017-05-30 20:30:45', '2017-06-06 17:38:39', '5eec4bd7-06fc-4dff-ad5a-004113cbe9f4'),
 ('79', '79', 'ru_ru', '1', NULL, '1', '2017-05-30 20:30:45', '2017-06-06 17:38:35', '69ef822e-6d39-42d2-8172-62d23ce8235b'),
 ('80', '80', 'ru_ru', '3', NULL, '1', '2017-05-30 20:30:45', '2017-06-06 17:38:35', '5eb0feaa-6c6a-4d53-8e27-3ad8fba7d750'),
 ('81', '81', 'ru_ru', '4', NULL, '1', '2017-05-30 20:30:46', '2017-06-06 17:38:35', '69d420d1-a993-471b-aea6-8eb251678dd3'),
 ('82', '82', 'ru_ru', 'novinki', NULL, '1', '2017-05-30 20:43:57', '2017-05-30 20:43:57', '40d2e8e5-83b6-48f6-95a0-608ee28d2303'),
 ('83', '83', 'ru_ru', 'skidki', NULL, '1', '2017-05-30 20:44:01', '2017-05-30 20:44:01', '592d1210-4934-46c5-a9e4-7c74bda4665c'),
 ('84', '84', 'ru_ru', 'kupony', NULL, '1', '2017-05-30 20:44:05', '2017-05-30 20:44:05', '164f1b8e-bf12-4b8c-84fb-e893f741b8b2'),
 ('85', '85', 'ru_ru', 'transl', NULL, '1', '2017-05-30 20:44:10', '2017-05-30 20:44:10', 'acaa8dd2-ff03-420e-a549-4ee940a11546'),
 ('86', '86', 'ru_ru', 'translyacii', NULL, '1', '2017-05-30 20:44:19', '2017-05-30 20:44:19', '6a7f4a38-01b5-459e-905c-6af4dc83cbb0'),
 ('90', '90', 'ru_ru', 'food-1', NULL, '1', '2017-05-31 00:49:34', '2017-05-31 00:56:57', '347db7c8-e9b2-4167-996e-ce5666369674'),
 ('91', '91', 'ru_ru', 'food-2', NULL, '1', '2017-05-31 00:56:57', '2017-05-31 00:56:57', '6080f10c-d847-4b36-9df3-f838d0ccc277'),
 ('92', '92', 'ru_ru', 'food-3', NULL, '1', '2017-05-31 00:56:57', '2017-05-31 00:56:57', '9f13385f-259f-4e1a-8bb2-6db6031c23f0'),
 ('93', '93', 'ru_ru', 'food-4', NULL, '1', '2017-05-31 00:56:57', '2017-05-31 00:56:57', '0355eaae-2540-4861-98be-ade875aa4bb7'),
 ('94', '94', 'ru_ru', 'food-5', NULL, '1', '2017-05-31 00:56:57', '2017-05-31 00:56:57', '57025aa5-5792-466b-a16c-a1e84b498f2f'),
 ('95', '95', 'ru_ru', 'food-6', NULL, '1', '2017-05-31 00:56:57', '2017-05-31 00:56:57', '20f7fa82-7450-4f56-9d23-82d66a029cec'),
 ('96', '96', 'ru_ru', 'utleie', NULL, '1', '2017-05-31 02:45:25', '2017-05-31 02:45:25', '8707a57b-1b14-473b-95df-32327cb87163'),
 ('97', '97', 'ru_ru', 'beer-back', NULL, '1', '2017-05-31 02:47:05', '2017-05-31 02:47:05', 'b33c08bb-ea59-4e31-b077-a6322332fc44'),
 ('98', '98', 'ru_ru', 'woocommerce-coupon-tracking-addon', NULL, '1', '2017-05-31 02:49:32', '2017-05-31 02:49:32', '25cc0905-b339-4754-8c67-14d20f3e7c96'),
 ('99', '99', 'ru_ru', '162f8f90c9897b80d23fcdcfc4e4036a', NULL, '1', '2017-05-31 02:49:57', '2017-05-31 02:49:57', '284e5f76-ce71-449a-ad45-d87548348a30'),
 ('100', '100', 'ru_ru', 'crispy-duck-salad-green-beans-super-jumbo', NULL, '1', '2017-05-31 02:53:32', '2017-05-31 02:53:32', 'b12e61d4-0eea-4162-b49c-6fe4ec7b0a17'),
 ('101', '101', 'ru_ru', 'krab-kamchatca', NULL, '1', '2017-05-31 02:56:58', '2017-05-31 02:56:58', '1943617d-dc02-49ba-a15a-344ae26a494c'),
 ('102', '102', 'ru_ru', 'v-menyu-poyavilsya-kamchatskij-krab', 'news/2017/v-menyu-poyavilsya-kamchatskij-krab', '1', '2017-05-31 02:57:01', '2017-05-31 02:57:01', '773f8952-5dca-4e83-94bb-ef4860fa25ce'),
 ('103', '103', 'ru_ru', 'beer-1', NULL, '1', '2017-05-31 03:00:07', '2017-05-31 03:00:07', '861aa1e9-0548-4d23-bfb2-ce2fb675bf61'),
 ('104', '104', 'ru_ru', '', NULL, '1', '2017-06-02 08:07:37', '2017-06-02 08:12:01', 'd0114e85-1533-464a-bc8e-ea462add7208'),
 ('105', '105', 'ru_ru', 'testovyj-slajd', NULL, '1', '2017-06-02 08:14:49', '2017-06-02 08:15:31', '7fde09be-9dfb-4fb7-a5fb-20aa0da11b38'),
 ('106', '106', 'ru_ru', '', NULL, '1', '2017-06-02 08:14:49', '2017-06-02 08:15:31', 'cacd1563-7899-4f2a-9e27-bcfcda2c7dfb'),
 ('107', '107', 'ru_ru', 'testovyj-slajd', NULL, '1', '2017-06-02 08:14:52', '2017-06-02 08:15:45', '1a128241-88e6-4e85-8b60-194c20f306a4'),
 ('108', '108', 'ru_ru', '', NULL, '1', '2017-06-02 08:14:52', '2017-06-02 08:15:45', '6f127899-b200-4f2e-8ea6-c402af524fed'),
 ('109', '109', 'ru_ru', 'testovyj-slajd', NULL, '1', '2017-06-02 08:14:54', '2017-06-02 08:15:53', '53d4f866-49ac-4cf6-9d63-a02b09e44bbd'),
 ('110', '110', 'ru_ru', '', NULL, '1', '2017-06-02 08:14:54', '2017-06-02 08:15:53', '556ee914-98dd-49ad-b5f3-39b7b67eeac6'),
 ('111', '111', 'ru_ru', 'my-otkrylis', NULL, '1', '2017-06-02 08:16:02', '2017-06-02 08:16:22', 'ca334f62-37db-4aff-ae41-ae5f72907a77'),
 ('112', '112', 'ru_ru', '', NULL, '1', '2017-06-02 08:16:02', '2017-06-02 08:16:22', '691b207e-a40b-44a4-bc53-7fd7137d258c'),
 ('113', '113', 'ru_ru', 'my-otkrylis', NULL, '1', '2017-06-02 08:16:04', '2017-06-02 08:16:32', '3a82e0ef-1da4-4cda-90d0-24bef42a977d'),
 ('114', '114', 'ru_ru', '', NULL, '1', '2017-06-02 08:16:04', '2017-06-02 08:16:32', 'e90b08af-b7f9-467e-8dfa-e2b3e69b57f3'),
 ('115', '115', 'ru_ru', 'my-otkrylis', NULL, '1', '2017-06-02 08:16:06', '2017-06-02 08:16:42', '18904992-626a-4e2c-b5ae-c0d3446a152e'),
 ('116', '116', 'ru_ru', '', NULL, '1', '2017-06-02 08:16:06', '2017-06-02 08:16:42', '05d604b8-db7c-451c-9a9c-dd730b51c28e'),
 ('117', '117', 'ru_ru', '', NULL, '1', '2017-06-02 08:34:39', '2017-06-02 08:35:26', '4c42dcb7-bb24-4287-a999-c3325385a607'),
 ('118', '118', 'ru_ru', '', NULL, '1', '2017-06-02 08:34:56', '2017-06-02 08:35:24', '5bf469e3-c252-4f9a-82ee-792cf19fde86'),
 ('119', '119', 'ru_ru', 'cuba-libre1-780x780', NULL, '1', '2017-06-02 09:36:07', '2017-06-02 09:36:07', 'a4cc336d-6bd3-4cb5-b672-bc188aef7968'),
 ('120', '120', 'ru_ru', '142249951', NULL, '1', '2017-06-02 09:36:38', '2017-06-02 09:36:38', 'c1b390ca-bdf1-4bd6-99a6-fe019b89c5f4'),
 ('121', '121', 'ru_ru', 'pivo-razlivnoe', 'menu/pivo-razlivnoe', '1', '2017-06-05 18:17:01', '2017-06-07 01:19:01', '7d039f08-1e25-487b-bd31-256714a57143'),
 ('122', '122', 'ru_ru', '', NULL, '1', '2017-06-05 18:23:31', '2017-06-07 01:19:01', '7bfccb12-69f4-46c6-a05b-14cef92f2d63'),
 ('123', '123', 'ru_ru', '', NULL, '1', '2017-06-05 18:23:31', '2017-06-07 01:19:01', '7cb9ccc8-5cb0-427c-b2bc-e0895c7f0258'),
 ('124', '124', 'ru_ru', '', NULL, '1', '2017-06-05 18:23:31', '2017-06-07 01:19:01', '45cc82de-6b26-4ae4-beaa-32e87f442a80'),
 ('125', '125', 'ru_ru', '', NULL, '1', '2017-06-05 18:23:31', '2017-06-07 01:19:01', '993be1f6-2454-458b-ac75-b6ed78439da3'),
 ('126', '126', 'ru_ru', '', NULL, '1', '2017-06-05 18:23:31', '2017-06-07 01:19:01', '30790c61-fd7e-4d88-9fba-6fd6422581e9'),
 ('127', '127', 'ru_ru', '', NULL, '1', '2017-06-05 18:23:31', '2017-06-07 01:19:01', '0216bbb0-2738-4b9a-ae61-eb6de95b892c'),
 ('128', '128', 'ru_ru', '', NULL, '1', '2017-06-05 18:23:31', '2017-06-07 01:19:01', '908c3986-4e3f-4327-bda0-1c91d7789a35'),
 ('130', '130', 'ru_ru', 'kraftovoe-pivo-bochkovoe', 'menu/kraftovoe-pivo-bochkovoe', '1', '2017-06-05 18:25:50', '2017-06-07 00:17:12', '3882b4db-886c-40cb-aba5-20e62ee756f0'),
 ('131', '131', 'ru_ru', '', NULL, '1', '2017-06-05 18:25:50', '2017-06-05 21:12:18', 'e7a9410c-f223-400e-8119-4bbe27701667'),
 ('132', '132', 'ru_ru', '', NULL, '1', '2017-06-05 18:25:50', '2017-06-05 21:12:18', '1f0131e1-0420-4525-aa13-b2a7797167e8'),
 ('133', '133', 'ru_ru', 'kraftovoe-pivo-butylochnoe', 'menu/kraftovoe-pivo-butylochnoe', '1', '2017-06-05 18:29:10', '2017-06-07 00:17:12', 'ee3df7c4-f95a-4260-8104-8e867cfcfd7b'),
 ('134', '134', 'ru_ru', '', NULL, '1', '2017-06-05 18:29:10', '2017-06-05 21:12:30', 'f4ffb9b3-dae8-4604-8131-ddecc1b3a7ff'),
 ('135', '135', 'ru_ru', '', NULL, '1', '2017-06-05 18:29:10', '2017-06-05 21:12:30', 'cc774733-82c8-4f66-b24f-a6ecbc7bc5b7'),
 ('136', '136', 'ru_ru', '', NULL, '1', '2017-06-05 18:29:10', '2017-06-05 21:12:30', 'a9c3f2e8-b86f-44d2-b26d-c51b816eaaec'),
 ('137', '137', 'ru_ru', '', NULL, '1', '2017-06-05 18:29:10', '2017-06-05 21:12:30', '5c0a3267-98ee-40ad-9bdf-d496bd91cfc2');
INSERT INTO `brgsh_elements_i18n` (`id`, `elementId`, `locale`, `slug`, `uri`, `enabled`, `dateCreated`, `dateUpdated`, `uid`) VALUES
 ('138', '138', 'ru_ru', 'koktejli', 'menu/koktejli', '1', '2017-06-05 18:41:04', '2017-06-07 01:34:14', '74232fd3-93a2-43af-ad3c-e86ff39072cd'),
 ('139', '139', 'ru_ru', '', NULL, '1', '2017-06-05 18:41:04', '2017-06-07 01:34:14', 'e1bda775-533a-4952-bdc8-ee36004b2bdd'),
 ('140', '140', 'ru_ru', '', NULL, '1', '2017-06-05 18:41:04', '2017-06-07 01:34:14', '147687b7-6c74-4167-be5d-0a2aa364847f'),
 ('141', '141', 'ru_ru', '', NULL, '1', '2017-06-05 18:41:04', '2017-06-07 01:34:14', '8e7d483b-94df-4f5f-a4a8-4e9ad05b3008'),
 ('142', '142', 'ru_ru', '', NULL, '1', '2017-06-05 18:41:04', '2017-06-07 01:34:14', 'fc60507a-5406-4f17-a534-83b4ca5603a6'),
 ('143', '143', 'ru_ru', '', NULL, '1', '2017-06-05 18:41:04', '2017-06-07 01:34:14', '837ed996-59b3-4069-85bc-9650bc8d0aee'),
 ('144', '144', 'ru_ru', '', NULL, '1', '2017-06-05 18:41:04', '2017-06-07 01:34:14', '9decb425-7ee8-44c6-9225-7e6b8f56e220'),
 ('145', '145', 'ru_ru', '', NULL, '1', '2017-06-05 18:41:04', '2017-06-07 01:34:14', '82543ed0-3d5d-43c8-af0c-cafc17e44035'),
 ('146', '146', 'ru_ru', '', NULL, '1', '2017-06-05 18:41:04', '2017-06-07 01:34:14', '03bedac8-167d-457d-b73b-8b52f1c4dbb5'),
 ('147', '147', 'ru_ru', '', NULL, '1', '2017-06-05 18:41:04', '2017-06-07 01:34:14', 'a39c35d5-41e9-4ec9-af58-c7c2823d8a45'),
 ('148', '148', 'ru_ru', '', NULL, '1', '2017-06-05 18:41:04', '2017-06-07 01:34:14', 'e1f06efb-2ac0-40b0-bc78-69a695b5897f'),
 ('149', '149', 'ru_ru', '', NULL, '1', '2017-06-05 18:41:04', '2017-06-07 01:34:14', '233b9ce5-9305-44c2-bb07-eea7da1e674b'),
 ('150', '150', 'ru_ru', '', NULL, '1', '2017-06-05 18:41:04', '2017-06-07 01:34:14', 'ec2d1f53-17a4-45db-9161-8cb389aa09da'),
 ('151', '151', 'ru_ru', '', NULL, '1', '2017-06-05 18:41:04', '2017-06-07 01:34:14', '4003db6a-529f-4de1-a26b-89ee0f456b01'),
 ('152', '152', 'ru_ru', '', NULL, '1', '2017-06-05 18:41:04', '2017-06-07 01:34:14', '5822dda6-e686-4956-8050-684ad24cac75'),
 ('153', '153', 'ru_ru', '', NULL, '1', '2017-06-05 18:41:04', '2017-06-07 01:34:14', '16e5e91b-7d88-46ef-9d8d-59fe77847c53'),
 ('154', '154', 'ru_ru', '', NULL, '1', '2017-06-05 18:41:04', '2017-06-07 01:34:14', '1a7866dd-92ee-4326-be31-9097f19ef60c'),
 ('155', '155', 'ru_ru', '', NULL, '1', '2017-06-05 18:41:04', '2017-06-07 01:34:14', '6bc92e0f-56ee-4971-908a-f1ddd7cacd15'),
 ('156', '156', 'ru_ru', '', NULL, '1', '2017-06-05 18:41:04', '2017-06-07 01:34:14', 'b2489609-0ee8-4324-9291-3106b9a1916a'),
 ('157', '157', 'ru_ru', '', NULL, '1', '2017-06-05 18:41:04', '2017-06-07 01:34:14', '01f126a3-9d60-4c38-b2d5-23597dca99e1'),
 ('158', '158', 'ru_ru', '', NULL, '1', '2017-06-05 18:41:04', '2017-06-07 01:34:14', 'a50d8a3d-cb66-432e-9c79-a803c7a69147'),
 ('159', '159', 'ru_ru', '', NULL, '1', '2017-06-05 18:41:04', '2017-06-07 01:34:14', '0643c8e0-99fe-474d-8d41-1926fd10e1fa'),
 ('160', '160', 'ru_ru', '', NULL, '1', '2017-06-05 18:41:04', '2017-06-07 01:34:14', 'feb73c5b-0260-4e6d-b0fe-87a507f886a1'),
 ('161', '161', 'ru_ru', '', NULL, '1', '2017-06-05 18:41:04', '2017-06-07 01:34:14', 'a4991e5d-1fd9-4e61-8711-a9a49b5ceb65'),
 ('162', '162', 'ru_ru', 'vodka', 'menu/vodka', '1', '2017-06-05 18:43:53', '2017-06-07 00:17:12', '6aa9295b-cec5-4e11-bede-a59b846a3c16'),
 ('163', '163', 'ru_ru', '', NULL, '1', '2017-06-05 18:43:53', '2017-06-05 21:06:10', '582f6612-6d88-479c-b8ca-d18b1f30ab75'),
 ('164', '164', 'ru_ru', '', NULL, '1', '2017-06-05 18:43:53', '2017-06-05 21:06:10', 'bf485908-58a1-4007-91c4-378b1b7f4f01'),
 ('165', '165', 'ru_ru', '', NULL, '1', '2017-06-05 18:43:53', '2017-06-05 21:06:10', '8d655190-50ae-4649-88b1-497ddabef6f2'),
 ('166', '166', 'ru_ru', '', NULL, '1', '2017-06-05 18:43:53', '2017-06-05 21:06:10', '08dd2392-aa8d-44c9-869e-9df2f4b3fe45'),
 ('167', '167', 'ru_ru', '', NULL, '1', '2017-06-05 18:43:53', '2017-06-05 21:06:10', '2d6b3d58-86e4-485b-a234-13b2eba93756'),
 ('168', '168', 'ru_ru', '', NULL, '1', '2017-06-05 18:43:53', '2017-06-05 21:06:10', '8045c760-744a-471c-b7b3-62c435cd3c2d'),
 ('169', '169', 'ru_ru', 'viski-konyak', 'menu/viski-konyak', '1', '2017-06-05 18:48:22', '2017-06-07 01:38:10', '120e182a-194c-4b76-9c36-a9cdfc68a468'),
 ('170', '170', 'ru_ru', '', NULL, '1', '2017-06-05 18:48:22', '2017-06-07 01:38:10', '77e432f3-fa6e-4dad-b245-d297b5a37931'),
 ('171', '171', 'ru_ru', '', NULL, '1', '2017-06-05 18:48:22', '2017-06-07 01:38:10', '3ddf670a-a4f3-4071-b858-98de05671774'),
 ('172', '172', 'ru_ru', '', NULL, '1', '2017-06-05 18:48:22', '2017-06-07 01:38:10', 'd86677bf-a68b-4bf5-a911-922ddc3f893c'),
 ('173', '173', 'ru_ru', '', NULL, '1', '2017-06-05 18:48:22', '2017-06-07 01:38:10', '5a6c32b9-4bc9-4eaa-b77e-f66b2e0f8166'),
 ('174', '174', 'ru_ru', '', NULL, '1', '2017-06-05 18:48:22', '2017-06-07 01:38:10', '80dc5b20-2a52-48eb-9897-16e47ad7d279'),
 ('175', '175', 'ru_ru', '', NULL, '1', '2017-06-05 18:48:22', '2017-06-07 01:38:10', '3e7f2b86-e046-43b4-ad89-22a2a131d7ac'),
 ('176', '176', 'ru_ru', '', NULL, '1', '2017-06-05 18:48:22', '2017-06-07 01:38:10', '63f2f54d-b5c9-4b02-b9a6-e1aa12ddf56f'),
 ('177', '177', 'ru_ru', '', NULL, '1', '2017-06-05 18:48:22', '2017-06-07 01:38:10', 'b9989a9e-4f44-4681-986a-8a3200bfae04'),
 ('178', '178', 'ru_ru', '', NULL, '1', '2017-06-05 18:48:22', '2017-06-07 01:38:10', '1e2ad2df-8404-4162-a07c-b92475edfad4'),
 ('179', '179', 'ru_ru', 'rom-tekila-dzhin', 'menu/rom-tekila-dzhin', '1', '2017-06-05 18:52:50', '2017-06-07 00:17:12', '8d040b84-d18f-4162-90c3-9d39eb527052'),
 ('180', '180', 'ru_ru', '', NULL, '1', '2017-06-05 18:52:50', '2017-06-05 23:20:02', 'a1b0ce2e-e183-4150-922f-d5f630f61d7b'),
 ('181', '181', 'ru_ru', '', NULL, '1', '2017-06-05 18:52:50', '2017-06-05 23:20:02', '2cfe32c9-01de-4d87-90f5-f5bf0a3e687d'),
 ('182', '182', 'ru_ru', '', NULL, '1', '2017-06-05 18:52:50', '2017-06-05 23:20:02', 'e64edc21-7014-42a0-8c42-d29b4bbcab65'),
 ('183', '183', 'ru_ru', '', NULL, '1', '2017-06-05 18:52:50', '2017-06-05 23:20:02', 'ea911da6-ccf9-4127-9136-3646a252c393'),
 ('184', '184', 'ru_ru', '', NULL, '1', '2017-06-05 18:52:50', '2017-06-05 23:20:02', '01085dc0-f976-4bd7-b054-d9bad15aae91'),
 ('185', '185', 'ru_ru', '', NULL, '1', '2017-06-05 18:52:50', '2017-06-05 23:20:02', '3486ce6f-91a3-4256-b019-35589a340278'),
 ('186', '186', 'ru_ru', 'nastojki-likery', 'menu/nastojki-likery', '1', '2017-06-05 18:57:03', '2017-06-07 00:17:12', 'ea20bd11-655d-4e52-82e2-aa5a3bda2e7f'),
 ('187', '187', 'ru_ru', '', NULL, '1', '2017-06-05 18:57:03', '2017-06-05 23:20:15', 'c0947aec-1571-490c-af72-0cf1f3a9fc94'),
 ('188', '188', 'ru_ru', '', NULL, '1', '2017-06-05 18:57:03', '2017-06-05 23:20:15', 'a9dd7bcd-216f-4dd4-b069-9252f9088ac3'),
 ('189', '189', 'ru_ru', '', NULL, '1', '2017-06-05 18:57:03', '2017-06-05 23:20:15', '1d4e7d4d-68bf-42c1-8b06-28fcabbd4ced'),
 ('190', '190', 'ru_ru', '', NULL, '1', '2017-06-05 18:57:04', '2017-06-05 23:20:15', 'ea1a026c-2aef-4490-b184-ee37a87bc51e'),
 ('191', '191', 'ru_ru', '', NULL, '1', '2017-06-05 18:57:04', '2017-06-05 23:20:15', '28243b9c-a135-4df1-92f6-c20f39ec8989'),
 ('192', '192', 'ru_ru', '', NULL, '1', '2017-06-05 18:57:04', '2017-06-05 23:20:15', '27640bff-a1ca-48c9-8dce-aeed59f87162'),
 ('193', '193', 'ru_ru', 'igristoe-vino', 'menu/igristoe-vino', '1', '2017-06-05 18:59:41', '2017-06-07 00:17:12', '6ac76c98-6a24-44bf-8ca2-c1f7115339a6'),
 ('194', '194', 'ru_ru', '', NULL, '1', '2017-06-05 18:59:41', '2017-06-05 23:21:17', '76d50cbe-2a06-4643-8b32-0fec6eddf8f7'),
 ('195', '195', 'ru_ru', '', NULL, '1', '2017-06-05 18:59:41', '2017-06-05 23:21:17', 'fbe258cb-767a-4442-8af1-d2d793912866'),
 ('196', '196', 'ru_ru', '', NULL, '1', '2017-06-05 18:59:41', '2017-06-05 23:21:17', 'ddfacd3e-529d-47ce-bc8e-6110f1835bae'),
 ('197', '197', 'ru_ru', 'beloe-vino', 'menu/beloe-vino', '1', '2017-06-05 19:02:47', '2017-06-07 00:17:12', '4b0ce4f8-d5a6-415e-9ee5-a3716ea96a2a'),
 ('198', '198', 'ru_ru', '', NULL, '1', '2017-06-05 19:02:47', '2017-06-05 23:21:29', '1fdcb2f2-b5a2-4f6f-beb7-571902194b58'),
 ('199', '199', 'ru_ru', '', NULL, '1', '2017-06-05 19:02:47', '2017-06-05 23:21:29', '1cf34a31-cadb-4ff6-974b-7c29264e70c6'),
 ('200', '200', 'ru_ru', '', NULL, '1', '2017-06-05 19:02:47', '2017-06-05 23:21:29', '7906d83d-fba2-4d63-8b66-6c4592bebc33'),
 ('201', '201', 'ru_ru', '', NULL, '1', '2017-06-05 19:02:47', '2017-06-05 23:21:29', '8139f8eb-c707-492c-ad6a-60cde56c72b4'),
 ('202', '202', 'ru_ru', 'krasnoe-vino', 'menu/krasnoe-vino', '1', '2017-06-05 19:05:21', '2017-06-07 00:17:12', '51e24889-eff5-4ecc-890d-524d404f0050'),
 ('203', '203', 'ru_ru', '', NULL, '1', '2017-06-05 19:05:21', '2017-06-05 23:21:42', '818a98e7-872c-4f3f-b2fc-9477e394efd9'),
 ('204', '204', 'ru_ru', '', NULL, '1', '2017-06-05 19:05:22', '2017-06-05 23:21:42', '5a60b47f-b96f-4043-bb06-81fe8b0b1db2'),
 ('205', '205', 'ru_ru', '', NULL, '1', '2017-06-05 19:05:22', '2017-06-05 23:21:42', '5e887336-0dc3-4ddb-9072-d48e030f65ab'),
 ('206', '206', 'ru_ru', '', NULL, '1', '2017-06-05 19:05:22', '2017-06-05 23:21:42', '7bb136fc-660e-4308-b085-e399ad1af9cb'),
 ('207', '207', 'ru_ru', 'goryachie-alkogolnye-napitki', 'menu/goryachie-alkogolnye-napitki', '1', '2017-06-05 19:06:40', '2017-06-07 00:17:12', '2b71a2fa-e0bd-4c57-9c33-914caaf81cd3'),
 ('208', '208', 'ru_ru', '', NULL, '1', '2017-06-05 19:06:40', '2017-06-05 23:22:03', '8e150653-b726-4506-b644-f0b6178f64c6'),
 ('209', '209', 'ru_ru', '', NULL, '1', '2017-06-05 19:06:40', '2017-06-05 23:22:03', 'e55c52cf-32d6-4c57-9ab7-5841f1c0de06'),
 ('210', '210', 'ru_ru', 'bezalkogolnye-koktejli', 'menu/bezalkogolnye-koktejli', '1', '2017-06-05 19:07:55', '2017-06-07 00:17:12', 'd0c4481e-fa21-4cd7-b8af-61a69974aea9'),
 ('211', '211', 'ru_ru', '', NULL, '1', '2017-06-05 19:07:55', '2017-06-05 23:22:26', '364bed10-7cbc-4f8c-a99e-c375168d1c37'),
 ('212', '212', 'ru_ru', '', NULL, '1', '2017-06-05 19:07:55', '2017-06-05 23:22:26', 'e4bffbf4-9d78-4a32-a18c-4d0d052feada'),
 ('213', '213', 'ru_ru', '', NULL, '1', '2017-06-05 19:07:55', '2017-06-05 23:22:26', '6f1e9608-28d2-4c04-8be6-da4f0cb9816f'),
 ('214', '214', 'ru_ru', 'domashnij-limonad', 'menu/domashnij-limonad', '1', '2017-06-05 19:09:11', '2017-06-07 01:37:21', 'f209ba37-2ef2-4b69-ab9d-177a29d37768'),
 ('215', '215', 'ru_ru', '', NULL, '1', '2017-06-05 19:09:11', '2017-06-07 01:37:21', '0f35661b-57d4-48b0-91b1-e6d3c4770243'),
 ('216', '216', 'ru_ru', 'soki-svezhevyzhatye', 'menu/soki-svezhevyzhatye', '1', '2017-06-05 19:10:26', '2017-06-07 01:37:02', '01033b71-9b8b-429c-815c-add85ba82d60'),
 ('217', '217', 'ru_ru', '', NULL, '1', '2017-06-05 19:10:26', '2017-06-07 01:37:02', '5facd105-c99b-4032-8435-b2e13c5ece4d'),
 ('218', '218', 'ru_ru', '', NULL, '1', '2017-06-05 19:10:26', '2017-06-07 01:37:02', '85be53c8-fd48-4b16-a4d2-c5af989cb831'),
 ('219', '219', 'ru_ru', '', NULL, '1', '2017-06-05 19:10:27', '2017-06-07 01:37:02', '928e5d65-d0bf-4b4d-b55d-fa8ad9ae8597'),
 ('220', '220', 'ru_ru', 'napitki', 'menu/napitki', '1', '2017-06-05 19:16:32', '2017-06-07 00:17:12', 'c277ba60-2fd4-499b-b4d9-02ab4d64ec60'),
 ('221', '221', 'ru_ru', '', NULL, '1', '2017-06-05 19:16:32', '2017-06-05 23:23:29', 'dc12afe5-840c-4abd-bd0b-a43ebd11e8cd'),
 ('222', '222', 'ru_ru', '', NULL, '1', '2017-06-05 19:16:32', '2017-06-05 23:23:29', 'f70c2a45-9b21-4955-9022-72dfd183bdf2'),
 ('223', '223', 'ru_ru', '', NULL, '1', '2017-06-05 19:16:32', '2017-06-05 23:23:29', '8e841dd0-e034-463e-8e54-a0a22e24f784'),
 ('224', '224', 'ru_ru', '', NULL, '1', '2017-06-05 19:16:32', '2017-06-05 23:23:29', 'bab87451-66a7-413b-9fd4-1ed9bc7ee986'),
 ('225', '225', 'ru_ru', '', NULL, '1', '2017-06-05 19:16:32', '2017-06-05 23:23:29', '250c2552-0c31-4ab9-996a-a7b69451ebb1'),
 ('226', '226', 'ru_ru', '', NULL, '1', '2017-06-05 19:16:32', '2017-06-05 23:23:29', '194215d0-9ad7-41a3-b64c-09a3247b6939'),
 ('227', '227', 'ru_ru', '', NULL, '1', '2017-06-05 19:16:32', '2017-06-05 23:23:29', '82f25151-583a-4b42-a10e-41b095d1c046'),
 ('228', '228', 'ru_ru', '', NULL, '1', '2017-06-05 19:16:32', '2017-06-05 23:23:29', '0033cfa6-6acc-4f3b-8873-affe31a81a91'),
 ('229', '229', 'ru_ru', '', NULL, '1', '2017-06-05 19:16:32', '2017-06-05 23:23:29', 'c6edb57a-2fb0-4ea5-b9aa-58d13958e1dc'),
 ('230', '230', 'ru_ru', 'chaj-kofe', 'menu/chaj-kofe', '1', '2017-06-05 19:22:12', '2017-06-07 00:17:12', 'ae74df27-66d3-485c-8246-60b0ffdf06a2'),
 ('231', '231', 'ru_ru', '', NULL, '1', '2017-06-05 19:22:12', '2017-06-05 23:23:44', 'e84c0d34-4202-496a-a192-a5d65724da68'),
 ('232', '232', 'ru_ru', '', NULL, '1', '2017-06-05 19:22:12', '2017-06-05 23:23:44', '6b51cce9-e556-4374-a733-f5dd57e13a07'),
 ('233', '233', 'ru_ru', '', NULL, '1', '2017-06-05 19:22:12', '2017-06-05 23:23:44', '66c8ef4d-15ea-40cd-a7cd-9549540034ba'),
 ('234', '234', 'ru_ru', '', NULL, '1', '2017-06-05 19:22:12', '2017-06-05 23:23:44', '68849b4e-a4ac-49af-bbdf-49e38a2bc200'),
 ('235', '235', 'ru_ru', '', NULL, '1', '2017-06-05 19:22:12', '2017-06-05 23:23:44', '356d85aa-51c4-4bdb-8955-82c2cbc0b8ca'),
 ('236', '236', 'ru_ru', '', NULL, '1', '2017-06-05 19:22:12', '2017-06-05 23:23:44', '80f067eb-fff6-4eee-a43f-784ac73a3879'),
 ('237', '237', 'ru_ru', '', NULL, '1', '2017-06-05 19:22:12', '2017-06-05 23:23:44', 'dc989215-1dd5-413d-b731-2ee19455b1d1');
INSERT INTO `brgsh_elements_i18n` (`id`, `elementId`, `locale`, `slug`, `uri`, `enabled`, `dateCreated`, `dateUpdated`, `uid`) VALUES
 ('238', '238', 'ru_ru', '', NULL, '1', '2017-06-05 19:22:12', '2017-06-05 23:23:44', 'e965ce4f-e798-4049-9ac3-4322e2beca1c'),
 ('239', '239', 'ru_ru', 'pivnaya-tema', 'menu/pivnaya-tema', '1', '2017-06-05 20:02:36', '2017-06-07 00:17:12', '5f17767e-13d6-4bf3-9c40-259ad0123bd8'),
 ('240', '240', 'ru_ru', 'zakuski', 'menu/zakuski', '1', '2017-06-05 20:02:52', '2017-06-07 00:17:12', '713596ed-f82f-444e-816c-62942e6f0f3d'),
 ('241', '241', 'ru_ru', 'supy', 'menu/supy', '1', '2017-06-05 20:03:19', '2017-06-07 00:17:12', '3056bde0-9d15-4f6e-b031-6792bb2130be'),
 ('242', '242', 'ru_ru', 'pasta', 'menu/pasta', '1', '2017-06-05 20:04:47', '2017-06-07 00:17:12', 'ec4601c0-7d14-4119-943a-4d4f33bb2a76'),
 ('243', '243', 'ru_ru', 'salaty', 'menu/salaty', '1', '2017-06-05 20:05:46', '2017-06-07 00:17:12', '345d8c11-252a-4021-adf3-6ebf135cf4fd'),
 ('244', '244', 'ru_ru', 'goryachie-blyuda', 'menu/goryachie-blyuda', '1', '2017-06-05 20:06:09', '2017-06-07 00:17:12', '291fc299-0833-4afa-9804-91555c826d21'),
 ('245', '245', 'ru_ru', 'blyuda-na-skovorode', 'menu/blyuda-na-skovorode', '1', '2017-06-05 20:06:33', '2017-06-07 00:17:12', '3930b8af-f5b1-456f-92bb-556c09693a59'),
 ('246', '246', 'ru_ru', 'garniry', 'menu/garniry', '1', '2017-06-05 20:07:07', '2017-06-07 00:17:12', '82a10f61-12a6-439f-8d05-1cabd8fa0247'),
 ('247', '247', 'ru_ru', 'deserty-sobstvennogo-prigotovleniya', 'menu/deserty-sobstvennogo-prigotovleniya', '1', '2017-06-05 20:08:06', '2017-06-07 00:17:12', '591294ce-d0d4-49bf-830c-85a5dd03ace8'),
 ('248', '248', 'ru_ru', 'pizza', 'menu/pizza', '1', '2017-06-05 20:21:25', '2017-06-07 00:17:12', '32746190-db33-4ffc-a7e1-ccc39eeb147d'),
 ('249', '249', 'ru_ru', 'bigstock-variety-of-alcoholic-drinks-be-61227248-817x560', NULL, '1', '2017-06-05 20:24:01', '2017-06-05 20:24:01', 'abe9133a-79d2-440c-b594-44edc4be5288'),
 ('250', '250', 'ru_ru', '941eb76df5e128bd789fa154ac5f0beb', NULL, '1', '2017-06-05 20:25:44', '2017-06-05 20:25:44', '3945581a-03a9-4430-bcb4-393cd2e2dc70'),
 ('251', '251', 'ru_ru', 'vodka', NULL, '1', '2017-06-05 21:06:07', '2017-06-05 21:06:07', '13dbc52e-1503-4ee5-909c-d62ba2324821'),
 ('252', '252', 'ru_ru', 'kokteyli', NULL, '1', '2017-06-05 21:06:20', '2017-06-05 21:06:20', 'ea95dc9e-6091-4f6f-a0a1-adc1d6ce482e'),
 ('253', '253', 'ru_ru', 'whisky', NULL, '1', '2017-06-05 21:07:50', '2017-06-05 21:07:50', 'c67ac1fb-12d7-48d8-84f2-ecdd9b6b7577'),
 ('254', '254', 'ru_ru', 'beer1', NULL, '1', '2017-06-05 21:12:04', '2017-06-05 21:12:04', 'ea076294-e760-4867-973d-c68372c4116e'),
 ('255', '255', 'ru_ru', 'beer2', NULL, '1', '2017-06-05 21:12:16', '2017-06-05 21:12:16', '1e73a4ea-7569-44ac-9a52-8564f8c6b589'),
 ('256', '256', 'ru_ru', 'craft', NULL, '1', '2017-06-05 21:12:28', '2017-06-05 21:12:28', 'c8e643ca-f0eb-482f-9823-40e2f504fc27'),
 ('257', '257', 'ru_ru', 'rum', NULL, '1', '2017-06-05 23:19:59', '2017-06-05 23:19:59', '4b53eca2-201b-42c2-a1a3-b73b54b6386d'),
 ('258', '258', 'ru_ru', 'liq', NULL, '1', '2017-06-05 23:20:12', '2017-06-05 23:20:12', '52794b03-03b4-4495-b99a-d9e25587c61b'),
 ('259', '259', 'ru_ru', 'champ', NULL, '1', '2017-06-05 23:21:14', '2017-06-05 23:21:14', 'f6068dc4-295c-43e0-b869-1decd26fb3d1'),
 ('260', '260', 'ru_ru', 'white-wine', NULL, '1', '2017-06-05 23:21:27', '2017-06-05 23:21:27', '8697d774-40e2-438c-8ea7-679ce7d38661'),
 ('261', '261', 'ru_ru', 'red-wine', NULL, '1', '2017-06-05 23:21:39', '2017-06-05 23:21:39', 'f526c046-ba54-4e7d-8548-e8e06e915068'),
 ('262', '262', 'ru_ru', 'hot', NULL, '1', '2017-06-05 23:21:59', '2017-06-05 23:21:59', '86657bf8-3409-4865-a0c7-d69cdb72ca09'),
 ('263', '263', 'ru_ru', 'drinks3', NULL, '1', '2017-06-05 23:22:22', '2017-06-05 23:22:22', 'f23198ea-d7f9-4aa8-bc05-1dbfe1f71639'),
 ('264', '264', 'ru_ru', 'limo', NULL, '1', '2017-06-05 23:22:39', '2017-06-05 23:22:39', '46106f52-00fe-4760-bd31-e86e596f6498'),
 ('265', '265', 'ru_ru', 'drinks2', NULL, '1', '2017-06-05 23:23:03', '2017-06-05 23:23:03', 'eb289877-e0d4-4522-b427-45751b8d891f'),
 ('266', '266', 'ru_ru', 'drinks', NULL, '1', '2017-06-05 23:23:19', '2017-06-05 23:23:19', '4c0110d7-e12e-462e-a924-58a2e59e1633'),
 ('267', '267', 'ru_ru', 'tea', NULL, '1', '2017-06-05 23:23:41', '2017-06-05 23:23:41', '00c3311c-94f9-4b99-b130-8afad5db7d8c'),
 ('268', '268', 'ru_ru', 'zakuski', NULL, '1', '2017-06-05 23:40:46', '2017-06-05 23:40:46', 'cfd30434-df0d-4b39-8866-16fd81f49227'),
 ('269', '269', 'ru_ru', 'salad', NULL, '1', '2017-06-05 23:40:58', '2017-06-05 23:40:58', '35a7d7e6-89c4-496f-b74b-6f57e8d5cc76'),
 ('270', '270', 'ru_ru', 'hot-meal', NULL, '1', '2017-06-05 23:41:08', '2017-06-05 23:41:08', '216d781c-885a-4734-8d9a-d813a3d16f61'),
 ('271', '271', 'ru_ru', 'pan', NULL, '1', '2017-06-05 23:41:21', '2017-06-05 23:41:21', 'c48c75f0-0f01-4805-b8d2-647f4a3a04b8'),
 ('272', '272', 'ru_ru', 'garnish', NULL, '1', '2017-06-05 23:41:33', '2017-06-05 23:41:33', '14114265-ca44-4fd2-816c-05af4934b2c9'),
 ('273', '273', 'ru_ru', 'alcohol', NULL, '1', '2017-06-05 23:42:00', '2017-06-05 23:42:00', '24a9a484-6078-403d-9140-646bf4fb1bc3'),
 ('274', '274', 'ru_ru', '1b0c212739ad93f9ed95469175546449', NULL, '1', '2017-06-06 17:38:35', '2017-06-06 17:38:35', '50344d57-71f9-463d-a9e8-3f9c8d832c18'),
 ('275', '275', 'ru_ru', '10f92f1c208d3c5898d0afcb0fc8bb31', NULL, '1', '2017-06-06 17:38:35', '2017-06-06 17:38:35', '06780f63-03d4-409a-a83c-ddc28942315b'),
 ('276', '276', 'ru_ru', '434fa506aca537001a0bf0afd88716da', NULL, '1', '2017-06-06 17:38:35', '2017-06-06 17:38:35', '323843a5-b016-4260-90d2-5b424abfbc69'),
 ('277', '277', 'ru_ru', '59734', NULL, '1', '2017-06-06 17:38:36', '2017-06-06 17:38:36', 'b66a48a0-c737-4f15-af24-d5e5fa2b0062'),
 ('278', '278', 'ru_ru', '59740', NULL, '1', '2017-06-06 17:38:36', '2017-06-06 17:38:36', '1b9ced5f-b150-43b3-955c-ddd8fabc0650'),
 ('279', '279', 'ru_ru', '678f30a355bb56223f4993d54a6a886f', NULL, '1', '2017-06-06 17:38:36', '2017-06-06 17:38:36', '5cc2ba53-4987-47d6-98c1-62d9693a857f'),
 ('280', '280', 'ru_ru', '7a230c5ffa387cfa5b78', NULL, '1', '2017-06-06 17:38:36', '2017-06-06 17:38:36', '0fa9d600-a7f2-4acb-b652-1156a51dc5e0'),
 ('281', '281', 'ru_ru', '829688', NULL, '1', '2017-06-06 17:38:36', '2017-06-06 17:38:36', 'cbba19b4-ba04-4509-9865-81235e3bbe86'),
 ('282', '282', 'ru_ru', '829689', NULL, '1', '2017-06-06 17:38:36', '2017-06-06 17:38:36', '58bd8827-660b-4278-99d6-d5dd6487584a'),
 ('283', '283', 'ru_ru', '829690', NULL, '1', '2017-06-06 17:38:36', '2017-06-06 17:38:36', '716b3945-ae58-4425-99a2-8f58aa5cf63e'),
 ('284', '284', 'ru_ru', '829692', NULL, '1', '2017-06-06 17:38:36', '2017-06-06 17:38:37', 'baf57e7b-2ad9-4caf-8d1e-340ddc85bb52'),
 ('285', '285', 'ru_ru', '829693', NULL, '1', '2017-06-06 17:38:37', '2017-06-06 17:38:37', 'cfd1dbc6-25ed-4645-906b-ec9b49896790'),
 ('286', '286', 'ru_ru', '829694', NULL, '1', '2017-06-06 17:38:37', '2017-06-06 17:38:37', '4441f1f1-50f7-4cc5-8d9c-5c1d71a169e9'),
 ('287', '287', 'ru_ru', '829695', NULL, '1', '2017-06-06 17:38:37', '2017-06-06 17:38:37', 'cf3a5adc-6b63-4cf4-a2e1-e08568c99aea'),
 ('288', '288', 'ru_ru', '829697', NULL, '1', '2017-06-06 17:38:37', '2017-06-06 17:38:37', 'e66a5960-3470-4258-af4e-be4b7abc40f9'),
 ('289', '289', 'ru_ru', '829698', NULL, '1', '2017-06-06 17:38:37', '2017-06-06 17:38:37', '6aec1a42-2061-4b86-adff-f8a6f78907fe'),
 ('290', '290', 'ru_ru', '9420ce1be58d1c9d18d06fe1e1beab87-1', NULL, '1', '2017-06-06 17:38:37', '2017-06-06 17:38:38', '1d542c24-210f-4959-879c-2a5465ca0b72'),
 ('291', '291', 'ru_ru', '9420ce1be58d1c9d18d06fe1e1beab87', NULL, '1', '2017-06-06 17:38:38', '2017-06-06 17:38:38', '4f3e2f02-d84a-4e3c-8a68-f7d23d3a8b05'),
 ('292', '292', 'ru_ru', 'afd649587592e31367b084bcd1', NULL, '1', '2017-06-06 17:38:38', '2017-06-06 17:38:38', '1cbb1155-7988-4d98-8daf-3089ea33f583'),
 ('293', '293', 'ru_ru', 'd89f7ae890aefa446ad25b56ee381a9d-1', NULL, '1', '2017-06-06 17:38:38', '2017-06-06 17:38:38', 'ddd18e69-f3e3-4a47-acd8-203090368195'),
 ('294', '294', 'ru_ru', 'd89f7ae890aefa446ad25b56ee381a9d', NULL, '1', '2017-06-06 17:38:38', '2017-06-06 17:38:38', 'f3eb068c-878b-40db-9ac5-936859393b40'),
 ('295', '295', 'ru_ru', 'fa0ce40beeb91eec2869e4d1a106a9e9', NULL, '1', '2017-06-06 17:38:38', '2017-06-06 17:38:39', '8a2d3c68-50e4-4169-ad1d-e2e6bcb0ae91'),
 ('296', '296', 'ru_ru', '', NULL, '1', '2017-06-07 00:27:21', '2017-06-07 00:28:07', '54563bfe-44d3-4ab2-b702-dfed3d237d78'),
 ('297', '297', 'ru_ru', '721', NULL, '1', '2017-06-07 01:23:16', '2017-06-07 01:23:16', '589955b7-8bf9-426d-a502-b658c0cff9b5'),
 ('298', '298', 'ru_ru', '5802524e55c4071ec1d71324', NULL, '1', '2017-06-07 01:24:46', '2017-06-07 01:24:46', 'df508d92-abc2-4def-a1ea-9f62a5d25a15'),
 ('299', '299', 'ru_ru', 'glen-grant-bottle-2', NULL, '1', '2017-06-07 01:25:47', '2017-06-07 01:25:47', 'b52f32bc-6ebd-42c6-aa43-298f977fe5c6'),
 ('300', '300', 'ru_ru', '1448-whiskey-e-cola-cocktail-cocktail-con-il-whiskey-coca-cola-ghiacciata', NULL, '1', '2017-06-07 01:27:16', '2017-06-07 01:27:16', '0b3e7a7d-da02-4491-aa08-34f701a01742'),
 ('301', '301', 'ru_ru', 'milano-campari', NULL, '1', '2017-06-07 01:27:53', '2017-06-07 01:27:53', '042b7f51-7de9-41b9-bf03-91a78987872d'),
 ('302', '302', 'ru_ru', 'b52-shot-157511324-58a472bd3df78c475860ce72', NULL, '1', '2017-06-07 01:29:08', '2017-06-07 01:29:08', '2f867f2c-b082-411a-aac4-43e0cb8ab48e'),
 ('303', '303', 'ru_ru', 'aperol-spritz-easy-living-5july13-bt-330x330', NULL, '1', '2017-06-07 01:34:12', '2017-06-07 01:34:12', '608c5ea8-1054-409c-973e-8ddbc9b8f545');



DROP TABLE IF EXISTS `brgsh_emailmessages`;


--
-- Schema for table `brgsh_emailmessages`
--
CREATE TABLE `brgsh_emailmessages` (
  `id` int(11) NOT NULL AUTO_INCREMENT,
  `key` char(150) COLLATE utf8_unicode_ci NOT NULL,
  `locale` char(12) COLLATE utf8_unicode_ci NOT NULL,
  `subject` varchar(1000) COLLATE utf8_unicode_ci NOT NULL,
  `body` text COLLATE utf8_unicode_ci NOT NULL,
  `dateCreated` datetime NOT NULL,
  `dateUpdated` datetime NOT NULL,
  `uid` char(36) COLLATE utf8_unicode_ci NOT NULL DEFAULT '0',
  PRIMARY KEY (`id`),
  UNIQUE KEY `brgsh_emailmessages_key_locale_unq_idx` (`key`,`locale`),
  KEY `brgsh_emailmessages_locale_fk` (`locale`)
) ENGINE=InnoDB DEFAULT CHARSET=utf8 COLLATE=utf8_unicode_ci;

DROP TABLE IF EXISTS `brgsh_entries`;


--
-- Schema for table `brgsh_entries`
--
CREATE TABLE `brgsh_entries` (
  `id` int(11) NOT NULL,
  `sectionId` int(11) NOT NULL,
  `typeId` int(11) DEFAULT NULL,
  `authorId` int(11) DEFAULT NULL,
  `postDate` datetime DEFAULT NULL,
  `expiryDate` datetime DEFAULT NULL,
  `dateCreated` datetime NOT NULL,
  `dateUpdated` datetime NOT NULL,
  `uid` char(36) COLLATE utf8_unicode_ci NOT NULL DEFAULT '0',
  PRIMARY KEY (`id`),
  KEY `brgsh_entries_sectionId_idx` (`sectionId`),
  KEY `brgsh_entries_typeId_idx` (`typeId`),
  KEY `brgsh_entries_postDate_idx` (`postDate`),
  KEY `brgsh_entries_expiryDate_idx` (`expiryDate`),
  KEY `brgsh_entries_authorId_fk` (`authorId`)
) ENGINE=InnoDB DEFAULT CHARSET=utf8 COLLATE=utf8_unicode_ci;

--
-- Data for table `brgsh_entries`
--

INSERT INTO `brgsh_entries` (`id`, `sectionId`, `typeId`, `authorId`, `postDate`, `expiryDate`, `dateCreated`, `dateUpdated`, `uid`) VALUES
 ('2', '1', NULL, NULL, '2017-05-27 01:12:23', NULL, '2017-05-27 01:12:23', '2017-06-06 13:00:36', 'bbd576d9-41f5-459e-83f1-a431d358da24'),
 ('4', '4', '4', '1', '2017-05-28 16:07:00', NULL, '2017-05-28 16:07:54', '2017-05-28 23:40:39', '890f8a20-dd5f-4dbe-b35d-8146dc88f776'),
 ('5', '4', '4', '1', '2017-05-28 16:08:00', NULL, '2017-05-28 16:08:00', '2017-05-28 23:40:55', 'fd774423-6dac-480a-8034-1189b0be2b4d'),
 ('6', '4', '4', '1', '2017-05-28 16:08:00', NULL, '2017-05-28 16:08:15', '2017-05-28 23:41:11', '1da66651-cd6a-40b7-bef6-c06c7afedc35'),
 ('7', '4', '4', '1', '2017-05-28 16:08:00', NULL, '2017-05-28 16:08:35', '2017-05-28 23:41:21', 'e6e28ceb-ef32-4261-8297-fe5a01ea3000'),
 ('8', '4', '4', '1', '2017-05-28 16:08:00', NULL, '2017-05-28 16:08:43', '2017-05-28 23:41:31', '7e79ba25-8a8a-4146-b368-bb27a498e34d'),
 ('51', '5', '5', '1', '2017-05-28 21:14:00', NULL, '2017-05-28 21:14:16', '2017-05-31 03:01:58', '474a8975-eff1-4e8c-a7e9-ebcab8a60e54'),
 ('59', '5', '5', '1', '2017-05-28 21:14:00', NULL, '2017-05-28 23:00:11', '2017-05-31 03:01:28', '6f0ceee9-d150-40a2-afdf-441a522040be'),
 ('61', '4', '4', '1', '2017-05-28 23:44:43', NULL, '2017-05-28 23:44:43', '2017-05-28 23:44:43', '348cd063-be73-41ef-ad06-506759c699d2'),
 ('67', '2', '2', '1', '2017-05-29 01:40:00', NULL, '2017-05-29 01:40:46', '2017-06-06 13:03:30', 'e8997cc1-2f41-476f-9db9-bf11ff650bc8'),
 ('68', '2', '2', '1', '2017-05-29 01:41:00', NULL, '2017-05-29 01:41:02', '2017-05-31 02:55:00', '42d12095-bba4-4c57-b01d-7db13fb583d7'),
 ('70', '6', '6', NULL, '2017-05-30 00:25:19', NULL, '2017-05-29 23:56:22', '2017-05-30 15:21:16', 'f069e23e-5a0c-4cb9-adbd-1a73a1cddb9e'),
 ('71', '7', '7', NULL, '2017-05-30 00:25:33', NULL, '2017-05-29 23:56:40', '2017-05-30 15:11:33', 'c2ef5968-51fb-4f58-a9c3-b9c18bb4944c'),
 ('72', '8', '8', NULL, '2017-05-30 00:25:27', NULL, '2017-05-29 23:56:56', '2017-06-06 17:39:26', '71547762-7e78-46b8-ab55-87f11ac27ed0'),
 ('102', '2', '2', '1', '2017-05-31 02:57:01', NULL, '2017-05-31 02:57:01', '2017-05-31 02:57:01', '80158721-2a05-4a2b-b885-6aef99a4f410'),
 ('105', '5', '5', '1', '2017-05-28 21:14:00', NULL, '2017-06-02 08:14:49', '2017-06-02 08:15:31', 'b604464f-d142-4734-8361-8fd0bbfb451c'),
 ('107', '5', '5', '1', '2017-05-28 21:14:00', NULL, '2017-06-02 08:14:52', '2017-06-02 08:15:45', 'fe6da908-cccf-421f-944c-e0025a4b4e5e'),
 ('109', '5', '5', '1', '2017-05-28 21:14:00', NULL, '2017-06-02 08:14:54', '2017-06-02 08:15:53', '764cfd8d-dd3d-4b4e-9a4d-e966a40a5251'),
 ('111', '5', '5', '1', '2017-05-28 21:14:00', NULL, '2017-06-02 08:16:02', '2017-06-02 08:16:22', 'b75a305b-4eae-47f5-929e-d1f2135f561e'),
 ('113', '5', '5', '1', '2017-05-28 21:14:00', NULL, '2017-06-02 08:16:04', '2017-06-02 08:16:32', '62870bdc-10f5-4ff1-abdd-17f702ea1981'),
 ('115', '5', '5', '1', '2017-05-28 21:14:00', NULL, '2017-06-02 08:16:06', '2017-06-02 08:16:42', '8f9a3bd9-0a4b-4d6b-b458-6f0c2799a3f8');



DROP TABLE IF EXISTS `brgsh_entrydrafts`;


--
-- Schema for table `brgsh_entrydrafts`
--
CREATE TABLE `brgsh_entrydrafts` (
  `id` int(11) NOT NULL AUTO_INCREMENT,
  `entryId` int(11) NOT NULL,
  `sectionId` int(11) NOT NULL,
  `creatorId` int(11) NOT NULL,
  `locale` char(12) COLLATE utf8_unicode_ci NOT NULL,
  `name` varchar(255) COLLATE utf8_unicode_ci NOT NULL,
  `notes` tinytext COLLATE utf8_unicode_ci,
  `data` mediumtext COLLATE utf8_unicode_ci NOT NULL,
  `dateCreated` datetime NOT NULL,
  `dateUpdated` datetime NOT NULL,
  `uid` char(36) COLLATE utf8_unicode_ci NOT NULL DEFAULT '0',
  PRIMARY KEY (`id`),
  KEY `brgsh_entrydrafts_entryId_locale_idx` (`entryId`,`locale`),
  KEY `brgsh_entrydrafts_sectionId_fk` (`sectionId`),
  KEY `brgsh_entrydrafts_creatorId_fk` (`creatorId`),
  KEY `brgsh_entrydrafts_locale_fk` (`locale`)
) ENGINE=InnoDB DEFAULT CHARSET=utf8 COLLATE=utf8_unicode_ci;

DROP TABLE IF EXISTS `brgsh_entrytypes`;


--
-- Schema for table `brgsh_entrytypes`
--
CREATE TABLE `brgsh_entrytypes` (
  `id` int(11) NOT NULL AUTO_INCREMENT,
  `sectionId` int(11) NOT NULL,
  `fieldLayoutId` int(11) DEFAULT NULL,
  `name` varchar(255) COLLATE utf8_unicode_ci NOT NULL,
  `handle` varchar(255) COLLATE utf8_unicode_ci NOT NULL,
  `hasTitleField` tinyint(1) unsigned NOT NULL DEFAULT '1',
  `titleLabel` varchar(255) COLLATE utf8_unicode_ci DEFAULT 'Title',
  `titleFormat` varchar(255) COLLATE utf8_unicode_ci DEFAULT NULL,
  `sortOrder` smallint(6) unsigned DEFAULT NULL,
  `dateCreated` datetime NOT NULL,
  `dateUpdated` datetime NOT NULL,
  `uid` char(36) COLLATE utf8_unicode_ci NOT NULL DEFAULT '0',
  PRIMARY KEY (`id`),
  UNIQUE KEY `brgsh_entrytypes_name_sectionId_unq_idx` (`name`,`sectionId`),
  UNIQUE KEY `brgsh_entrytypes_handle_sectionId_unq_idx` (`handle`,`sectionId`),
  KEY `brgsh_entrytypes_sectionId_fk` (`sectionId`),
  KEY `brgsh_entrytypes_fieldLayoutId_fk` (`fieldLayoutId`)
) ENGINE=InnoDB AUTO_INCREMENT=9 DEFAULT CHARSET=utf8 COLLATE=utf8_unicode_ci;

--
-- Data for table `brgsh_entrytypes`
--

INSERT INTO `brgsh_entrytypes` (`id`, `sectionId`, `fieldLayoutId`, `name`, `handle`, `hasTitleField`, `titleLabel`, `titleFormat`, `sortOrder`, `dateCreated`, `dateUpdated`, `uid`) VALUES
 ('1', '1', '35', 'Homepage', 'homepage', '1', 'Title', NULL, '1', '2017-05-27 01:12:23', '2017-05-29 01:11:50', 'ac1abb21-9265-4952-b8db-a9c32ea28a04'),
 ('2', '2', '37', 'News', 'news', '1', 'Название', NULL, '1', '2017-05-27 01:12:23', '2017-05-29 01:50:44', 'a6470508-4dd4-494e-a777-920b091f2348'),
 ('4', '4', '33', 'Main Menu', 'mainMenu', '1', 'Название', NULL, '1', '2017-05-28 16:06:50', '2017-05-28 23:40:28', '04104424-2d97-4c00-a688-c4652c54382f'),
 ('5', '5', '19', 'Slider', 'slider', '1', 'Название', NULL, '1', '2017-05-28 20:27:40', '2017-05-28 21:10:41', '81eb54d8-47b6-481c-b2cd-8b41f3f3e694'),
 ('6', '6', '46', 'Контакты', 'contact', '1', '', NULL, '1', '2017-05-29 23:56:22', '2017-05-30 15:05:57', '2dd57cdc-b3a5-4a2e-9025-186f599974a8'),
 ('7', '7', '45', 'Отзывы', 'reviews', '1', '', NULL, '1', '2017-05-29 23:56:40', '2017-05-30 15:05:41', 'fffe78bf-fc23-4404-a2e7-07c5a21f300b'),
 ('8', '8', '48', 'Фотогалерея', 'gallery', '1', '', NULL, '1', '2017-05-29 23:56:56', '2017-05-30 20:29:51', 'accd7cff-e75f-4666-856a-1541df83d74a');



DROP TABLE IF EXISTS `brgsh_entryversions`;


--
-- Schema for table `brgsh_entryversions`
--
CREATE TABLE `brgsh_entryversions` (
  `id` int(11) NOT NULL AUTO_INCREMENT,
  `entryId` int(11) NOT NULL,
  `sectionId` int(11) NOT NULL,
  `creatorId` int(11) DEFAULT NULL,
  `locale` char(12) COLLATE utf8_unicode_ci NOT NULL,
  `num` smallint(6) unsigned NOT NULL,
  `notes` tinytext COLLATE utf8_unicode_ci,
  `data` mediumtext COLLATE utf8_unicode_ci NOT NULL,
  `dateCreated` datetime NOT NULL,
  `dateUpdated` datetime NOT NULL,
  `uid` char(36) COLLATE utf8_unicode_ci NOT NULL DEFAULT '0',
  PRIMARY KEY (`id`),
  KEY `brgsh_entryversions_entryId_locale_idx` (`entryId`,`locale`),
  KEY `brgsh_entryversions_sectionId_fk` (`sectionId`),
  KEY `brgsh_entryversions_creatorId_fk` (`creatorId`),
  KEY `brgsh_entryversions_locale_fk` (`locale`)
) ENGINE=InnoDB AUTO_INCREMENT=65 DEFAULT CHARSET=utf8 COLLATE=utf8_unicode_ci;

--
-- Data for table `brgsh_entryversions`
--

INSERT INTO `brgsh_entryversions` (`id`, `entryId`, `sectionId`, `creatorId`, `locale`, `num`, `notes`, `data`, `dateCreated`, `dateUpdated`, `uid`) VALUES
 ('1', '2', '1', '1', 'ru_ru', '1', NULL, '{\"typeId\":\"1\",\"authorId\":null,\"title\":\"Homepage\",\"slug\":\"homepage\",\"postDate\":1495847543,\"expiryDate\":null,\"enabled\":1,\"parentId\":null,\"fields\":[]}', '2017-05-27 01:12:23', '2017-05-27 01:12:23', '53eae75c-e9bd-420a-99e3-b33433f7f7b8'),
 ('2', '2', '1', '1', 'ru_ru', '2', NULL, '{\"typeId\":null,\"authorId\":null,\"title\":\"Welcome to Bergstein.bar!\",\"slug\":\"homepage\",\"postDate\":1495847543,\"expiryDate\":null,\"enabled\":\"1\",\"parentId\":null,\"fields\":{\"1\":\"<p>It\\u2019s true, this site doesn\\u2019t have a whole lot of content yet, but don\\u2019t worry. Our web developers have just installed the CMS, and they\\u2019re setting things up for the content editors this very moment. Soon Bergstein.bar will be an oasis of fresh perspectives, sharp analyses, and astute opinions that will keep you coming back again and again.<\\/p>\"}}', '2017-05-27 01:12:23', '2017-05-27 01:12:23', 'ffdeaf80-9ceb-4cea-bdb1-2e54e83b4606'),
 ('4', '4', '4', '1', 'ru_ru', '1', '', '{\"typeId\":null,\"authorId\":\"1\",\"title\":\"\\u0413\\u043b\\u0430\\u0432\\u043d\\u0430\\u044f\",\"slug\":\"glavnaya\",\"postDate\":1495987674,\"expiryDate\":null,\"enabled\":1,\"parentId\":\"\",\"fields\":[]}', '2017-05-28 16:07:54', '2017-05-28 16:07:54', 'dfb21a36-f252-43d2-a6da-322e5dc4c6be'),
 ('5', '5', '4', '1', 'ru_ru', '1', '', '{\"typeId\":null,\"authorId\":\"1\",\"title\":\"\\u041c\\u0435\\u043d\\u044e\",\"slug\":\"menyu\",\"postDate\":1495987680,\"expiryDate\":null,\"enabled\":1,\"parentId\":\"\",\"fields\":[]}', '2017-05-28 16:08:00', '2017-05-28 16:08:00', 'c784de2e-1f55-4789-ac8c-496dc744a1a9'),
 ('6', '6', '4', '1', 'ru_ru', '1', '', '{\"typeId\":null,\"authorId\":\"1\",\"title\":\"\\u0424\\u043e\\u0442\\u043e\\u0433\\u0430\\u043b\\u0435\\u0440\\u0435\\u044f\",\"slug\":\"fotogalereya\",\"postDate\":1495987695,\"expiryDate\":null,\"enabled\":1,\"parentId\":\"\",\"fields\":[]}', '2017-05-28 16:08:15', '2017-05-28 16:08:15', '99fb1372-eaed-4568-8487-89879bf4a266'),
 ('7', '7', '4', '1', 'ru_ru', '1', '', '{\"typeId\":null,\"authorId\":\"1\",\"title\":\"\\u041a\\u043e\\u043d\\u0442\\u0430\\u043a\\u0442\\u044b\",\"slug\":\"kontakty\",\"postDate\":1495987715,\"expiryDate\":null,\"enabled\":1,\"parentId\":\"\",\"fields\":[]}', '2017-05-28 16:08:35', '2017-05-28 16:08:35', '43b2441e-17c4-431e-af24-83308c768d8e'),
 ('8', '8', '4', '1', 'ru_ru', '1', '', '{\"typeId\":null,\"authorId\":\"1\",\"title\":\"\\u041e\\u0442\\u0437\\u044b\\u0432\\u044b\",\"slug\":\"otzyvy\",\"postDate\":1495987723,\"expiryDate\":null,\"enabled\":1,\"parentId\":\"\",\"fields\":[]}', '2017-05-28 16:08:43', '2017-05-28 16:08:43', '49cb6e9b-e8ec-4c4f-9e35-dcc202e6c6f4'),
 ('9', '51', '5', '1', 'ru_ru', '1', '', '{\"typeId\":null,\"authorId\":\"1\",\"title\":\"\\u0422\\u0435\\u0441\\u0442\\u043e\\u0432\\u044b\\u0439 \\u0441\\u043b\\u0430\\u0439\\u0434\",\"slug\":\"testovyj-slajd\",\"postDate\":1496006056,\"expiryDate\":null,\"enabled\":1,\"parentId\":null,\"fields\":{\"3\":[\"43\"],\"4\":\"\\u041e\\u043f\\u0438\\u0441\\u0430\\u043d\\u0438\\u0435 \\u0442\\u0435\\u0441\\u0442\\u043e\\u0432\\u043e\\u0433\\u043e \\u0441\\u043b\\u0430\\u0439\\u0434\\u0430\",\"5\":{\"new1\":{\"type\":\"sButton\",\"enabled\":\"1\",\"fields\":{\"sLink\":\"#\",\"sName\":\"\\u0421\\u0441\\u044b\\u043b\\u043a\\u0430\"}}}}}', '2017-05-28 21:14:16', '2017-05-28 21:14:16', '150f4533-25f8-43e9-ad1b-b98457c5ff91'),
 ('10', '59', '5', '1', 'ru_ru', '1', '', '{\"typeId\":null,\"authorId\":\"1\",\"title\":\"\\u0422\\u0435\\u0441\\u0442\\u043e\\u0432\\u044b\\u0439 \\u0441\\u043b\\u0430\\u0439\\u0434\",\"slug\":\"testovyj-slajd\",\"postDate\":1496006040,\"expiryDate\":null,\"enabled\":1,\"parentId\":null,\"fields\":{\"3\":[\"43\"],\"4\":\"\\u041e\\u043f\\u0438\\u0441\\u0430\\u043d\\u0438\\u0435 \\u0442\\u0435\\u0441\\u0442\\u043e\\u0432\\u043e\\u0433\\u043e \\u0441\\u043b\\u0430\\u0439\\u0434\\u0430\",\"5\":{\"52\":{\"type\":\"sButton\",\"enabled\":\"1\",\"fields\":{\"sLink\":\"#\",\"sName\":\"\\u0421\\u0441\\u044b\\u043b\\u043a\\u0430\"}}}}}', '2017-05-28 23:00:11', '2017-05-28 23:00:11', '7988b650-469b-4e2a-936a-f2e6a2e335e9'),
 ('11', '51', '5', '1', 'ru_ru', '2', '', '{\"typeId\":\"5\",\"authorId\":\"1\",\"title\":\"\\u0422\\u0435\\u0441\\u0442\\u043e\\u0432\\u044b\\u0439 \\u0441\\u043b\\u0430\\u0439\\u0434 2\",\"slug\":\"testovyj-slajd\",\"postDate\":1496006040,\"expiryDate\":null,\"enabled\":1,\"parentId\":null,\"fields\":{\"3\":[\"46\"],\"4\":\"\\u041e\\u043f\\u0438\\u0441\\u0430\\u043d\\u0438\\u0435 \\u0442\\u0435\\u0441\\u0442\\u043e\\u0432\\u043e\\u0433\\u043e \\u0441\\u043b\\u0430\\u0439\\u0434\\u04302\",\"5\":{\"52\":{\"type\":\"sButton\",\"enabled\":\"1\",\"fields\":{\"sLink\":\"#\",\"sName\":\"\\u0421\\u0441\\u044b\\u043b\\u043a\\u0430\"}}}}}', '2017-05-28 23:00:44', '2017-05-28 23:00:44', 'aa0c380d-0c5b-45f6-aca6-ab814d3a4f52'),
 ('12', '4', '4', '1', 'ru_ru', '2', '', '{\"typeId\":\"4\",\"authorId\":\"1\",\"title\":\"\\u0413\\u043b\\u0430\\u0432\\u043d\\u0430\\u044f\",\"slug\":\"glavnaya\",\"postDate\":1495987620,\"expiryDate\":null,\"enabled\":1,\"parentId\":\"\",\"fields\":{\"10\":\"\\/\"}}', '2017-05-28 23:40:39', '2017-05-28 23:40:39', '2a5f1c6e-d1a8-4d45-b918-c2b904459652'),
 ('13', '5', '4', '1', 'ru_ru', '2', '', '{\"typeId\":\"4\",\"authorId\":\"1\",\"title\":\"\\u041c\\u0435\\u043d\\u044e\",\"slug\":\"menyu\",\"postDate\":1495987680,\"expiryDate\":null,\"enabled\":1,\"parentId\":\"\",\"fields\":{\"10\":\"\\/menu\"}}', '2017-05-28 23:40:55', '2017-05-28 23:40:55', 'ad4a006f-50c5-4a18-809d-11e743c5e2f3'),
 ('14', '6', '4', '1', 'ru_ru', '2', '', '{\"typeId\":\"4\",\"authorId\":\"1\",\"title\":\"\\u0424\\u043e\\u0442\\u043e\\u0433\\u0430\\u043b\\u0435\\u0440\\u0435\\u044f\",\"slug\":\"fotogalereya\",\"postDate\":1495987680,\"expiryDate\":null,\"enabled\":1,\"parentId\":\"\",\"fields\":{\"10\":\"\\/gallery\"}}', '2017-05-28 23:41:11', '2017-05-28 23:41:11', 'a26d95ab-41ab-4e58-9dbe-d7f0accb31d4'),
 ('15', '7', '4', '1', 'ru_ru', '2', '', '{\"typeId\":\"4\",\"authorId\":\"1\",\"title\":\"\\u041a\\u043e\\u043d\\u0442\\u0430\\u043a\\u0442\\u044b\",\"slug\":\"kontakty\",\"postDate\":1495987680,\"expiryDate\":null,\"enabled\":1,\"parentId\":\"\",\"fields\":{\"10\":\"\\/contact\"}}', '2017-05-28 23:41:21', '2017-05-28 23:41:21', '9573b781-16bb-493a-9fd6-ed0eb9bec3dc'),
 ('16', '8', '4', '1', 'ru_ru', '2', '', '{\"typeId\":\"4\",\"authorId\":\"1\",\"title\":\"\\u041e\\u0442\\u0437\\u044b\\u0432\\u044b\",\"slug\":\"otzyvy\",\"postDate\":1495987680,\"expiryDate\":null,\"enabled\":1,\"parentId\":\"\",\"fields\":{\"10\":\"\\/reviews\"}}', '2017-05-28 23:41:31', '2017-05-28 23:41:31', '79f5dd73-faa7-4df1-937a-611e3982567c'),
 ('17', '61', '4', '1', 'ru_ru', '1', '', '{\"typeId\":null,\"authorId\":\"1\",\"title\":\"\\u041d\\u043e\\u0432\\u043e\\u0441\\u0442\\u0438\",\"slug\":\"novosti\",\"postDate\":1496015083,\"expiryDate\":null,\"enabled\":1,\"parentId\":\"\",\"fields\":{\"10\":\"\\/news\"}}', '2017-05-28 23:44:43', '2017-05-28 23:44:43', 'e66c807e-eb09-4b33-a676-1d62c02dcab8'),
 ('18', '2', '1', '1', 'ru_ru', '3', '', '{\"typeId\":null,\"authorId\":null,\"title\":\"Bergstein.bar\",\"slug\":\"homepage\",\"postDate\":1495847543,\"expiryDate\":null,\"enabled\":1,\"parentId\":null,\"fields\":{\"1\":\"<p>It\\u2019s true, this site doesn\\u2019t have a whole lot of content yet, but don\\u2019t worry. Our web developers have just installed the CMS, and they\\u2019re setting things up for the content editors this very moment. Soon Bergstein.bar will be an oasis of fresh perspectives, sharp analyses, and astute opinions that will keep you coming back again and again.<\\/p>\"}}', '2017-05-29 00:16:12', '2017-05-29 00:16:12', '7126ddea-e629-4ae4-bed5-cd947c8cab20'),
 ('19', '2', '1', '1', 'ru_ru', '4', '', '{\"typeId\":null,\"authorId\":null,\"title\":\"Bergstein.bar\",\"slug\":\"homepage\",\"postDate\":1495847543,\"expiryDate\":null,\"enabled\":1,\"parentId\":null,\"fields\":{\"1\":\"<p>It\\u2019s true, this site doesn\\u2019t have a whole lot of content yet, but don\\u2019t worry. Our web developers have just installed the CMS, and they\\u2019re setting things up for the content editors this very moment. Soon Bergstein.bar will be an oasis of fresh perspectives, sharp analyses, and astute opinions that will keep you coming back again and again.<\\/p>\",\"11\":{\"new1\":{\"type\":\"special\",\"enabled\":\"1\",\"fields\":{\"specialName\":\"\\u0411\\u0430\\u043d\\u043a\\u0435\\u0442\\u043d\\u043e\\u0435 \\u043c\\u0435\\u043d\\u044e\",\"image\":[\"62\"],\"description\":\"Pri lucilius appellantur ne, at mea accusam detraxit gloriatur, nec ex reque inimicus. Dicta probatus ne sea. Wisi fierent ut vel. Vis ea eros splendide.\",\"specialLink\":\"#\"}},\"new2\":{\"type\":\"special\",\"enabled\":\"1\",\"fields\":{\"specialName\":\"\\u041d\\u043e\\u0432\\u0438\\u043d\\u043a\\u0438 \\u043c\\u0435\\u043d\\u044e\",\"image\":[\"62\"],\"description\":\"Pri lucilius appellantur ne, at mea accusam detraxit gloriatur, nec ex reque inimicus. Dicta probatus ne sea. Wisi fierent ut vel. Vis ea eros splendide.\",\"specialLink\":\"#\"}},\"new3\":{\"type\":\"special\",\"enabled\":\"1\",\"fields\":{\"specialName\":\"\\u041f\\u043e\\u043b\\u0443\\u0447\\u0438 \\u0441\\u043a\\u0438\\u0434\\u043a\\u0443 40%\",\"image\":[\"62\"],\"description\":\"Pri lucilius appellantur ne, at mea accusam detraxit gloriatur, nec ex reque inimicus. Dicta probatus ne sea. Wisi fierent ut vel. Vis ea eros splendide.\",\"specialLink\":\"#\"}},\"new4\":{\"type\":\"special\",\"enabled\":\"1\",\"fields\":{\"specialName\":\"\\u0416\\u0438\\u0432\\u0430\\u044f \\u043c\\u0443\\u0437\\u044b\\u043a\\u0430\",\"image\":[\"62\"],\"description\":\"Pri lucilius appellantur ne, at mea accusam detraxit gloriatur, nec ex reque inimicus. Dicta probatus ne sea. Wisi fierent ut vel. Vis ea eros splendide.\",\"specialLink\":\"#\"}}}}}', '2017-05-29 01:21:42', '2017-05-29 01:21:42', '47516f28-e64e-45ba-a843-915b939246cb'),
 ('20', '67', '2', '1', 'ru_ru', '1', '', '{\"typeId\":null,\"authorId\":\"1\",\"title\":\"\\u041d\\u043e\\u0432\\u043e\\u0441\\u0442\\u044c\",\"slug\":\"novost\",\"postDate\":1496022046,\"expiryDate\":null,\"enabled\":1,\"parentId\":null,\"fields\":{\"1\":\"<p>Lorem ipsum dolor sit amet, te quo erant deleniti intellegat. Ad usu rebum platonem urbanitas, eam reque populo no. Eu usu homero necessitatibus, oportere referrentur sit no. Meis scripta qui at, usu ea nibh paulo iracundia. Ferri causae qualisque mea eu. Nonumy graeci qui eu.<\\/p>\\r\\n<p>Pri lucilius appellantur ne, at mea accusam detraxit gloriatur, nec ex reque inimicus. Dicta probatus ne sea. Wisi fierent ut vel. Vis ea eros splendide.<\\/p>\\r\\n<p>Duis utamur mei id. Pri causae lucilius id. Ei his vidit graeco. Eam id bonorum necessitatibus, duo fuisset consulatu ullamcorper ad. Sed ei dolorum fastidii reformidans, ea aperiam explicari moderatius eos. Ne eam vide prima.<\\/p>\\r\\n<p>Eos eu nibh augue. Quo ad euismod percipit oportere. Ne pro natum iisque platonem, vel ad mucius dolores recteque. Cu invenire constituto definitionem has, atqui vulputate sadipscing usu eu, aeque lucilius inimicus his id. Aliquip sententiae eloquentiam ad eos, vel iudico equidem reprimique ut.<\\/p>\\r\\n<p>Vel ut viris commodo contentiones. Ei qui causae erroribus deseruisse, no sed nobis discere civibus, cetero deleniti nam ea. Has unum suscipiantur ei. Per et mollis nostrum perpetua.<\\/p>\",\"2\":\"\"}}', '2017-05-29 01:40:46', '2017-05-29 01:40:46', '897c8d41-c2dd-4162-99df-edc01da58d2f'),
 ('21', '68', '2', '1', 'ru_ru', '1', '', '{\"typeId\":null,\"authorId\":\"1\",\"title\":\"\\u041d\\u043e\\u0432\\u043e\\u0441\\u0442\\u044c 2\",\"slug\":\"2\",\"postDate\":1496022062,\"expiryDate\":null,\"enabled\":1,\"parentId\":null,\"fields\":{\"1\":\"<p>Lorem ipsum dolor sit amet, te quo erant deleniti intellegat. Ad usu rebum platonem urbanitas, eam reque populo no. Eu usu homero necessitatibus, oportere referrentur sit no. Meis scripta qui at, usu ea nibh paulo iracundia. Ferri causae qualisque mea eu. Nonumy graeci qui eu.<\\/p>\\r\\n<p>Pri lucilius appellantur ne, at mea accusam detraxit gloriatur, nec ex reque inimicus. Dicta probatus ne sea. Wisi fierent ut vel. Vis ea eros splendide.<\\/p>\\r\\n<p>Duis utamur mei id. Pri causae lucilius id. Ei his vidit graeco. Eam id bonorum necessitatibus, duo fuisset consulatu ullamcorper ad. Sed ei dolorum fastidii reformidans, ea aperiam explicari moderatius eos. Ne eam vide prima.<\\/p>\\r\\n<p>Eos eu nibh augue. Quo ad euismod percipit oportere. Ne pro natum iisque platonem, vel ad mucius dolores recteque. Cu invenire constituto definitionem has, atqui vulputate sadipscing usu eu, aeque lucilius inimicus his id. Aliquip sententiae eloquentiam ad eos, vel iudico equidem reprimique ut.<\\/p>\\r\\n<p>Vel ut viris commodo contentiones. Ei qui causae erroribus deseruisse, no sed nobis discere civibus, cetero deleniti nam ea. Has unum suscipiantur ei. Per et mollis nostrum perpetua.<\\/p>\",\"2\":\"\"}}', '2017-05-29 01:41:02', '2017-05-29 01:41:02', 'a2fa5e5b-feb7-4a2e-8a29-c63a09806839'),
 ('22', '68', '2', '1', 'ru_ru', '2', '', '{\"typeId\":\"2\",\"authorId\":\"1\",\"title\":\"\\u041d\\u043e\\u0432\\u043e\\u0441\\u0442\\u044c 2\",\"slug\":\"2\",\"postDate\":1496022060,\"expiryDate\":null,\"enabled\":1,\"parentId\":null,\"fields\":{\"1\":\"<p>Lorem ipsum dolor sit amet, te quo erant deleniti intellegat. Ad usu rebum platonem urbanitas, eam reque populo no. Eu usu homero necessitatibus, oportere referrentur sit no. Meis scripta qui at, usu ea nibh paulo iracundia. Ferri causae qualisque mea eu. Nonumy graeci qui eu.<\\/p>\\r\\n<p>Pri lucilius appellantur ne, at mea accusam detraxit gloriatur, nec ex reque inimicus. Dicta probatus ne sea. Wisi fierent ut vel. Vis ea eros splendide.<\\/p>\\r\\n<p>Duis utamur mei id. Pri causae lucilius id. Ei his vidit graeco. Eam id bonorum necessitatibus, duo fuisset consulatu ullamcorper ad. Sed ei dolorum fastidii reformidans, ea aperiam explicari moderatius eos. Ne eam vide prima.<\\/p>\\r\\n<p>Eos eu nibh augue. Quo ad euismod percipit oportere. Ne pro natum iisque platonem, vel ad mucius dolores recteque. Cu invenire constituto definitionem has, atqui vulputate sadipscing usu eu, aeque lucilius inimicus his id. Aliquip sententiae eloquentiam ad eos, vel iudico equidem reprimique ut.<\\/p>\\r\\n<p>Vel ut viris commodo contentiones. Ei qui causae erroribus deseruisse, no sed nobis discere civibus, cetero deleniti nam ea. Has unum suscipiantur ei. Per et mollis nostrum perpetua.<\\/p>\",\"2\":\"\",\"16\":[\"69\"]}}', '2017-05-29 01:53:46', '2017-05-29 01:53:46', '60362eb4-2a2a-4918-b369-573c68e1313f'),
 ('23', '67', '2', '1', 'ru_ru', '2', '', '{\"typeId\":\"2\",\"authorId\":\"1\",\"title\":\"\\u041d\\u043e\\u0432\\u043e\\u0441\\u0442\\u044c\",\"slug\":\"novost\",\"postDate\":1496022000,\"expiryDate\":null,\"enabled\":1,\"parentId\":null,\"fields\":{\"1\":\"<p>Lorem ipsum dolor sit amet, te quo erant deleniti intellegat. Ad usu rebum platonem urbanitas, eam reque populo no. Eu usu homero necessitatibus, oportere referrentur sit no. Meis scripta qui at, usu ea nibh paulo iracundia. Ferri causae qualisque mea eu. Nonumy graeci qui eu.<\\/p>\\r\\n<p>Pri lucilius appellantur ne, at mea accusam detraxit gloriatur, nec ex reque inimicus. Dicta probatus ne sea. Wisi fierent ut vel. Vis ea eros splendide.<\\/p>\\r\\n<p>Duis utamur mei id. Pri causae lucilius id. Ei his vidit graeco. Eam id bonorum necessitatibus, duo fuisset consulatu ullamcorper ad. Sed ei dolorum fastidii reformidans, ea aperiam explicari moderatius eos. Ne eam vide prima.<\\/p>\\r\\n<p>Eos eu nibh augue. Quo ad euismod percipit oportere. Ne pro natum iisque platonem, vel ad mucius dolores recteque. Cu invenire constituto definitionem has, atqui vulputate sadipscing usu eu, aeque lucilius inimicus his id. Aliquip sententiae eloquentiam ad eos, vel iudico equidem reprimique ut.<\\/p>\\r\\n<p>Vel ut viris commodo contentiones. Ei qui causae erroribus deseruisse, no sed nobis discere civibus, cetero deleniti nam ea. Has unum suscipiantur ei. Per et mollis nostrum perpetua.<\\/p>\",\"2\":\"\",\"16\":[\"69\"]}}', '2017-05-29 01:53:54', '2017-05-29 01:53:54', 'a1121e6f-572d-49b3-a83c-ce8698e7d396'),
 ('24', '70', '6', '1', 'ru_ru', '1', NULL, '{\"typeId\":\"6\",\"authorId\":null,\"title\":\"Contact\",\"slug\":\"contact\",\"postDate\":1496102182,\"expiryDate\":null,\"enabled\":1,\"parentId\":null,\"fields\":[]}', '2017-05-29 23:56:22', '2017-05-29 23:56:22', 'b0afe3a8-4f50-4dd0-aaee-cb7ff2f0bbd2'),
 ('25', '71', '7', '1', 'ru_ru', '1', NULL, '{\"typeId\":\"7\",\"authorId\":null,\"title\":\"Reviews\",\"slug\":\"reviews\",\"postDate\":1496102200,\"expiryDate\":null,\"enabled\":1,\"parentId\":null,\"fields\":[]}', '2017-05-29 23:56:40', '2017-05-29 23:56:40', '828d4c1e-2b1a-440c-b3ba-1a3db340bb61'),
 ('26', '72', '8', '1', 'ru_ru', '1', NULL, '{\"typeId\":\"8\",\"authorId\":null,\"title\":\"Gallery\",\"slug\":\"gallery\",\"postDate\":1496102216,\"expiryDate\":null,\"enabled\":1,\"parentId\":null,\"fields\":[]}', '2017-05-29 23:56:56', '2017-05-29 23:56:56', '7e292a61-e28f-488d-845e-e601910876c5'),
 ('27', '71', '7', '1', 'ru_ru', '2', '', '{\"typeId\":\"7\",\"authorId\":null,\"title\":\"\\u041e\\u0442\\u0437\\u044b\\u0432\\u044b\",\"slug\":\"reviews\",\"postDate\":1496103933,\"expiryDate\":null,\"enabled\":1,\"parentId\":null,\"fields\":[]}', '2017-05-30 15:03:23', '2017-05-30 15:03:23', 'bccce700-6571-41e3-9193-27c4213f538f'),
 ('28', '72', '8', '1', 'ru_ru', '2', '', '{\"typeId\":\"8\",\"authorId\":null,\"title\":\"\\u0424\\u043e\\u0442\\u043e\\u0433\\u0430\\u043b\\u0435\\u0440\\u0435\\u044f\",\"slug\":\"gallery\",\"postDate\":1496103927,\"expiryDate\":null,\"enabled\":1,\"parentId\":null,\"fields\":{\"17\":\"\\u0424\\u043e\\u0442\\u043e\\u0433\\u0440\\u0430\\u0444\\u0438\\u0438 \\u0438\\u043d\\u0442\\u0435\\u0440\\u044c\\u0435\\u0440\\u0430 \\u0438 \\u043f\\u0440\\u043e\\u0448\\u0435\\u0434\\u0448\\u0438\\u0445 \\u043c\\u0435\\u0440\\u043e\\u043f\\u0440\\u0438\\u044f\\u0442\\u0438\\u0439\",\"18\":[\"73\"]}}', '2017-05-30 15:07:27', '2017-05-30 15:07:27', '4160ed4d-ade4-4b96-8a60-a8ff820d141d'),
 ('29', '71', '7', '1', 'ru_ru', '3', '', '{\"typeId\":\"7\",\"authorId\":null,\"title\":\"\\u041e\\u0442\\u0437\\u044b\\u0432\\u044b\",\"slug\":\"reviews\",\"postDate\":1496103933,\"expiryDate\":null,\"enabled\":1,\"parentId\":null,\"fields\":{\"17\":\"\\u041c\\u044b \\u0441\\u043e\\u0432\\u0435\\u0440\\u0448\\u0435\\u043d\\u0441\\u0442\\u0432\\u0443\\u0435\\u043c\\u0441\\u044f \\u0440\\u0430\\u0434\\u0438 \\u0412\\u0430\\u0441. \\u041f\\u043e\\u0436\\u0430\\u043b\\u0443\\u0439\\u0441\\u0442\\u0430 \\u043e\\u0441\\u0442\\u0430\\u0432\\u044c\\u0442\\u0435 \\u043e\\u0442\\u0437\\u044b\\u0432 \\u0441 \\u043f\\u0440\\u0435\\u0434\\u043b\\u043e\\u0436\\u0435\\u043d\\u0438\\u044f\\u043c\\u0438 \\u0438 \\u0437\\u0430\\u043c\\u0435\\u0447\\u0430\\u043d\\u0438\\u044f\\u043c\\u0438\",\"18\":[\"73\"]}}', '2017-05-30 15:11:33', '2017-05-30 15:11:33', '01352ed3-0681-497d-b730-6e93b9622c92'),
 ('30', '70', '6', '1', 'ru_ru', '2', '', '{\"typeId\":\"6\",\"authorId\":null,\"title\":\"\\u041a\\u043e\\u043d\\u0442\\u0430\\u043a\\u0442\\u044b\",\"slug\":\"contact\",\"postDate\":1496103919,\"expiryDate\":null,\"enabled\":1,\"parentId\":null,\"fields\":{\"17\":\"\\u0421\\u0432\\u044f\\u0436\\u0438\\u0442\\u0435\\u0441\\u044c \\u0441 \\u043d\\u0430\\u043c\\u0438, \\u0435\\u0441\\u043b\\u0438 \\u0443 \\u0432\\u0430\\u0441 \\u043e\\u0441\\u0442\\u0430\\u043b\\u0438\\u0441\\u044c \\u0432\\u043e\\u043f\\u0440\\u043e\\u0441\\u044b\",\"18\":[\"73\"]}}', '2017-05-30 15:21:16', '2017-05-30 15:21:16', 'b488b536-5122-43af-90f0-eee94940406d'),
 ('31', '72', '8', '1', 'ru_ru', '3', '', '{\"typeId\":\"8\",\"authorId\":null,\"title\":\"\\u0424\\u043e\\u0442\\u043e\\u0433\\u0430\\u043b\\u0435\\u0440\\u0435\\u044f\",\"slug\":\"gallery\",\"postDate\":1496103927,\"expiryDate\":null,\"enabled\":1,\"parentId\":null,\"fields\":{\"17\":\"\\u0424\\u043e\\u0442\\u043e\\u0433\\u0440\\u0430\\u0444\\u0438\\u0438 \\u0438\\u043d\\u0442\\u0435\\u0440\\u044c\\u0435\\u0440\\u0430 \\u0438 \\u043f\\u0440\\u043e\\u0448\\u0435\\u0434\\u0448\\u0438\\u0445 \\u043c\\u0435\\u0440\\u043e\\u043f\\u0440\\u0438\\u044f\\u0442\\u0438\\u0439\",\"18\":[\"73\"],\"19\":[\"79\",\"80\",\"81\",\"74\",\"75\",\"76\",\"77\",\"78\"]}}', '2017-05-30 20:31:02', '2017-05-30 20:31:02', '7359746d-a9bf-4dde-ac22-c08e14891b56'),
 ('32', '67', '2', '1', 'ru_ru', '3', '', '{\"typeId\":\"2\",\"authorId\":\"1\",\"title\":\"\\u041d\\u043e\\u0432\\u043e\\u0441\\u0442\\u044c\",\"slug\":\"novost\",\"postDate\":1496022000,\"expiryDate\":null,\"enabled\":1,\"parentId\":null,\"fields\":{\"1\":\"<p>Lorem ipsum dolor sit amet, te quo erant deleniti intellegat. Ad usu rebum platonem urbanitas, eam reque populo no. Eu usu homero necessitatibus, oportere referrentur sit no. Meis scripta qui at, usu ea nibh paulo iracundia. Ferri causae qualisque mea eu. Nonumy graeci qui eu.<\\/p>\\r\\n<p>Pri lucilius appellantur ne, at mea accusam detraxit gloriatur, nec ex reque inimicus. Dicta probatus ne sea. Wisi fierent ut vel. Vis ea eros splendide.<\\/p>\\r\\n<p>Duis utamur mei id. Pri causae lucilius id. Ei his vidit graeco. Eam id bonorum necessitatibus, duo fuisset consulatu ullamcorper ad. Sed ei dolorum fastidii reformidans, ea aperiam explicari moderatius eos. Ne eam vide prima.<\\/p>\\r\\n<p>Eos eu nibh augue. Quo ad euismod percipit oportere. Ne pro natum iisque platonem, vel ad mucius dolores recteque. Cu invenire constituto definitionem has, atqui vulputate sadipscing usu eu, aeque lucilius inimicus his id. Aliquip sententiae eloquentiam ad eos, vel iudico equidem reprimique ut.<\\/p>\\r\\n<p>Vel ut viris commodo contentiones. Ei qui causae erroribus deseruisse, no sed nobis discere civibus, cetero deleniti nam ea. Has unum suscipiantur ei. Per et mollis nostrum perpetua.<\\/p>\",\"2\":[\"82\",\"83\",\"84\",\"86\"],\"16\":[\"69\"]}}', '2017-05-30 20:44:22', '2017-05-30 20:44:22', '90ef6d12-9a7d-49d4-93bb-375efaca8127'),
 ('33', '68', '2', '1', 'ru_ru', '3', '', '{\"typeId\":\"2\",\"authorId\":\"1\",\"title\":\"\\u041d\\u043e\\u0432\\u043e\\u0441\\u0442\\u044c 2\",\"slug\":\"novost-2\",\"postDate\":1496022060,\"expiryDate\":null,\"enabled\":1,\"parentId\":null,\"fields\":{\"1\":\"<p>Lorem ipsum dolor sit amet, te quo erant deleniti intellegat. Ad usu rebum platonem urbanitas, eam reque populo no. Eu usu homero necessitatibus, oportere referrentur sit no. Meis scripta qui at, usu ea nibh paulo iracundia. Ferri causae qualisque mea eu. Nonumy graeci qui eu.<\\/p>\\r\\n<p>Pri lucilius appellantur ne, at mea accusam detraxit gloriatur, nec ex reque inimicus. Dicta probatus ne sea. Wisi fierent ut vel. Vis ea eros splendide.<\\/p>\\r\\n<p>Duis utamur mei id. Pri causae lucilius id. Ei his vidit graeco. Eam id bonorum necessitatibus, duo fuisset consulatu ullamcorper ad. Sed ei dolorum fastidii reformidans, ea aperiam explicari moderatius eos. Ne eam vide prima.<\\/p>\\r\\n<p>Eos eu nibh augue. Quo ad euismod percipit oportere. Ne pro natum iisque platonem, vel ad mucius dolores recteque. Cu invenire constituto definitionem has, atqui vulputate sadipscing usu eu, aeque lucilius inimicus his id. Aliquip sententiae eloquentiam ad eos, vel iudico equidem reprimique ut.<\\/p>\\r\\n<p>Vel ut viris commodo contentiones. Ei qui causae erroribus deseruisse, no sed nobis discere civibus, cetero deleniti nam ea. Has unum suscipiantur ei. Per et mollis nostrum perpetua.<\\/p>\",\"2\":\"\",\"16\":[\"69\"]}}', '2017-05-30 20:51:03', '2017-05-30 20:51:03', '55fa4be3-72d8-4065-ad65-a9e614876bf6'),
 ('34', '2', '1', '1', 'ru_ru', '5', '', '{\"typeId\":null,\"authorId\":null,\"title\":\"Bergstein.bar\",\"slug\":\"homepage\",\"postDate\":1495847543,\"expiryDate\":null,\"enabled\":1,\"parentId\":null,\"fields\":{\"1\":\"<p>\\u041e\\u0433\\u0440\\u043e\\u043c\\u043d\\u044b\\u0439 \\u0430\\u0441\\u0441\\u043e\\u0440\\u0442\\u0438\\u043c\\u0435\\u043d\\u0442 \\u043a\\u0440\\u0430\\u0444\\u0442\\u043e\\u0432\\u043e\\u0433\\u043e \\u043f\\u0438\\u0432\\u0430, \\u0440\\u0430\\u0437\\u043d\\u043e\\u043e\\u0431\\u0440\\u0430\\u0437\\u043d\\u0430\\u044f \\u043a\\u0443\\u0445\\u043d\\u044f \\u0438 \\u043f\\u0440\\u0438\\u044f\\u0442\\u043d\\u0430\\u044f \\u043c\\u0443\\u0437\\u044b\\u043a\\u0430 \\u0432 \\u0443\\u044e\\u0442\\u043d\\u043e\\u043c \\u0440\\u0435\\u0441\\u0442\\u043e\\u0440\\u0430\\u043d\\u0435 \\u0411\\u0435\\u0440\\u0433\\u0448\\u0442\\u0430\\u0439\\u043d. \\u0423&nbsp;\\u043d\\u0430\\u0441 \\u0432\\u044b \\u043c\\u043e\\u0436\\u0435\\u0442\\u0435 \\u043f\\u0440\\u043e\\u0432\\u0435\\u0441\\u0442\\u0438 \\u0431\\u0430\\u043d\\u043a\\u0435\\u0442 \\u0438\\u043b\\u0438 \\u043a\\u043e\\u0440\\u043f\\u043e\\u0440\\u0430\\u0442\\u0438\\u0432, \\u043f\\u043e\\u0441\\u043c\\u043e\\u0442\\u0440\\u0435\\u0442\\u044c \\u0441\\u043f\\u043e\\u0440\\u0442\\u0438\\u0432\\u043d\\u044b\\u0435 \\u0442\\u0440\\u0430\\u043d\\u0441\\u043b\\u044f\\u0446\\u0438\\u0438 \\u0438\\u043b\\u0438 \\u043f\\u043e\\u043a\\u0443\\u0440\\u0438\\u0442\\u044c \\u043a\\u0430\\u043b\\u044c\\u044f\\u043d. \\u0412&nbsp;\\u043c\\u0435\\u043d\\u044e \\u043f\\u0440\\u0435\\u0434\\u0441\\u0442\\u0430\\u0432\\u043b\\u0435\\u043d\\u044b \\u0438\\u0442\\u0430\\u043b\\u044c\\u044f\\u043d\\u0441\\u043a\\u0430\\u044f, \\u044f\\u043f\\u043e\\u043d\\u0441\\u043a\\u0430\\u044f \\u0438 \\u0442\\u0440\\u0430\\u0434\\u0438\\u0446\\u0438\\u043e\\u043d\\u043d\\u043e \\u0440\\u0443\\u0441\\u0441\\u043a\\u0430\\u044f \\u043a\\u0443\\u0445\\u043d\\u0438.<\\/p>\",\"11\":{\"63\":{\"type\":\"special\",\"enabled\":\"1\",\"fields\":{\"specialName\":\"\\u0411\\u0430\\u043d\\u043a\\u0435\\u0442\\u043d\\u043e\\u0435 \\u043c\\u0435\\u043d\\u044e\",\"image\":[\"62\"],\"description\":\"Pri lucilius appellantur ne, at mea accusam detraxit gloriatur, nec ex reque inimicus. Dicta probatus ne sea. Wisi fierent ut vel. Vis ea eros splendide.\",\"specialLink\":\"#\"}},\"64\":{\"type\":\"special\",\"enabled\":\"1\",\"fields\":{\"specialName\":\"\\u041d\\u043e\\u0432\\u0438\\u043d\\u043a\\u0438 \\u043c\\u0435\\u043d\\u044e\",\"image\":[\"62\"],\"description\":\"Pri lucilius appellantur ne, at mea accusam detraxit gloriatur, nec ex reque inimicus. Dicta probatus ne sea. Wisi fierent ut vel. Vis ea eros splendide.\",\"specialLink\":\"#\"}},\"65\":{\"type\":\"special\",\"enabled\":\"1\",\"fields\":{\"specialName\":\"\\u041f\\u043e\\u043b\\u0443\\u0447\\u0438 \\u0441\\u043a\\u0438\\u0434\\u043a\\u0443 40%\",\"image\":[\"62\"],\"description\":\"Pri lucilius appellantur ne, at mea accusam detraxit gloriatur, nec ex reque inimicus. Dicta probatus ne sea. Wisi fierent ut vel. Vis ea eros splendide.\",\"specialLink\":\"#\"}},\"66\":{\"type\":\"special\",\"enabled\":\"1\",\"fields\":{\"specialName\":\"\\u0416\\u0438\\u0432\\u0430\\u044f \\u043c\\u0443\\u0437\\u044b\\u043a\\u0430\",\"image\":[\"62\"],\"description\":\"Pri lucilius appellantur ne, at mea accusam detraxit gloriatur, nec ex reque inimicus. Dicta probatus ne sea. Wisi fierent ut vel. Vis ea eros splendide.\",\"specialLink\":\"#\"}}}}}', '2017-05-31 01:36:24', '2017-05-31 01:36:24', 'cded7f8d-1bb5-41f9-b347-496c0891d835'),
 ('35', '2', '1', '1', 'ru_ru', '6', '', '{\"typeId\":null,\"authorId\":null,\"title\":\"Bergstein.bar\",\"slug\":\"homepage\",\"postDate\":1495847543,\"expiryDate\":null,\"enabled\":1,\"parentId\":null,\"fields\":{\"1\":\"<p>\\u041e\\u0433\\u0440\\u043e\\u043c\\u043d\\u044b\\u0439 \\u0430\\u0441\\u0441\\u043e\\u0440\\u0442\\u0438\\u043c\\u0435\\u043d\\u0442 \\u043a\\u0440\\u0430\\u0444\\u0442\\u043e\\u0432\\u043e\\u0433\\u043e \\u043f\\u0438\\u0432\\u0430, \\u0440\\u0430\\u0437\\u043d\\u043e\\u043e\\u0431\\u0440\\u0430\\u0437\\u043d\\u0430\\u044f \\u043a\\u0443\\u0445\\u043d\\u044f \\u0438 \\u043f\\u0440\\u0438\\u044f\\u0442\\u043d\\u0430\\u044f \\u043c\\u0443\\u0437\\u044b\\u043a\\u0430 \\u0432 \\u0443\\u044e\\u0442\\u043d\\u043e\\u043c \\u0440\\u0435\\u0441\\u0442\\u043e\\u0440\\u0430\\u043d\\u0435 \\u0411\\u0435\\u0440\\u0433\\u0448\\u0442\\u0430\\u0439\\u043d. \\u0423&nbsp;\\u043d\\u0430\\u0441 \\u0432\\u044b \\u043c\\u043e\\u0436\\u0435\\u0442\\u0435 \\u043f\\u0440\\u043e\\u0432\\u0435\\u0441\\u0442\\u0438 \\u0431\\u0430\\u043d\\u043a\\u0435\\u0442 \\u0438\\u043b\\u0438 \\u043a\\u043e\\u0440\\u043f\\u043e\\u0440\\u0430\\u0442\\u0438\\u0432, \\u043f\\u043e\\u0441\\u043c\\u043e\\u0442\\u0440\\u0435\\u0442\\u044c \\u0441\\u043f\\u043e\\u0440\\u0442\\u0438\\u0432\\u043d\\u044b\\u0435 \\u0442\\u0440\\u0430\\u043d\\u0441\\u043b\\u044f\\u0446\\u0438\\u0438 \\u0438\\u043b\\u0438 \\u043f\\u043e\\u043a\\u0443\\u0440\\u0438\\u0442\\u044c \\u043a\\u0430\\u043b\\u044c\\u044f\\u043d. \\u0412&nbsp;\\u043c\\u0435\\u043d\\u044e \\u043f\\u0440\\u0435\\u0434\\u0441\\u0442\\u0430\\u0432\\u043b\\u0435\\u043d\\u044b \\u0438\\u0442\\u0430\\u043b\\u044c\\u044f\\u043d\\u0441\\u043a\\u0430\\u044f, \\u044f\\u043f\\u043e\\u043d\\u0441\\u043a\\u0430\\u044f \\u0438 \\u0442\\u0440\\u0430\\u0434\\u0438\\u0446\\u0438\\u043e\\u043d\\u043d\\u043e \\u0440\\u0443\\u0441\\u0441\\u043a\\u0430\\u044f \\u043a\\u0443\\u0445\\u043d\\u0438.<\\/p>\",\"11\":{\"63\":{\"type\":\"special\",\"enabled\":\"1\",\"fields\":{\"specialName\":\"\\u0411\\u0430\\u043d\\u043a\\u0435\\u0442\\u043d\\u043e\\u0435 \\u043c\\u0435\\u043d\\u044e\",\"image\":[\"96\"],\"description\":\"\\u041d\\u043e\\u0432\\u043e\\u0435 \\u0441\\u043f\\u0435\\u0446\\u0438\\u0430\\u043b\\u044c\\u043d\\u043e\\u0435 \\u043c\\u0435\\u043d\\u044e\",\"specialLink\":\"#\"}},\"64\":{\"type\":\"special\",\"enabled\":\"1\",\"fields\":{\"specialName\":\"\\u041d\\u043e\\u0432\\u0438\\u043d\\u043a\\u0438 \\u043c\\u0435\\u043d\\u044e\",\"image\":[\"62\"],\"description\":\"Pri lucilius appellantur ne, at mea accusam detraxit gloriatur, nec ex reque inimicus. Dicta probatus ne sea. Wisi fierent ut vel. Vis ea eros splendide.\",\"specialLink\":\"#\"}},\"65\":{\"type\":\"special\",\"enabled\":\"1\",\"fields\":{\"specialName\":\"\\u041f\\u043e\\u043b\\u0443\\u0447\\u0438 \\u0441\\u043a\\u0438\\u0434\\u043a\\u0443 40%\",\"image\":[\"62\"],\"description\":\"Pri lucilius appellantur ne, at mea accusam detraxit gloriatur, nec ex reque inimicus. Dicta probatus ne sea. Wisi fierent ut vel. Vis ea eros splendide.\",\"specialLink\":\"#\"}},\"66\":{\"type\":\"special\",\"enabled\":\"1\",\"fields\":{\"specialName\":\"\\u0416\\u0438\\u0432\\u0430\\u044f \\u043c\\u0443\\u0437\\u044b\\u043a\\u0430\",\"image\":[\"62\"],\"description\":\"Pri lucilius appellantur ne, at mea accusam detraxit gloriatur, nec ex reque inimicus. Dicta probatus ne sea. Wisi fierent ut vel. Vis ea eros splendide.\",\"specialLink\":\"#\"}}}}}', '2017-05-31 02:45:40', '2017-05-31 02:45:40', 'd60fede8-826a-4bfd-8983-244f5ce762b7'),
 ('36', '2', '1', '1', 'ru_ru', '7', '', '{\"typeId\":null,\"authorId\":null,\"title\":\"Bergstein.bar\",\"slug\":\"homepage\",\"postDate\":1495847543,\"expiryDate\":null,\"enabled\":1,\"parentId\":null,\"fields\":{\"1\":\"<p>\\u041e\\u0433\\u0440\\u043e\\u043c\\u043d\\u044b\\u0439 \\u0430\\u0441\\u0441\\u043e\\u0440\\u0442\\u0438\\u043c\\u0435\\u043d\\u0442 \\u043a\\u0440\\u0430\\u0444\\u0442\\u043e\\u0432\\u043e\\u0433\\u043e \\u043f\\u0438\\u0432\\u0430, \\u0440\\u0430\\u0437\\u043d\\u043e\\u043e\\u0431\\u0440\\u0430\\u0437\\u043d\\u0430\\u044f \\u043a\\u0443\\u0445\\u043d\\u044f \\u0438 \\u043f\\u0440\\u0438\\u044f\\u0442\\u043d\\u0430\\u044f \\u043c\\u0443\\u0437\\u044b\\u043a\\u0430 \\u0432 \\u0443\\u044e\\u0442\\u043d\\u043e\\u043c \\u0440\\u0435\\u0441\\u0442\\u043e\\u0440\\u0430\\u043d\\u0435 \\u0411\\u0435\\u0440\\u0433\\u0448\\u0442\\u0430\\u0439\\u043d. \\u0423&nbsp;\\u043d\\u0430\\u0441 \\u0432\\u044b \\u043c\\u043e\\u0436\\u0435\\u0442\\u0435 \\u043f\\u0440\\u043e\\u0432\\u0435\\u0441\\u0442\\u0438 \\u0431\\u0430\\u043d\\u043a\\u0435\\u0442 \\u0438\\u043b\\u0438 \\u043a\\u043e\\u0440\\u043f\\u043e\\u0440\\u0430\\u0442\\u0438\\u0432, \\u043f\\u043e\\u0441\\u043c\\u043e\\u0442\\u0440\\u0435\\u0442\\u044c \\u0441\\u043f\\u043e\\u0440\\u0442\\u0438\\u0432\\u043d\\u044b\\u0435 \\u0442\\u0440\\u0430\\u043d\\u0441\\u043b\\u044f\\u0446\\u0438\\u0438 \\u0438\\u043b\\u0438 \\u043f\\u043e\\u043a\\u0443\\u0440\\u0438\\u0442\\u044c \\u043a\\u0430\\u043b\\u044c\\u044f\\u043d. \\u0412&nbsp;\\u043c\\u0435\\u043d\\u044e \\u043f\\u0440\\u0435\\u0434\\u0441\\u0442\\u0430\\u0432\\u043b\\u0435\\u043d\\u044b \\u0438\\u0442\\u0430\\u043b\\u044c\\u044f\\u043d\\u0441\\u043a\\u0430\\u044f, \\u044f\\u043f\\u043e\\u043d\\u0441\\u043a\\u0430\\u044f \\u0438 \\u0442\\u0440\\u0430\\u0434\\u0438\\u0446\\u0438\\u043e\\u043d\\u043d\\u043e \\u0440\\u0443\\u0441\\u0441\\u043a\\u0430\\u044f \\u043a\\u0443\\u0445\\u043d\\u0438.<\\/p>\",\"11\":{\"63\":{\"type\":\"special\",\"enabled\":\"1\",\"fields\":{\"specialName\":\"\\u0411\\u0430\\u043d\\u043a\\u0435\\u0442\\u043d\\u043e\\u0435 \\u043c\\u0435\\u043d\\u044e\",\"image\":[\"96\"],\"description\":\"\\u041d\\u043e\\u0432\\u043e\\u0435 \\u0441\\u043f\\u0435\\u0446\\u0438\\u0430\\u043b\\u044c\\u043d\\u043e\\u0435 \\u043c\\u0435\\u043d\\u044e\",\"specialLink\":\"#\"}},\"64\":{\"type\":\"special\",\"enabled\":\"1\",\"fields\":{\"specialName\":\"\\u041f\\u0438\\u0432\\u043e \\u0432 \\u043f\\u043e\\u0434\\u0430\\u0440\\u043e\\u043a!\",\"image\":[\"97\"],\"description\":\"\\u041a\\u0430\\u0436\\u0434\\u044b\\u0435 \\u0432\\u0442\\u043e\\u0440\\u043d\\u0438\\u043a \\u0438 \\u0432\\u043e\\u0441\\u043a\\u0440\\u0435\\u0441\\u0435\\u043d\\u044c\\u0435 - \\u0432\\u0442\\u043e\\u0440\\u043e\\u0435 \\u0444\\u0438\\u0440\\u043c\\u0435\\u043d\\u043d\\u043e\\u0435 \\u043f\\u0438\\u0432\\u043e \\u0432 \\u043f\\u043e\\u0434\\u0430\\u0440\\u043e\\u043a!\",\"specialLink\":\"#\"}},\"65\":{\"type\":\"special\",\"enabled\":\"1\",\"fields\":{\"specialName\":\"\\u041f\\u043e\\u043b\\u0443\\u0447\\u0438 \\u0441\\u043a\\u0438\\u0434\\u043a\\u0443 40%\",\"image\":[\"62\"],\"description\":\"Pri lucilius appellantur ne, at mea accusam detraxit gloriatur, nec ex reque inimicus. Dicta probatus ne sea. Wisi fierent ut vel. Vis ea eros splendide.\",\"specialLink\":\"#\"}},\"66\":{\"type\":\"special\",\"enabled\":\"1\",\"fields\":{\"specialName\":\"\\u0416\\u0438\\u0432\\u0430\\u044f \\u043c\\u0443\\u0437\\u044b\\u043a\\u0430\",\"image\":[\"62\"],\"description\":\"Pri lucilius appellantur ne, at mea accusam detraxit gloriatur, nec ex reque inimicus. Dicta probatus ne sea. Wisi fierent ut vel. Vis ea eros splendide.\",\"specialLink\":\"#\"}}}}}', '2017-05-31 02:47:08', '2017-05-31 02:47:08', '86ac6ab5-ddd8-4a5f-8a47-fe193ebbe185'),
 ('37', '2', '1', '1', 'ru_ru', '8', '', '{\"typeId\":null,\"authorId\":null,\"title\":\"Bergstein.bar\",\"slug\":\"homepage\",\"postDate\":1495847543,\"expiryDate\":null,\"enabled\":1,\"parentId\":null,\"fields\":{\"1\":\"<p>\\u041e\\u0433\\u0440\\u043e\\u043c\\u043d\\u044b\\u0439 \\u0430\\u0441\\u0441\\u043e\\u0440\\u0442\\u0438\\u043c\\u0435\\u043d\\u0442 \\u043a\\u0440\\u0430\\u0444\\u0442\\u043e\\u0432\\u043e\\u0433\\u043e \\u043f\\u0438\\u0432\\u0430, \\u0440\\u0430\\u0437\\u043d\\u043e\\u043e\\u0431\\u0440\\u0430\\u0437\\u043d\\u0430\\u044f \\u043a\\u0443\\u0445\\u043d\\u044f \\u0438 \\u043f\\u0440\\u0438\\u044f\\u0442\\u043d\\u0430\\u044f \\u043c\\u0443\\u0437\\u044b\\u043a\\u0430 \\u0432 \\u0443\\u044e\\u0442\\u043d\\u043e\\u043c \\u0440\\u0435\\u0441\\u0442\\u043e\\u0440\\u0430\\u043d\\u0435 \\u0411\\u0435\\u0440\\u0433\\u0448\\u0442\\u0430\\u0439\\u043d. \\u0423&nbsp;\\u043d\\u0430\\u0441 \\u0432\\u044b \\u043c\\u043e\\u0436\\u0435\\u0442\\u0435 \\u043f\\u0440\\u043e\\u0432\\u0435\\u0441\\u0442\\u0438 \\u0431\\u0430\\u043d\\u043a\\u0435\\u0442 \\u0438\\u043b\\u0438 \\u043a\\u043e\\u0440\\u043f\\u043e\\u0440\\u0430\\u0442\\u0438\\u0432, \\u043f\\u043e\\u0441\\u043c\\u043e\\u0442\\u0440\\u0435\\u0442\\u044c \\u0441\\u043f\\u043e\\u0440\\u0442\\u0438\\u0432\\u043d\\u044b\\u0435 \\u0442\\u0440\\u0430\\u043d\\u0441\\u043b\\u044f\\u0446\\u0438\\u0438 \\u0438\\u043b\\u0438 \\u043f\\u043e\\u043a\\u0443\\u0440\\u0438\\u0442\\u044c \\u043a\\u0430\\u043b\\u044c\\u044f\\u043d. \\u0412&nbsp;\\u043c\\u0435\\u043d\\u044e \\u043f\\u0440\\u0435\\u0434\\u0441\\u0442\\u0430\\u0432\\u043b\\u0435\\u043d\\u044b \\u0438\\u0442\\u0430\\u043b\\u044c\\u044f\\u043d\\u0441\\u043a\\u0430\\u044f, \\u044f\\u043f\\u043e\\u043d\\u0441\\u043a\\u0430\\u044f \\u0438 \\u0442\\u0440\\u0430\\u0434\\u0438\\u0446\\u0438\\u043e\\u043d\\u043d\\u043e \\u0440\\u0443\\u0441\\u0441\\u043a\\u0430\\u044f \\u043a\\u0443\\u0445\\u043d\\u0438.<\\/p>\",\"11\":{\"63\":{\"type\":\"special\",\"enabled\":\"1\",\"fields\":{\"specialName\":\"\\u0411\\u0430\\u043d\\u043a\\u0435\\u0442\\u043d\\u043e\\u0435 \\u043c\\u0435\\u043d\\u044e\",\"image\":[\"96\"],\"description\":\"\\u041d\\u043e\\u0432\\u043e\\u0435 \\u0441\\u043f\\u0435\\u0446\\u0438\\u0430\\u043b\\u044c\\u043d\\u043e\\u0435 \\u043c\\u0435\\u043d\\u044e\",\"specialLink\":\"#\"}},\"64\":{\"type\":\"special\",\"enabled\":\"1\",\"fields\":{\"specialName\":\"\\u041f\\u0438\\u0432\\u043e \\u0432 \\u043f\\u043e\\u0434\\u0430\\u0440\\u043e\\u043a!\",\"image\":[\"97\"],\"description\":\"\\u041a\\u0430\\u0436\\u0434\\u044b\\u0435 \\u0432\\u0442\\u043e\\u0440\\u043d\\u0438\\u043a \\u0438 \\u0432\\u043e\\u0441\\u043a\\u0440\\u0435\\u0441\\u0435\\u043d\\u044c\\u0435 - \\u0432\\u0442\\u043e\\u0440\\u043e\\u0435 \\u0444\\u0438\\u0440\\u043c\\u0435\\u043d\\u043d\\u043e\\u0435 \\u043f\\u0438\\u0432\\u043e \\u0432 \\u043f\\u043e\\u0434\\u0430\\u0440\\u043e\\u043a!\",\"specialLink\":\"#\"}},\"65\":{\"type\":\"special\",\"enabled\":\"1\",\"fields\":{\"specialName\":\"\\u041f\\u043e\\u043b\\u0443\\u0447\\u0438 \\u0441\\u043a\\u0438\\u0434\\u043a\\u0443 40%\",\"image\":[\"98\"],\"description\":\"\\u0420\\u0430\\u0441\\u043f\\u0435\\u0447\\u0430\\u0442\\u0430\\u0439 \\u043a\\u0443\\u043f\\u043e\\u043d \\u0438 \\u043f\\u043e\\u043b\\u0443\\u0447\\u0438 \\u0441\\u043a\\u0438\\u0434\\u043a\\u0443!\",\"specialLink\":\"#\"}},\"66\":{\"type\":\"special\",\"enabled\":\"1\",\"fields\":{\"specialName\":\"\\u0421\\u043a\\u0438\\u0434\\u043a\\u0430 15%\",\"image\":[\"99\"],\"description\":\"\\u0421\\u043a\\u0438\\u0434\\u043a\\u0430 \\u0434\\u0435\\u0439\\u0441\\u0442\\u0432\\u0443\\u0435\\u0442 2 \\u0434\\u043d\\u044f \\u0434\\u043e \\u0438 2 \\u0434\\u043d\\u044f \\u043f\\u043e\\u0441\\u043b\\u0435 \\u0434\\u0430\\u0442\\u044b \\u0440\\u043e\\u0436\\u0434\\u0435\\u043d\\u0438\\u044f!\",\"specialLink\":\"#\"}}}}}', '2017-05-31 02:49:59', '2017-05-31 02:49:59', '8f0031a8-cf3d-4037-8830-33eb2476bfc9'),
 ('38', '68', '2', '1', 'ru_ru', '4', '', '{\"typeId\":\"2\",\"authorId\":\"1\",\"title\":\"\\u041d\\u043e\\u0432\\u043e\\u0435 \\u043c\\u0435\\u043d\\u044e\",\"slug\":\"novost-2\",\"postDate\":1496022060,\"expiryDate\":null,\"enabled\":1,\"parentId\":null,\"fields\":{\"1\":\"<p>\\u041d\\u043e\\u0432\\u043e\\u0435 \\u043b\\u0435\\u0442\\u043d\\u0435\\u0435 \\u043c\\u0435\\u043d\\u044e.&nbsp;\\u0427\\u0438\\u0437\\u0431\\u0443\\u0440\\u0433\\u0435\\u0440 \\u0441 \\u043e\\u043b\\u0435\\u043d\\u0438\\u043d\\u043e\\u0439, \\u0430\\u0441\\u0441\\u043e\\u0440\\u0442\\u0438 \\u0438\\u0437 \\u0432\\u044f\\u043b\\u0435\\u043d\\u043e\\u0433\\u043e \\u043c\\u044f\\u0441\\u0430 \\u043e\\u043b\\u0435\\u043d\\u044f, \\u0443\\u0442\\u0438\\u043d\\u0430\\u044f \\u0433\\u0440\\u0443\\u0434\\u043a\\u0430 \\u043f\\u043e - \\u0448\\u0432\\u0435\\u0439\\u0446\\u0430\\u0440\\u0441\\u043a\\u0438, \\u0442\\u0440\\u0438 \\u043d\\u043e\\u0432\\u044b\\u0445 \\u0441\\u0430\\u043b\\u0430\\u0442\\u0430 \\u0441 \\u0442\\u0435\\u043b\\u044f\\u0442\\u0438\\u043d\\u043e\\u0439, \\u0443\\u0442\\u043a\\u043e\\u0439, \\u0441\\u044b\\u0440\\u043e\\u043c \\u0434\\u043e\\u0440-\\u0431\\u043b\\u044e \\u0438 \\u043f\\u0438\\u043a\\u0430\\u043d\\u0442\\u043d\\u043e\\u0435 \\u043c\\u044f\\u0441\\u043e \\u043d\\u0430 \\u0441\\u043a\\u043e\\u0432\\u043e\\u0440\\u043e\\u0434\\u0435 \\u043f\\u043e-\\u0442\\u0430\\u0451\\u0436\\u043d\\u043e\\u043c\\u0443. \\u0413\\u0438\\u043d\\u043d\\u0435\\u0441\\u0441 0,5 \\u0437\\u0430 296 \\u0440\\u0443\\u0431\\u043b\\u0435\\u0439 \\u043a\\u0430\\u0436\\u0434\\u044b\\u0439 \\u0447\\u0435\\u0442\\u0432\\u0435\\u0440\\u0433 \\u0438 \\u0432\\u043e\\u0441\\u043a\\u0440\\u0435\\u0441\\u0435\\u043d\\u044c\\u0435 \\u0432 \\u0440\\u0435\\u0441\\u0442\\u043e\\u0440\\u0430\\u043d\\u0435 \\u0411\\u0435\\u0440\\u0433\\u0448\\u0442\\u0430\\u0439\\u043d.<\\/p>\\r\\n\",\"2\":\"\",\"16\":[\"100\"]}}', '2017-05-31 02:53:34', '2017-05-31 02:53:34', '6424e98a-640a-40a1-adae-5e81a2bd2da0'),
 ('39', '67', '2', '1', 'ru_ru', '4', '', '{\"typeId\":\"2\",\"authorId\":\"1\",\"title\":\"\\u041a\\u0440\\u0430\\u0444\\u0442\\u043e\\u0432\\u043e\\u0435 \\u043f\\u0438\\u0432\\u043e \\u043e\\u0442 \\u043f\\u0438\\u0432\\u043e\\u0432\\u0430\\u0440\\u0435\\u043d Jaws, Knightberg, Brew Dog, De Molen\",\"slug\":\"kraftovoe-pivo-ot-pivovaren-jaws-knightberg-brew-dog-de-molen\",\"postDate\":1496022000,\"expiryDate\":null,\"enabled\":1,\"parentId\":null,\"fields\":{\"1\":\"<p>\\u041a\\u0440\\u0430\\u0444\\u0442\\u043e\\u0432\\u043e\\u0435 - \\u0420\\u0435\\u043c\\u0435\\u0441\\u043b\\u0435\\u043d\\u043d\\u043e\\u0435 \\u043f\\u0438\\u0432\\u043e\\u0432\\u0430\\u0440\\u0435\\u043d\\u0438\\u0435 &mdash; \\u044d\\u0442\\u043e \\u043f\\u0440\\u043e\\u0446\\u0435\\u0441\\u0441 \\u043f\\u0440\\u043e\\u0438\\u0437\\u0432\\u043e\\u0434\\u0441\\u0442\\u0432\\u0430 \\u043f\\u0438\\u0432\\u0430 \\u043d\\u0435\\u0431\\u043e\\u043b\\u044c\\u0448\\u0438\\u043c\\u0438, \\u043d\\u0435\\u0437\\u0430\\u0432\\u0438\\u0441\\u0438\\u043c\\u044b\\u043c\\u0438 \\u043e\\u0440\\u0433\\u0430\\u043d\\u0438\\u0437\\u0430\\u0446\\u0438\\u044f\\u043c\\u0438, \\u043a\\u043e\\u0442\\u043e\\u0440\\u044b\\u0435 \\u043f\\u0440\\u0438\\u0434\\u0435\\u0440\\u0436\\u0438\\u0432\\u0430\\u044e\\u0442\\u0441\\u044f \\u0442\\u0440\\u0430\\u0434\\u0438\\u0446\\u0438\\u043e\\u043d\\u043d\\u044b\\u0445 \\u0440\\u0435\\u0446\\u0435\\u043f\\u0442\\u043e\\u0432. \\u0414\\u0430\\u043d\\u043d\\u044b\\u0439 \\u0442\\u0435\\u0440\\u043c\\u0438\\u043d \\u043f\\u0440\\u0438\\u0448\\u0451\\u043b \\u0438\\u0437 \\u0421\\u0428\\u0410, \\u0430\\u043d\\u0433\\u043b\\u0438\\u0439\\u0441\\u043a\\u043e\\u0435 \\u0441\\u043b\\u043e\\u0432\\u043e \\u0430\\u043d\\u0433\\u043b. craft \\u043e\\u0437\\u043d\\u0430\\u0447\\u0430\\u0435\\u0442 \\u0440\\u0435\\u043c\\u0435\\u0441\\u043b\\u043e, \\u043f\\u0440\\u043e\\u0444\\u0435\\u0441\\u0441\\u0438\\u044f, \\u043f\\u043e\\u044d\\u0442\\u043e\\u043c\\u0443 \\u0434\\u043e\\u0441\\u043b\\u043e\\u0432\\u043d\\u043e \\u0430\\u043d\\u0433\\u043b. craft brewer \\u043c\\u043e\\u0436\\u043d\\u043e \\u043f\\u0435\\u0440\\u0435\\u0432\\u0435\\u0441\\u0442\\u0438 \\u043a\\u0430\\u043a \\u0440\\u0435\\u043c\\u0435\\u0441\\u043b\\u0435\\u043d\\u043d\\u044b\\u0439 \\u043f\\u0438\\u0432\\u043e\\u0432\\u0430\\u0440. \\u041a\\u0440\\u0430\\u0444\\u0442\\u043e\\u0432\\u044b\\u0435 \\u043f\\u0438\\u0432\\u043e\\u0432\\u0430\\u0440\\u044b - \\u043d\\u0435\\u0431\\u043e\\u043b\\u044c\\u0448\\u0438\\u0435 \\u043d\\u0435\\u0437\\u0430\\u0432\\u0438\\u0441\\u0438\\u043c\\u044b\\u0435 \\u043f\\u0440\\u043e\\u0438\\u0437\\u0432\\u043e\\u0434\\u0438\\u0442\\u0435\\u043b\\u0438, \\u043a\\u043e\\u0442\\u043e\\u0440\\u044b\\u0435 \\u0432\\u0430\\u0440\\u044f\\u0442 \\u043a\\u0430\\u0447\\u0435\\u0441\\u0442\\u0432\\u0435\\u043d\\u043d\\u043e\\u0435 \\u043f\\u0438\\u0432\\u043e \\u0441 \\u043d\\u0430\\u0441\\u044b\\u0449\\u0435\\u043d\\u043d\\u044b\\u043c \\u0432\\u043a\\u0443\\u0441\\u043e\\u043c \\u0438 \\u043f\\u043e\\u0441\\u0442\\u043e\\u044f\\u043d\\u043d\\u043e \\u044d\\u043a\\u0441\\u043f\\u0435\\u0440\\u0435\\u043c\\u0435\\u043d\\u0442\\u0438\\u0440\\u0443\\u044e\\u0442 \\u043a\\u043e\\u043c\\u0431\\u0438\\u043d\\u0438\\u0440\\u0443\\u044f \\u0441\\u0442\\u0438\\u043b\\u0438 \\u0438 \\u0438\\u043d\\u0433\\u0440\\u0435\\u0434\\u0438\\u0435\\u043d\\u0442\\u044b \\u0441\\u043e \\u0432\\u0441\\u0435\\u0433\\u043e \\u043c\\u0438\\u0440\\u0430 \\u0432 \\u0441\\u0432\\u043e\\u0435\\u0439 \\u043f\\u0440\\u043e\\u0434\\u0443\\u043a\\u0446\\u0438\\u0438.<\\/p>\",\"2\":[\"82\",\"83\",\"84\",\"86\"],\"16\":[\"69\"]}}', '2017-05-31 02:54:53', '2017-05-31 02:54:53', 'e1b91e82-b1bc-4d64-a55b-0d0bb5c61722'),
 ('40', '68', '2', '1', 'ru_ru', '5', '', '{\"typeId\":\"2\",\"authorId\":\"1\",\"title\":\"\\u041d\\u043e\\u0432\\u043e\\u0435 \\u043c\\u0435\\u043d\\u044e\",\"slug\":\"novoe-menyu\",\"postDate\":1496022060,\"expiryDate\":null,\"enabled\":1,\"parentId\":null,\"fields\":{\"1\":\"<p>\\u041d\\u043e\\u0432\\u043e\\u0435 \\u043b\\u0435\\u0442\\u043d\\u0435\\u0435 \\u043c\\u0435\\u043d\\u044e.&nbsp;\\u0427\\u0438\\u0437\\u0431\\u0443\\u0440\\u0433\\u0435\\u0440 \\u0441 \\u043e\\u043b\\u0435\\u043d\\u0438\\u043d\\u043e\\u0439, \\u0430\\u0441\\u0441\\u043e\\u0440\\u0442\\u0438 \\u0438\\u0437 \\u0432\\u044f\\u043b\\u0435\\u043d\\u043e\\u0433\\u043e \\u043c\\u044f\\u0441\\u0430 \\u043e\\u043b\\u0435\\u043d\\u044f, \\u0443\\u0442\\u0438\\u043d\\u0430\\u044f \\u0433\\u0440\\u0443\\u0434\\u043a\\u0430 \\u043f\\u043e - \\u0448\\u0432\\u0435\\u0439\\u0446\\u0430\\u0440\\u0441\\u043a\\u0438, \\u0442\\u0440\\u0438 \\u043d\\u043e\\u0432\\u044b\\u0445 \\u0441\\u0430\\u043b\\u0430\\u0442\\u0430 \\u0441 \\u0442\\u0435\\u043b\\u044f\\u0442\\u0438\\u043d\\u043e\\u0439, \\u0443\\u0442\\u043a\\u043e\\u0439, \\u0441\\u044b\\u0440\\u043e\\u043c \\u0434\\u043e\\u0440-\\u0431\\u043b\\u044e \\u0438 \\u043f\\u0438\\u043a\\u0430\\u043d\\u0442\\u043d\\u043e\\u0435 \\u043c\\u044f\\u0441\\u043e \\u043d\\u0430 \\u0441\\u043a\\u043e\\u0432\\u043e\\u0440\\u043e\\u0434\\u0435 \\u043f\\u043e-\\u0442\\u0430\\u0451\\u0436\\u043d\\u043e\\u043c\\u0443. \\u0413\\u0438\\u043d\\u043d\\u0435\\u0441\\u0441 0,5 \\u0437\\u0430 296 \\u0440\\u0443\\u0431\\u043b\\u0435\\u0439 \\u043a\\u0430\\u0436\\u0434\\u044b\\u0439 \\u0447\\u0435\\u0442\\u0432\\u0435\\u0440\\u0433 \\u0438 \\u0432\\u043e\\u0441\\u043a\\u0440\\u0435\\u0441\\u0435\\u043d\\u044c\\u0435 \\u0432 \\u0440\\u0435\\u0441\\u0442\\u043e\\u0440\\u0430\\u043d\\u0435 \\u0411\\u0435\\u0440\\u0433\\u0448\\u0442\\u0430\\u0439\\u043d.<\\/p>\",\"2\":\"\",\"16\":[\"100\"]}}', '2017-05-31 02:55:00', '2017-05-31 02:55:00', '5100d02e-5b7d-41e6-b9fc-14acf355d558'),
 ('41', '102', '2', '1', 'ru_ru', '1', '', '{\"typeId\":null,\"authorId\":\"1\",\"title\":\"\\u0412 \\u043c\\u0435\\u043d\\u044e \\u043f\\u043e\\u044f\\u0432\\u0438\\u043b\\u0441\\u044f \\u043a\\u0430\\u043c\\u0447\\u0430\\u0442\\u0441\\u043a\\u0438\\u0439 \\u043a\\u0440\\u0430\\u0431\",\"slug\":\"v-menyu-poyavilsya-kamchatskij-krab\",\"postDate\":1496199421,\"expiryDate\":null,\"enabled\":1,\"parentId\":null,\"fields\":{\"1\":\"<p>\\u041d\\u0430 \\u0432\\u044b\\u0431\\u043e\\u0440 \\u043a\\u043b\\u0435\\u0448\\u043d\\u0438, \\u043f\\u043b\\u0435\\u0447\\u043e \\u0438 \\u043a\\u0443\\u043b\\u0430\\u043a\\u0438! \\u0425\\u0438\\u043c\\u0438\\u0447\\u0435\\u0441\\u043a\\u0438\\u0439 \\u0441\\u043e\\u0441\\u0442\\u0430\\u0432 \\u043a\\u0440\\u0430\\u0431\\u0430 \\u043a\\u0430\\u043c\\u0447\\u0430\\u0442\\u0441\\u043a\\u043e\\u0433\\u043e \\u0441\\u043e\\u0434\\u0435\\u0440\\u0436\\u0438\\u0442 \\u0432\\u0438\\u0442\\u0430\\u043c\\u0438\\u043d\\u044b \\u0433\\u0440\\u0443\\u043f\\u043f\\u044b \\u0410, \\u0412, \\u0421, \\u0430 \\u0442\\u0430\\u043a\\u0436\\u0435 \\u0420\\u0420. \\u041f\\u043e\\u043c\\u0438\\u043c\\u043e \\u0442\\u043e\\u0433\\u043e, \\u043a\\u0440\\u0430\\u0431 \\u043a\\u0430\\u043c\\u0447\\u0430\\u0442\\u0441\\u043a\\u0438\\u0439 \\u043e\\u0431\\u043e\\u0433\\u0430\\u0449\\u0435\\u043d \\u0437\\u043d\\u0430\\u0447\\u0438\\u0442\\u0435\\u043b\\u044c\\u043d\\u044b\\u043c \\u043a\\u043e\\u043b\\u0438\\u0447\\u0435\\u0441\\u0442\\u0432\\u043e\\u043c \\u0446\\u0438\\u043d\\u043a\\u0430, \\u0441\\u0435\\u043b\\u0435\\u043d\\u0430, \\u043a\\u0430\\u043b\\u0438\\u044f, \\u043c\\u0430\\u0433\\u043d\\u0438\\u044f, \\u043a\\u0430\\u043b\\u044c\\u0446\\u0438\\u044f, \\u0436\\u0435\\u043b\\u0435\\u0437\\u0430, \\u0430 \\u0442\\u0430\\u043a\\u0436\\u0435 \\u0444\\u043e\\u0441\\u0444\\u043e\\u0440\\u0430 \\u0438 \\u043d\\u0430\\u0442\\u0440\\u0438\\u044f.<\\/p>\",\"2\":\"\",\"16\":[\"101\"]}}', '2017-05-31 02:57:01', '2017-05-31 02:57:01', '1812d11b-79f7-49c7-a1ca-6a2f65807794'),
 ('42', '67', '2', '1', 'ru_ru', '5', '', '{\"typeId\":\"2\",\"authorId\":\"1\",\"title\":\"\\u041a\\u0440\\u0430\\u0444\\u0442\\u043e\\u0432\\u043e\\u0435 \\u043f\\u0438\\u0432\\u043e \\u043e\\u0442 \\u043f\\u0438\\u0432\\u043e\\u0432\\u0430\\u0440\\u0435\\u043d Jaws, Knightberg, Brew Dog, De Molen\",\"slug\":\"kraftovoe-pivo-ot-pivovaren-jaws-knightberg-brew-dog-de-molen\",\"postDate\":1496022000,\"expiryDate\":null,\"enabled\":1,\"parentId\":null,\"fields\":{\"1\":\"<p>\\u041a\\u0440\\u0430\\u0444\\u0442\\u043e\\u0432\\u043e\\u0435 - \\u0420\\u0435\\u043c\\u0435\\u0441\\u043b\\u0435\\u043d\\u043d\\u043e\\u0435 \\u043f\\u0438\\u0432\\u043e\\u0432\\u0430\\u0440\\u0435\\u043d\\u0438\\u0435 &mdash; \\u044d\\u0442\\u043e \\u043f\\u0440\\u043e\\u0446\\u0435\\u0441\\u0441 \\u043f\\u0440\\u043e\\u0438\\u0437\\u0432\\u043e\\u0434\\u0441\\u0442\\u0432\\u0430 \\u043f\\u0438\\u0432\\u0430 \\u043d\\u0435\\u0431\\u043e\\u043b\\u044c\\u0448\\u0438\\u043c\\u0438, \\u043d\\u0435\\u0437\\u0430\\u0432\\u0438\\u0441\\u0438\\u043c\\u044b\\u043c\\u0438 \\u043e\\u0440\\u0433\\u0430\\u043d\\u0438\\u0437\\u0430\\u0446\\u0438\\u044f\\u043c\\u0438, \\u043a\\u043e\\u0442\\u043e\\u0440\\u044b\\u0435 \\u043f\\u0440\\u0438\\u0434\\u0435\\u0440\\u0436\\u0438\\u0432\\u0430\\u044e\\u0442\\u0441\\u044f \\u0442\\u0440\\u0430\\u0434\\u0438\\u0446\\u0438\\u043e\\u043d\\u043d\\u044b\\u0445 \\u0440\\u0435\\u0446\\u0435\\u043f\\u0442\\u043e\\u0432. \\u0414\\u0430\\u043d\\u043d\\u044b\\u0439 \\u0442\\u0435\\u0440\\u043c\\u0438\\u043d \\u043f\\u0440\\u0438\\u0448\\u0451\\u043b \\u0438\\u0437 \\u0421\\u0428\\u0410, \\u0430\\u043d\\u0433\\u043b\\u0438\\u0439\\u0441\\u043a\\u043e\\u0435 \\u0441\\u043b\\u043e\\u0432\\u043e \\u0430\\u043d\\u0433\\u043b. craft \\u043e\\u0437\\u043d\\u0430\\u0447\\u0430\\u0435\\u0442 \\u0440\\u0435\\u043c\\u0435\\u0441\\u043b\\u043e, \\u043f\\u0440\\u043e\\u0444\\u0435\\u0441\\u0441\\u0438\\u044f, \\u043f\\u043e\\u044d\\u0442\\u043e\\u043c\\u0443 \\u0434\\u043e\\u0441\\u043b\\u043e\\u0432\\u043d\\u043e \\u0430\\u043d\\u0433\\u043b. craft brewer \\u043c\\u043e\\u0436\\u043d\\u043e \\u043f\\u0435\\u0440\\u0435\\u0432\\u0435\\u0441\\u0442\\u0438 \\u043a\\u0430\\u043a \\u0440\\u0435\\u043c\\u0435\\u0441\\u043b\\u0435\\u043d\\u043d\\u044b\\u0439 \\u043f\\u0438\\u0432\\u043e\\u0432\\u0430\\u0440. \\u041a\\u0440\\u0430\\u0444\\u0442\\u043e\\u0432\\u044b\\u0435 \\u043f\\u0438\\u0432\\u043e\\u0432\\u0430\\u0440\\u044b - \\u043d\\u0435\\u0431\\u043e\\u043b\\u044c\\u0448\\u0438\\u0435 \\u043d\\u0435\\u0437\\u0430\\u0432\\u0438\\u0441\\u0438\\u043c\\u044b\\u0435 \\u043f\\u0440\\u043e\\u0438\\u0437\\u0432\\u043e\\u0434\\u0438\\u0442\\u0435\\u043b\\u0438, \\u043a\\u043e\\u0442\\u043e\\u0440\\u044b\\u0435 \\u0432\\u0430\\u0440\\u044f\\u0442 \\u043a\\u0430\\u0447\\u0435\\u0441\\u0442\\u0432\\u0435\\u043d\\u043d\\u043e\\u0435 \\u043f\\u0438\\u0432\\u043e \\u0441 \\u043d\\u0430\\u0441\\u044b\\u0449\\u0435\\u043d\\u043d\\u044b\\u043c \\u0432\\u043a\\u0443\\u0441\\u043e\\u043c \\u0438 \\u043f\\u043e\\u0441\\u0442\\u043e\\u044f\\u043d\\u043d\\u043e \\u044d\\u043a\\u0441\\u043f\\u0435\\u0440\\u0435\\u043c\\u0435\\u043d\\u0442\\u0438\\u0440\\u0443\\u044e\\u0442 \\u043a\\u043e\\u043c\\u0431\\u0438\\u043d\\u0438\\u0440\\u0443\\u044f \\u0441\\u0442\\u0438\\u043b\\u0438 \\u0438 \\u0438\\u043d\\u0433\\u0440\\u0435\\u0434\\u0438\\u0435\\u043d\\u0442\\u044b \\u0441\\u043e \\u0432\\u0441\\u0435\\u0433\\u043e \\u043c\\u0438\\u0440\\u0430 \\u0432 \\u0441\\u0432\\u043e\\u0435\\u0439 \\u043f\\u0440\\u043e\\u0434\\u0443\\u043a\\u0446\\u0438\\u0438.<\\/p>\",\"2\":[\"82\",\"83\",\"84\",\"86\"],\"16\":[\"103\"]}}', '2017-05-31 03:00:10', '2017-05-31 03:00:10', '5215fd0d-44fc-476e-b4a3-728401390f93'),
 ('43', '59', '5', '1', 'ru_ru', '2', '', '{\"typeId\":\"5\",\"authorId\":\"1\",\"title\":\"\\u041c\\u044b \\u043e\\u0442\\u043a\\u0440\\u044b\\u043b\\u0438\\u0441\\u044c!\",\"slug\":\"testovyj-slajd\",\"postDate\":1496006040,\"expiryDate\":null,\"enabled\":1,\"parentId\":null,\"fields\":{\"3\":[\"43\"],\"4\":\"\\u041e\\u0437\\u043d\\u0430\\u043a\\u043e\\u043c\\u044c\\u0442\\u0435\\u0441\\u044c \\u0441 \\u043d\\u043e\\u0432\\u044b\\u043c\",\"5\":{\"60\":{\"type\":\"sButton\",\"enabled\":\"1\",\"fields\":{\"sLink\":\"\\/menu\",\"sName\":\"\\u041c\\u0435\\u043d\\u044e\"}}}}}', '2017-05-31 03:01:01', '2017-05-31 03:01:01', '33ca446a-67a5-4234-9983-f55b9b177fa1'),
 ('44', '59', '5', '1', 'ru_ru', '3', '', '{\"typeId\":\"5\",\"authorId\":\"1\",\"title\":\"\\u041c\\u044b \\u043e\\u0442\\u043a\\u0440\\u044b\\u043b\\u0438\\u0441\\u044c!\",\"slug\":\"testovyj-slajd\",\"postDate\":1496006040,\"expiryDate\":null,\"enabled\":1,\"parentId\":null,\"fields\":{\"3\":[\"43\"],\"4\":\"\\u041e\\u0437\\u043d\\u0430\\u043a\\u043e\\u043c\\u044c\\u0442\\u0435\\u0441\\u044c \\u0441 \\u043d\\u043e\\u0432\\u044b\\u043c \\u043c\\u0435\\u043d\\u044e\",\"5\":{\"60\":{\"type\":\"sButton\",\"enabled\":\"1\",\"fields\":{\"sLink\":\"\\/menu\",\"sName\":\"\\u041f\\u0435\\u0440\\u0435\\u0439\\u0442\\u0438\"}}}}}', '2017-05-31 03:01:25', '2017-05-31 03:01:25', 'e8c67827-bb3e-4b7d-b3cd-124609880ba8'),
 ('45', '59', '5', '1', 'ru_ru', '4', '', '{\"typeId\":\"5\",\"authorId\":\"1\",\"title\":\"\\u041c\\u044b \\u043e\\u0442\\u043a\\u0440\\u044b\\u043b\\u0438\\u0441\\u044c!\",\"slug\":\"my-otkrylis\",\"postDate\":1496006040,\"expiryDate\":null,\"enabled\":1,\"parentId\":null,\"fields\":{\"3\":[\"43\"],\"4\":\"\\u041e\\u0437\\u043d\\u0430\\u043a\\u043e\\u043c\\u044c\\u0442\\u0435\\u0441\\u044c \\u0441 \\u043d\\u043e\\u0432\\u044b\\u043c \\u043c\\u0435\\u043d\\u044e\",\"5\":{\"60\":{\"type\":\"sButton\",\"enabled\":\"1\",\"fields\":{\"sLink\":\"\\/menu\",\"sName\":\"\\u041f\\u0435\\u0440\\u0435\\u0439\\u0442\\u0438\"}}}}}', '2017-05-31 03:01:28', '2017-05-31 03:01:28', 'dfc9ecee-2096-444e-88d4-4e1643e7ea14'),
 ('46', '51', '5', '1', 'ru_ru', '3', '', '{\"typeId\":\"5\",\"authorId\":\"1\",\"title\":\"\\u041c\\u044b \\u043e\\u0442\\u043a\\u0440\\u044b\\u043b\\u0438\\u0441\\u044c!\",\"slug\":\"testovyj-slajd\",\"postDate\":1496006040,\"expiryDate\":null,\"enabled\":1,\"parentId\":null,\"fields\":{\"3\":[\"46\"],\"4\":\"\\u0424\\u043e\\u0442\\u043e\\u0433\\u0440\\u0430\\u0444\\u0438\\u0438 \\u0438\\u043d\\u0442\\u0435\\u0440\\u044c\\u0435\\u0440\\u0430\",\"5\":{\"52\":{\"type\":\"sButton\",\"enabled\":\"1\",\"fields\":{\"sLink\":\"\\/gallery\",\"sName\":\"\\u041f\\u043e\\u0441\\u043c\\u043e\\u0442\\u0440\\u0435\\u0442\\u044c\"}}}}}', '2017-05-31 03:01:58', '2017-05-31 03:01:58', '3401b19c-0194-4797-b4ab-901946c778f9'),
 ('47', '105', '5', '1', 'ru_ru', '1', '', '{\"typeId\":null,\"authorId\":\"1\",\"title\":\"\\u041c\\u044b \\u043e\\u0442\\u043a\\u0440\\u044b\\u043b\\u0438\\u0441\\u044c!\",\"slug\":\"testovyj-slajd\",\"postDate\":1496006040,\"expiryDate\":null,\"enabled\":1,\"parentId\":null,\"fields\":{\"3\":[\"46\"],\"4\":\"\\u0424\\u043e\\u0442\\u043e\\u0433\\u0440\\u0430\\u0444\\u0438\\u0438 \\u0438\\u043d\\u0442\\u0435\\u0440\\u044c\\u0435\\u0440\\u0430\",\"5\":{\"52\":{\"type\":\"sButton\",\"enabled\":\"1\",\"fields\":{\"sLink\":\"\\/gallery\",\"sName\":\"\\u041f\\u043e\\u0441\\u043c\\u043e\\u0442\\u0440\\u0435\\u0442\\u044c\"}}}}}', '2017-06-02 08:14:49', '2017-06-02 08:14:49', '19352896-ec6f-4320-a92c-887490d46e3f'),
 ('48', '107', '5', '1', 'ru_ru', '1', '', '{\"typeId\":null,\"authorId\":\"1\",\"title\":\"\\u041c\\u044b \\u043e\\u0442\\u043a\\u0440\\u044b\\u043b\\u0438\\u0441\\u044c!\",\"slug\":\"testovyj-slajd\",\"postDate\":1496006040,\"expiryDate\":null,\"enabled\":1,\"parentId\":null,\"fields\":{\"3\":[\"46\"],\"4\":\"\\u0424\\u043e\\u0442\\u043e\\u0433\\u0440\\u0430\\u0444\\u0438\\u0438 \\u0438\\u043d\\u0442\\u0435\\u0440\\u044c\\u0435\\u0440\\u0430\",\"5\":{\"106\":{\"type\":\"sButton\",\"enabled\":\"1\",\"fields\":{\"sLink\":\"\\/gallery\",\"sName\":\"\\u041f\\u043e\\u0441\\u043c\\u043e\\u0442\\u0440\\u0435\\u0442\\u044c\"}}}}}', '2017-06-02 08:14:52', '2017-06-02 08:14:52', 'a357a3ed-90e0-4cf9-a98d-8755bce80da4'),
 ('49', '109', '5', '1', 'ru_ru', '1', '', '{\"typeId\":null,\"authorId\":\"1\",\"title\":\"\\u041c\\u044b \\u043e\\u0442\\u043a\\u0440\\u044b\\u043b\\u0438\\u0441\\u044c!\",\"slug\":\"testovyj-slajd\",\"postDate\":1496006040,\"expiryDate\":null,\"enabled\":1,\"parentId\":null,\"fields\":{\"3\":[\"46\"],\"4\":\"\\u0424\\u043e\\u0442\\u043e\\u0433\\u0440\\u0430\\u0444\\u0438\\u0438 \\u0438\\u043d\\u0442\\u0435\\u0440\\u044c\\u0435\\u0440\\u0430\",\"5\":{\"108\":{\"type\":\"sButton\",\"enabled\":\"1\",\"fields\":{\"sLink\":\"\\/gallery\",\"sName\":\"\\u041f\\u043e\\u0441\\u043c\\u043e\\u0442\\u0440\\u0435\\u0442\\u044c\"}}}}}', '2017-06-02 08:14:54', '2017-06-02 08:14:54', 'a505c727-d87e-4f1a-868d-23d946162db5'),
 ('50', '105', '5', '1', 'ru_ru', '2', '', '{\"typeId\":\"5\",\"authorId\":\"1\",\"title\":\"\\u041c\\u044b \\u043e\\u0442\\u043a\\u0440\\u044b\\u043b\\u0438\\u0441\\u044c!\",\"slug\":\"testovyj-slajd\",\"postDate\":1496006040,\"expiryDate\":null,\"enabled\":1,\"parentId\":null,\"fields\":{\"3\":[\"48\"],\"4\":\"\\u0424\\u043e\\u0442\\u043e\\u0433\\u0440\\u0430\\u0444\\u0438\\u0438 \\u0438\\u043d\\u0442\\u0435\\u0440\\u044c\\u0435\\u0440\\u0430\",\"5\":{\"106\":{\"type\":\"sButton\",\"enabled\":\"1\",\"fields\":{\"sLink\":\"\\/gallery\",\"sName\":\"\\u041f\\u043e\\u0441\\u043c\\u043e\\u0442\\u0440\\u0435\\u0442\\u044c\"}}}}}', '2017-06-02 08:15:31', '2017-06-02 08:15:31', 'e7314a04-f707-4b59-a10d-5b638b0c77be'),
 ('51', '107', '5', '1', 'ru_ru', '2', '', '{\"typeId\":\"5\",\"authorId\":\"1\",\"title\":\"\\u041c\\u044b \\u043e\\u0442\\u043a\\u0440\\u044b\\u043b\\u0438\\u0441\\u044c!\",\"slug\":\"testovyj-slajd\",\"postDate\":1496006040,\"expiryDate\":null,\"enabled\":1,\"parentId\":null,\"fields\":{\"3\":[\"49\"],\"4\":\"\\u0424\\u043e\\u0442\\u043e\\u0433\\u0440\\u0430\\u0444\\u0438\\u0438 \\u0438\\u043d\\u0442\\u0435\\u0440\\u044c\\u0435\\u0440\\u0430\",\"5\":{\"108\":{\"type\":\"sButton\",\"enabled\":\"1\",\"fields\":{\"sLink\":\"\\/gallery\",\"sName\":\"\\u041f\\u043e\\u0441\\u043c\\u043e\\u0442\\u0440\\u0435\\u0442\\u044c\"}}}}}', '2017-06-02 08:15:45', '2017-06-02 08:15:45', '55395044-cd2c-41ab-8b2c-f04d28f9539a'),
 ('52', '109', '5', '1', 'ru_ru', '2', '', '{\"typeId\":\"5\",\"authorId\":\"1\",\"title\":\"\\u041c\\u044b \\u043e\\u0442\\u043a\\u0440\\u044b\\u043b\\u0438\\u0441\\u044c!\",\"slug\":\"testovyj-slajd\",\"postDate\":1496006040,\"expiryDate\":null,\"enabled\":1,\"parentId\":null,\"fields\":{\"3\":[\"50\"],\"4\":\"\\u0424\\u043e\\u0442\\u043e\\u0433\\u0440\\u0430\\u0444\\u0438\\u0438 \\u0438\\u043d\\u0442\\u0435\\u0440\\u044c\\u0435\\u0440\\u0430\",\"5\":{\"110\":{\"type\":\"sButton\",\"enabled\":\"1\",\"fields\":{\"sLink\":\"\\/gallery\",\"sName\":\"\\u041f\\u043e\\u0441\\u043c\\u043e\\u0442\\u0440\\u0435\\u0442\\u044c\"}}}}}', '2017-06-02 08:15:53', '2017-06-02 08:15:53', '399e7272-c4f4-4def-a4d8-437d6ea8d73c'),
 ('53', '111', '5', '1', 'ru_ru', '1', '', '{\"typeId\":null,\"authorId\":\"1\",\"title\":\"\\u041c\\u044b \\u043e\\u0442\\u043a\\u0440\\u044b\\u043b\\u0438\\u0441\\u044c!\",\"slug\":\"my-otkrylis\",\"postDate\":1496006040,\"expiryDate\":null,\"enabled\":1,\"parentId\":null,\"fields\":{\"3\":[\"43\"],\"4\":\"\\u041e\\u0437\\u043d\\u0430\\u043a\\u043e\\u043c\\u044c\\u0442\\u0435\\u0441\\u044c \\u0441 \\u043d\\u043e\\u0432\\u044b\\u043c \\u043c\\u0435\\u043d\\u044e\",\"5\":{\"60\":{\"type\":\"sButton\",\"enabled\":\"1\",\"fields\":{\"sLink\":\"\\/menu\",\"sName\":\"\\u041f\\u0435\\u0440\\u0435\\u0439\\u0442\\u0438\"}}}}}', '2017-06-02 08:16:02', '2017-06-02 08:16:02', '82e6163f-12f1-4dc1-be6e-af0752688665'),
 ('54', '113', '5', '1', 'ru_ru', '1', '', '{\"typeId\":null,\"authorId\":\"1\",\"title\":\"\\u041c\\u044b \\u043e\\u0442\\u043a\\u0440\\u044b\\u043b\\u0438\\u0441\\u044c!\",\"slug\":\"my-otkrylis\",\"postDate\":1496006040,\"expiryDate\":null,\"enabled\":1,\"parentId\":null,\"fields\":{\"3\":[\"43\"],\"4\":\"\\u041e\\u0437\\u043d\\u0430\\u043a\\u043e\\u043c\\u044c\\u0442\\u0435\\u0441\\u044c \\u0441 \\u043d\\u043e\\u0432\\u044b\\u043c \\u043c\\u0435\\u043d\\u044e\",\"5\":{\"112\":{\"type\":\"sButton\",\"enabled\":\"1\",\"fields\":{\"sLink\":\"\\/menu\",\"sName\":\"\\u041f\\u0435\\u0440\\u0435\\u0439\\u0442\\u0438\"}}}}}', '2017-06-02 08:16:04', '2017-06-02 08:16:04', '0aab5e6e-5f8c-4a00-b0c8-8120d837e69e'),
 ('55', '115', '5', '1', 'ru_ru', '1', '', '{\"typeId\":null,\"authorId\":\"1\",\"title\":\"\\u041c\\u044b \\u043e\\u0442\\u043a\\u0440\\u044b\\u043b\\u0438\\u0441\\u044c!\",\"slug\":\"my-otkrylis\",\"postDate\":1496006040,\"expiryDate\":null,\"enabled\":1,\"parentId\":null,\"fields\":{\"3\":[\"43\"],\"4\":\"\\u041e\\u0437\\u043d\\u0430\\u043a\\u043e\\u043c\\u044c\\u0442\\u0435\\u0441\\u044c \\u0441 \\u043d\\u043e\\u0432\\u044b\\u043c \\u043c\\u0435\\u043d\\u044e\",\"5\":{\"114\":{\"type\":\"sButton\",\"enabled\":\"1\",\"fields\":{\"sLink\":\"\\/menu\",\"sName\":\"\\u041f\\u0435\\u0440\\u0435\\u0439\\u0442\\u0438\"}}}}}', '2017-06-02 08:16:06', '2017-06-02 08:16:06', 'ada621b5-2c3c-4dbd-b4a5-1bbe7a6e1b2f'),
 ('56', '111', '5', '1', 'ru_ru', '2', '', '{\"typeId\":\"5\",\"authorId\":\"1\",\"title\":\"\\u041c\\u044b \\u043e\\u0442\\u043a\\u0440\\u044b\\u043b\\u0438\\u0441\\u044c!\",\"slug\":\"my-otkrylis\",\"postDate\":1496006040,\"expiryDate\":null,\"enabled\":1,\"parentId\":null,\"fields\":{\"3\":[\"44\"],\"4\":\"\\u041e\\u0437\\u043d\\u0430\\u043a\\u043e\\u043c\\u044c\\u0442\\u0435\\u0441\\u044c \\u0441 \\u043d\\u043e\\u0432\\u044b\\u043c \\u043c\\u0435\\u043d\\u044e\",\"5\":{\"112\":{\"type\":\"sButton\",\"enabled\":\"1\",\"fields\":{\"sLink\":\"\\/menu\",\"sName\":\"\\u041f\\u0435\\u0440\\u0435\\u0439\\u0442\\u0438\"}}}}}', '2017-06-02 08:16:22', '2017-06-02 08:16:22', '767d14b7-85cd-4a89-bf9d-47f53ab63a39'),
 ('57', '113', '5', '1', 'ru_ru', '2', '', '{\"typeId\":\"5\",\"authorId\":\"1\",\"title\":\"\\u041c\\u044b \\u043e\\u0442\\u043a\\u0440\\u044b\\u043b\\u0438\\u0441\\u044c!\",\"slug\":\"my-otkrylis\",\"postDate\":1496006040,\"expiryDate\":null,\"enabled\":1,\"parentId\":null,\"fields\":{\"3\":[\"45\"],\"4\":\"\\u041e\\u0437\\u043d\\u0430\\u043a\\u043e\\u043c\\u044c\\u0442\\u0435\\u0441\\u044c \\u0441 \\u043d\\u043e\\u0432\\u044b\\u043c \\u043c\\u0435\\u043d\\u044e\",\"5\":{\"114\":{\"type\":\"sButton\",\"enabled\":\"1\",\"fields\":{\"sLink\":\"\\/menu\",\"sName\":\"\\u041f\\u0435\\u0440\\u0435\\u0439\\u0442\\u0438\"}}}}}', '2017-06-02 08:16:32', '2017-06-02 08:16:32', '0c735fea-0714-48d7-9c1c-dafe6a00bd6f'),
 ('58', '115', '5', '1', 'ru_ru', '2', '', '{\"typeId\":\"5\",\"authorId\":\"1\",\"title\":\"\\u041c\\u044b \\u043e\\u0442\\u043a\\u0440\\u044b\\u043b\\u0438\\u0441\\u044c!\",\"slug\":\"my-otkrylis\",\"postDate\":1496006040,\"expiryDate\":null,\"enabled\":1,\"parentId\":null,\"fields\":{\"3\":[\"47\"],\"4\":\"\\u041e\\u0437\\u043d\\u0430\\u043a\\u043e\\u043c\\u044c\\u0442\\u0435\\u0441\\u044c \\u0441 \\u043d\\u043e\\u0432\\u044b\\u043c \\u043c\\u0435\\u043d\\u044e\",\"5\":{\"116\":{\"type\":\"sButton\",\"enabled\":\"1\",\"fields\":{\"sLink\":\"\\/menu\",\"sName\":\"\\u041f\\u0435\\u0440\\u0435\\u0439\\u0442\\u0438\"}}}}}', '2017-06-02 08:16:42', '2017-06-02 08:16:42', '8023282c-995e-4a25-a90e-3da1f444acde'),
 ('59', '2', '1', '1', 'ru_ru', '9', '', '{\"typeId\":null,\"authorId\":null,\"title\":\"Bergstein.bar\",\"slug\":\"homepage\",\"postDate\":1495847543,\"expiryDate\":null,\"enabled\":1,\"parentId\":null,\"fields\":{\"1\":\"<p>\\u041e\\u0433\\u0440\\u043e\\u043c\\u043d\\u044b\\u0439 \\u0430\\u0441\\u0441\\u043e\\u0440\\u0442\\u0438\\u043c\\u0435\\u043d\\u0442 \\u043a\\u0440\\u0430\\u0444\\u0442\\u043e\\u0432\\u043e\\u0433\\u043e \\u043f\\u0438\\u0432\\u0430, \\u0440\\u0430\\u0437\\u043d\\u043e\\u043e\\u0431\\u0440\\u0430\\u0437\\u043d\\u0430\\u044f \\u043a\\u0443\\u0445\\u043d\\u044f \\u0438 \\u043f\\u0440\\u0438\\u044f\\u0442\\u043d\\u0430\\u044f \\u043c\\u0443\\u0437\\u044b\\u043a\\u0430 \\u0432 \\u0443\\u044e\\u0442\\u043d\\u043e\\u043c \\u0440\\u0435\\u0441\\u0442\\u043e\\u0440\\u0430\\u043d\\u0435 \\u0411\\u0435\\u0440\\u0433\\u0448\\u0442\\u0430\\u0439\\u043d. \\u0423&nbsp;\\u043d\\u0430\\u0441 \\u0432\\u044b \\u043c\\u043e\\u0436\\u0435\\u0442\\u0435 \\u043f\\u0440\\u043e\\u0432\\u0435\\u0441\\u0442\\u0438 \\u0431\\u0430\\u043d\\u043a\\u0435\\u0442 \\u0438\\u043b\\u0438 \\u043a\\u043e\\u0440\\u043f\\u043e\\u0440\\u0430\\u0442\\u0438\\u0432, \\u043f\\u043e\\u0441\\u043c\\u043e\\u0442\\u0440\\u0435\\u0442\\u044c \\u0441\\u043f\\u043e\\u0440\\u0442\\u0438\\u0432\\u043d\\u044b\\u0435 \\u0442\\u0440\\u0430\\u043d\\u0441\\u043b\\u044f\\u0446\\u0438\\u0438 \\u0438\\u043b\\u0438 \\u043f\\u043e\\u043a\\u0443\\u0440\\u0438\\u0442\\u044c \\u043a\\u0430\\u043b\\u044c\\u044f\\u043d. \\u0412&nbsp;\\u043c\\u0435\\u043d\\u044e \\u043f\\u0440\\u0435\\u0434\\u0441\\u0442\\u0430\\u0432\\u043b\\u0435\\u043d\\u044b \\u0438\\u0442\\u0430\\u043b\\u044c\\u044f\\u043d\\u0441\\u043a\\u0430\\u044f, \\u044f\\u043f\\u043e\\u043d\\u0441\\u043a\\u0430\\u044f \\u0438 \\u0442\\u0440\\u0430\\u0434\\u0438\\u0446\\u0438\\u043e\\u043d\\u043d\\u043e \\u0440\\u0443\\u0441\\u0441\\u043a\\u0430\\u044f \\u043a\\u0443\\u0445\\u043d\\u0438.<\\/p>\",\"11\":{\"63\":{\"type\":\"special\",\"enabled\":\"1\",\"fields\":{\"specialName\":\"\\u0411\\u0430\\u043d\\u043a\\u0435\\u0442\\u043d\\u043e\\u0435 \\u043c\\u0435\\u043d\\u044e\",\"image\":[\"96\"],\"description\":\"<p>\\u041d\\u043e\\u0432\\u043e\\u0435 \\u0441\\u043f\\u0435\\u0446\\u0438\\u0430\\u043b\\u044c\\u043d\\u043e\\u0435 \\u043c\\u0435\\u043d\\u044e<\\/p>\"}},\"64\":{\"type\":\"special\",\"enabled\":\"1\",\"fields\":{\"specialName\":\"\\u041f\\u0438\\u0432\\u043e \\u043d\\u0430 \\u0432\\u044b\\u043d\\u043e\\u0441\",\"image\":[\"97\"],\"description\":\"<p>\\u0411\\u0435\\u0440\\u0433\\u0448\\u0442\\u0430\\u0439\\u043d \\u0414\\u043e\\u043c\\u0430\\u0448\\u043d\\u0435\\u0435 150\\u0440\\/\\u043b<\\/p><p>\\u0411\\u0435\\u0440\\u0433\\u0448\\u0442\\u0430\\u0439\\u043d \\u0414\\u043e\\u043c\\u0430\\u0448\\u043d\\u0435\\u0435 150\\u0440\\/\\u043b<br><\\/p><p>\\u0411\\u0435\\u0440\\u0433\\u0448\\u0442\\u0430\\u0439\\u043d \\u0414\\u043e\\u043c\\u0430\\u0448\\u043d\\u0435\\u0435 150\\u0440\\/\\u043b<br><\\/p><p>\\u0411\\u0435\\u0440\\u0433\\u0448\\u0442\\u0430\\u0439\\u043d \\u0414\\u043e\\u043c\\u0430\\u0448\\u043d\\u0435\\u0435 150\\u0440\\/\\u043b<br><\\/p>\"}},\"65\":{\"type\":\"special\",\"enabled\":\"1\",\"fields\":{\"specialName\":\"\\u041f\\u043e\\u043b\\u0443\\u0447\\u0438 \\u0441\\u043a\\u0438\\u0434\\u043a\\u0443 40%\",\"image\":[\"98\"],\"description\":\"<p>\\u0420\\u0430\\u0441\\u043f\\u0435\\u0447\\u0430\\u0442\\u0430\\u0439 \\u043a\\u0443\\u043f\\u043e\\u043d \\u0438 \\u043f\\u043e\\u043b\\u0443\\u0447\\u0438 \\u0441\\u043a\\u0438\\u0434\\u043a\\u0443!<\\/p>\"}},\"66\":{\"type\":\"special\",\"enabled\":\"1\",\"fields\":{\"specialName\":\"\\u0421\\u043a\\u0438\\u0434\\u043a\\u0430 15%\",\"image\":[\"99\"],\"description\":\"<p>\\u0421\\u043a\\u0438\\u0434\\u043a\\u0430 \\u0434\\u0435\\u0439\\u0441\\u0442\\u0432\\u0443\\u0435\\u0442 2 \\u0434\\u043d\\u044f \\u0434\\u043e \\u0438 2 \\u0434\\u043d\\u044f \\u043f\\u043e\\u0441\\u043b\\u0435 \\u0434\\u0430\\u0442\\u044b \\u0440\\u043e\\u0436\\u0434\\u0435\\u043d\\u0438\\u044f!<\\/p>\"}}}}}', '2017-06-02 09:25:58', '2017-06-02 09:25:58', '8217f89e-d32a-4b3f-a9dd-7dacfc72bcca'),
 ('60', '2', '1', '1', 'ru_ru', '10', '', '{\"typeId\":null,\"authorId\":null,\"title\":\"Bergstein.bar\",\"slug\":\"homepage\",\"postDate\":1495847543,\"expiryDate\":null,\"enabled\":1,\"parentId\":null,\"fields\":{\"1\":\"<p>\\u041e\\u0433\\u0440\\u043e\\u043c\\u043d\\u044b\\u0439 \\u0430\\u0441\\u0441\\u043e\\u0440\\u0442\\u0438\\u043c\\u0435\\u043d\\u0442 \\u043a\\u0440\\u0430\\u0444\\u0442\\u043e\\u0432\\u043e\\u0433\\u043e \\u043f\\u0438\\u0432\\u0430, \\u0440\\u0430\\u0437\\u043d\\u043e\\u043e\\u0431\\u0440\\u0430\\u0437\\u043d\\u0430\\u044f \\u043a\\u0443\\u0445\\u043d\\u044f \\u0438 \\u043f\\u0440\\u0438\\u044f\\u0442\\u043d\\u0430\\u044f \\u043c\\u0443\\u0437\\u044b\\u043a\\u0430 \\u0432 \\u0443\\u044e\\u0442\\u043d\\u043e\\u043c \\u0440\\u0435\\u0441\\u0442\\u043e\\u0440\\u0430\\u043d\\u0435 \\u0411\\u0435\\u0440\\u0433\\u0448\\u0442\\u0430\\u0439\\u043d. \\u0423&nbsp;\\u043d\\u0430\\u0441 \\u0432\\u044b \\u043c\\u043e\\u0436\\u0435\\u0442\\u0435 \\u043f\\u0440\\u043e\\u0432\\u0435\\u0441\\u0442\\u0438 \\u0431\\u0430\\u043d\\u043a\\u0435\\u0442 \\u0438\\u043b\\u0438 \\u043a\\u043e\\u0440\\u043f\\u043e\\u0440\\u0430\\u0442\\u0438\\u0432, \\u043f\\u043e\\u0441\\u043c\\u043e\\u0442\\u0440\\u0435\\u0442\\u044c \\u0441\\u043f\\u043e\\u0440\\u0442\\u0438\\u0432\\u043d\\u044b\\u0435 \\u0442\\u0440\\u0430\\u043d\\u0441\\u043b\\u044f\\u0446\\u0438\\u0438 \\u0438\\u043b\\u0438 \\u043f\\u043e\\u043a\\u0443\\u0440\\u0438\\u0442\\u044c \\u043a\\u0430\\u043b\\u044c\\u044f\\u043d. \\u0412&nbsp;\\u043c\\u0435\\u043d\\u044e \\u043f\\u0440\\u0435\\u0434\\u0441\\u0442\\u0430\\u0432\\u043b\\u0435\\u043d\\u044b \\u0438\\u0442\\u0430\\u043b\\u044c\\u044f\\u043d\\u0441\\u043a\\u0430\\u044f, \\u044f\\u043f\\u043e\\u043d\\u0441\\u043a\\u0430\\u044f \\u0438 \\u0442\\u0440\\u0430\\u0434\\u0438\\u0446\\u0438\\u043e\\u043d\\u043d\\u043e \\u0440\\u0443\\u0441\\u0441\\u043a\\u0430\\u044f \\u043a\\u0443\\u0445\\u043d\\u0438.<\\/p>\",\"11\":{\"63\":{\"type\":\"special\",\"enabled\":\"1\",\"fields\":{\"specialName\":\"\\u0411\\u0430\\u043d\\u043a\\u0435\\u0442\\u043d\\u043e\\u0435 \\u043c\\u0435\\u043d\\u044e\",\"image\":[\"96\"],\"description\":\"<p>\\u041d\\u043e\\u0432\\u043e\\u0435 \\u0441\\u043f\\u0435\\u0446\\u0438\\u0430\\u043b\\u044c\\u043d\\u043e\\u0435 \\u043c\\u0435\\u043d\\u044e<\\/p>\"}},\"64\":{\"type\":\"special\",\"enabled\":\"1\",\"fields\":{\"specialName\":\"\\u041f\\u0438\\u0432\\u043e \\u043d\\u0430 \\u0432\\u044b\\u043d\\u043e\\u0441\",\"image\":[\"97\"],\"description\":\"<p>\\u0411\\u0435\\u0440\\u0433\\u0448\\u0442\\u0430\\u0439\\u043d \\u0414\\u043e\\u043c\\u0430\\u0448\\u043d\\u0435\\u0435 150\\u0440\\/\\u043b<\\/p>\\r\\n<p>\\u0411\\u0435\\u0440\\u0433\\u0448\\u0442\\u0430\\u0439\\u043d \\u041a\\u0440\\u0430\\u0441\\u043d\\u043e\\u0435 150\\u0440\\/\\u043b<br><\\/p>\\r\\n<p>\\u0412\\u0438\\u0448\\u043d\\u0435\\u0432\\u043e\\u0435 150\\u0440\\/\\u043b<br><\\/p>\\r\\n<p>\\u0425\\u0430\\u0439\\u043d\\u0438\\u043a\\u0435\\u043d 150\\u0440\\/\\u043b<br><\\/p>\"}},\"65\":{\"type\":\"special\",\"enabled\":\"1\",\"fields\":{\"specialName\":\"\\u041f\\u043e\\u043b\\u0443\\u0447\\u0438 \\u0441\\u043a\\u0438\\u0434\\u043a\\u0443 40%\",\"image\":[\"98\"],\"description\":\"<p>\\u0420\\u0430\\u0441\\u043f\\u0435\\u0447\\u0430\\u0442\\u0430\\u0439 \\u043a\\u0443\\u043f\\u043e\\u043d \\u0438 \\u043f\\u043e\\u043b\\u0443\\u0447\\u0438 \\u0441\\u043a\\u0438\\u0434\\u043a\\u0443!<\\/p>\"}},\"66\":{\"type\":\"special\",\"enabled\":\"1\",\"fields\":{\"specialName\":\"\\u0421\\u043a\\u0438\\u0434\\u043a\\u0430 15%\",\"image\":[\"99\"],\"description\":\"<p>\\u0421\\u043a\\u0438\\u0434\\u043a\\u0430 \\u0434\\u0435\\u0439\\u0441\\u0442\\u0432\\u0443\\u0435\\u0442 2 \\u0434\\u043d\\u044f \\u0434\\u043e \\u0438 2 \\u0434\\u043d\\u044f \\u043f\\u043e\\u0441\\u043b\\u0435 \\u0434\\u0430\\u0442\\u044b \\u0440\\u043e\\u0436\\u0434\\u0435\\u043d\\u0438\\u044f!<\\/p>\"}}}}}', '2017-06-02 09:26:54', '2017-06-02 09:26:54', '51a272f4-685e-4a66-a052-e5816ae976ee'),
 ('61', '2', '1', '1', 'ru_ru', '11', '', '{\"typeId\":null,\"authorId\":null,\"title\":\"Bergstein.bar\",\"slug\":\"homepage\",\"postDate\":1495847543,\"expiryDate\":null,\"enabled\":1,\"parentId\":null,\"fields\":{\"1\":\"<p>\\u041e\\u0433\\u0440\\u043e\\u043c\\u043d\\u044b\\u0439 \\u0430\\u0441\\u0441\\u043e\\u0440\\u0442\\u0438\\u043c\\u0435\\u043d\\u0442 \\u043a\\u0440\\u0430\\u0444\\u0442\\u043e\\u0432\\u043e\\u0433\\u043e \\u043f\\u0438\\u0432\\u0430, \\u0440\\u0430\\u0437\\u043d\\u043e\\u043e\\u0431\\u0440\\u0430\\u0437\\u043d\\u0430\\u044f \\u043a\\u0443\\u0445\\u043d\\u044f \\u0438 \\u043f\\u0440\\u0438\\u044f\\u0442\\u043d\\u0430\\u044f \\u043c\\u0443\\u0437\\u044b\\u043a\\u0430 \\u0432 \\u0443\\u044e\\u0442\\u043d\\u043e\\u043c \\u0440\\u0435\\u0441\\u0442\\u043e\\u0440\\u0430\\u043d\\u0435 \\u0411\\u0435\\u0440\\u0433\\u0448\\u0442\\u0430\\u0439\\u043d. \\u0423&nbsp;\\u043d\\u0430\\u0441 \\u0432\\u044b \\u043c\\u043e\\u0436\\u0435\\u0442\\u0435 \\u043f\\u0440\\u043e\\u0432\\u0435\\u0441\\u0442\\u0438 \\u0431\\u0430\\u043d\\u043a\\u0435\\u0442 \\u0438\\u043b\\u0438 \\u043a\\u043e\\u0440\\u043f\\u043e\\u0440\\u0430\\u0442\\u0438\\u0432, \\u043f\\u043e\\u0441\\u043c\\u043e\\u0442\\u0440\\u0435\\u0442\\u044c \\u0441\\u043f\\u043e\\u0440\\u0442\\u0438\\u0432\\u043d\\u044b\\u0435 \\u0442\\u0440\\u0430\\u043d\\u0441\\u043b\\u044f\\u0446\\u0438\\u0438 \\u0438\\u043b\\u0438 \\u043f\\u043e\\u043a\\u0443\\u0440\\u0438\\u0442\\u044c \\u043a\\u0430\\u043b\\u044c\\u044f\\u043d. \\u0412&nbsp;\\u043c\\u0435\\u043d\\u044e \\u043f\\u0440\\u0435\\u0434\\u0441\\u0442\\u0430\\u0432\\u043b\\u0435\\u043d\\u044b \\u0438\\u0442\\u0430\\u043b\\u044c\\u044f\\u043d\\u0441\\u043a\\u0430\\u044f, \\u044f\\u043f\\u043e\\u043d\\u0441\\u043a\\u0430\\u044f \\u0438 \\u0442\\u0440\\u0430\\u0434\\u0438\\u0446\\u0438\\u043e\\u043d\\u043d\\u043e \\u0440\\u0443\\u0441\\u0441\\u043a\\u0430\\u044f \\u043a\\u0443\\u0445\\u043d\\u0438.<\\/p>\",\"11\":{\"63\":{\"type\":\"special\",\"enabled\":\"1\",\"fields\":{\"specialName\":\"\\u041c\\u0438\\u043a\\u0441-\\u0434\\u0440\\u0438\\u043d\\u043a\\u0438 \\u043f\\u043e \\u0441\\u043f\\u0435\\u0446-\\u0446\\u0435\\u043d\\u0435\",\"image\":[\"119\"],\"description\":\"<p>\\u0412\\u0438\\u0441\\u043a\\u0438-\\u043a\\u043e\\u043b\\u0430,&nbsp;\\u0440\\u043e\\u043c-\\u043a\\u043e\\u043b\\u0430, \\u0442\\u0435\\u043a\\u0438\\u043b\\u0430, \\u0441\\u0430\\u043c\\u0431\\u0443\\u043a\\u0430, \\u0434\\u0436\\u0438\\u043d-\\u0442\\u043e\\u043d\\u0438\\u043a, \\u0433\\u043b\\u0438\\u043d\\u0442\\u0432\\u0435\\u0439\\u043d \\u043f\\u043e 99\\u0440\\u0443\\u0431. \\u0421\\u043a\\u0438\\u0434\\u043a\\u0430 50% \\u043d\\u0430 \\u043a\\u0430\\u043b\\u044c\\u044f\\u043d.&nbsp;\\u0414\\u043e 18:00.<\\/p>\"}},\"64\":{\"type\":\"special\",\"enabled\":\"1\",\"fields\":{\"specialName\":\"\\u0421\\u043f\\u0435\\u0446-\\u0446\\u0435\\u043d\\u0430 \\u043d\\u0430 \\u043f\\u0438\\u0432\\u043e\",\"image\":[\"97\"],\"description\":\"<p>\\u0414\\u043e\\u043c\\u0430\\u0448\\u043d\\u0435\\u0435 \\u043f\\u0438\\u0432\\u043e - 65\\u0440\\u0443\\u0431 \\u0437\\u0430 0.5 \\u043b\\u0438\\u0442\\u0440\\u0430 \\u0434\\u043e 18:00<\\/p>\"}},\"65\":{\"type\":\"special\",\"enabled\":\"1\",\"fields\":{\"specialName\":\"\\u0421\\u043a\\u0438\\u0434\\u043a\\u0430 30%\",\"image\":[\"98\"],\"description\":\"<p>\\u0421\\u043a\\u0438\\u0434\\u043a\\u0430 30%&nbsp;\\u043d\\u0430 \\u0432\\u0441\\u0435 \\u043c\\u0435\\u043d\\u044e, \\u043a\\u0440\\u043e\\u043c\\u0435 \\u0441\\u043f\\u0435\\u0446-\\u0446\\u0435\\u043d\\u044b, \\u0434\\u043e 18:00.<\\/p>\"}},\"66\":{\"type\":\"special\",\"enabled\":\"1\",\"fields\":{\"specialName\":\"\\u0421\\u043f\\u0435\\u0446-\\u0446\\u0435\\u043d\\u0430 \\u043d\\u0430 \\u043f\\u0438\\u0446\\u0446\\u0443\",\"image\":[\"120\"],\"description\":\"<p>\\u0418\\u0442\\u0430\\u043b\\u044c\\u044f\\u043d\\u0441\\u043a\\u0430\\u044f \\u043f\\u0438\\u0446\\u0446\\u0430 \\u043d\\u0430 \\u0442\\u043e\\u043d\\u043a\\u043e\\u043c \\u0442\\u0435\\u0441\\u0442\\u0435 33\\u0441\\u043c \\u0437\\u0430 490\\u0440\\u0443\\u0431 \\u0438\\u043b\\u0438 \\u043d\\u0430 \\u0432\\u044b\\u043d\\u043e\\u0441 \\u0437\\u0430 343\\u0440\\u0443\\u0431.<\\/p>\"}}}}}', '2017-06-02 09:36:41', '2017-06-02 09:36:41', '8a3d729b-afdf-4aff-b9ef-79a61971fcbf'),
 ('62', '2', '1', '1', 'ru_ru', '12', '', '{\"typeId\":null,\"authorId\":null,\"title\":\"Bergstein.bar\",\"slug\":\"homepage\",\"postDate\":1495847543,\"expiryDate\":null,\"enabled\":1,\"parentId\":null,\"fields\":{\"1\":\"<p>\\u041e\\u0433\\u0440\\u043e\\u043c\\u043d\\u044b\\u0439 \\u0430\\u0441\\u0441\\u043e\\u0440\\u0442\\u0438\\u043c\\u0435\\u043d\\u0442 \\u043a\\u0440\\u0430\\u0444\\u0442\\u043e\\u0432\\u043e\\u0433\\u043e \\u043f\\u0438\\u0432\\u0430, \\u0440\\u0430\\u0437\\u043d\\u043e\\u043e\\u0431\\u0440\\u0430\\u0437\\u043d\\u0430\\u044f \\u043a\\u0443\\u0445\\u043d\\u044f \\u0438 \\u043f\\u0440\\u0438\\u044f\\u0442\\u043d\\u0430\\u044f \\u043c\\u0443\\u0437\\u044b\\u043a\\u0430 \\u0432 \\u0443\\u044e\\u0442\\u043d\\u043e\\u043c \\u0440\\u0435\\u0441\\u0442\\u043e\\u0440\\u0430\\u043d\\u0435 \\u0411\\u0435\\u0440\\u0433\\u0448\\u0442\\u0430\\u0439\\u043d. \\u0423&nbsp;\\u043d\\u0430\\u0441 \\u0432\\u044b \\u043c\\u043e\\u0436\\u0435\\u0442\\u0435 \\u043f\\u0440\\u043e\\u0432\\u0435\\u0441\\u0442\\u0438 \\u0431\\u0430\\u043d\\u043a\\u0435\\u0442 \\u0438\\u043b\\u0438 \\u043a\\u043e\\u0440\\u043f\\u043e\\u0440\\u0430\\u0442\\u0438\\u0432, \\u043f\\u043e\\u0441\\u043c\\u043e\\u0442\\u0440\\u0435\\u0442\\u044c \\u0441\\u043f\\u043e\\u0440\\u0442\\u0438\\u0432\\u043d\\u044b\\u0435 \\u0442\\u0440\\u0430\\u043d\\u0441\\u043b\\u044f\\u0446\\u0438\\u0438 \\u0438\\u043b\\u0438 \\u043f\\u043e\\u043a\\u0443\\u0440\\u0438\\u0442\\u044c \\u043a\\u0430\\u043b\\u044c\\u044f\\u043d. \\u0412&nbsp;\\u043c\\u0435\\u043d\\u044e \\u043f\\u0440\\u0435\\u0434\\u0441\\u0442\\u0430\\u0432\\u043b\\u0435\\u043d\\u044b \\u0438\\u0442\\u0430\\u043b\\u044c\\u044f\\u043d\\u0441\\u043a\\u0430\\u044f, \\u044f\\u043f\\u043e\\u043d\\u0441\\u043a\\u0430\\u044f \\u0438 \\u0442\\u0440\\u0430\\u0434\\u0438\\u0446\\u0438\\u043e\\u043d\\u043d\\u043e \\u0440\\u0443\\u0441\\u0441\\u043a\\u0430\\u044f \\u043a\\u0443\\u0445\\u043d\\u0438.<\\/p>\",\"11\":{\"63\":{\"type\":\"special\",\"enabled\":\"1\",\"fields\":{\"specialName\":\"\\u041c\\u0438\\u043a\\u0441-\\u0434\\u0440\\u0438\\u043d\\u043a\\u0438 \\u043f\\u043e \\u0441\\u043f\\u0435\\u0446-\\u0446\\u0435\\u043d\\u0435\",\"image\":[\"119\"],\"description\":\"<p>\\u0412\\u0438\\u0441\\u043a\\u0438-\\u043a\\u043e\\u043b\\u0430,&nbsp;\\u0440\\u043e\\u043c-\\u043a\\u043e\\u043b\\u0430, \\u0442\\u0435\\u043a\\u0438\\u043b\\u0430, \\u0441\\u0430\\u043c\\u0431\\u0443\\u043a\\u0430, \\u0434\\u0436\\u0438\\u043d-\\u0442\\u043e\\u043d\\u0438\\u043a, \\u0433\\u043b\\u0438\\u043d\\u0442\\u0432\\u0435\\u0439\\u043d \\u043f\\u043e 99\\u0440\\u0443\\u0431. \\u0421\\u043a\\u0438\\u0434\\u043a\\u0430 50% \\u043d\\u0430 \\u043a\\u0430\\u043b\\u044c\\u044f\\u043d.&nbsp;\\u0414\\u043e 18:00.<\\/p>\"}},\"64\":{\"type\":\"special\",\"enabled\":\"1\",\"fields\":{\"specialName\":\"\\u0421\\u043f\\u0435\\u0446-\\u0446\\u0435\\u043d\\u0430 \\u043d\\u0430 \\u043f\\u0438\\u0432\\u043e\",\"image\":[\"97\"],\"description\":\"<p>\\u0414\\u043e\\u043c\\u0430\\u0448\\u043d\\u0435\\u0435 \\u043f\\u0438\\u0432\\u043e - 75\\u0440\\u0443\\u0431 \\u0437\\u0430 0.5 \\u043b\\u0438\\u0442\\u0440\\u0430 \\u0434\\u043e 18:00<\\/p>\"}},\"65\":{\"type\":\"special\",\"enabled\":\"1\",\"fields\":{\"specialName\":\"\\u0421\\u043a\\u0438\\u0434\\u043a\\u0430 30%\",\"image\":[\"98\"],\"description\":\"<p>\\u0421\\u043a\\u0438\\u0434\\u043a\\u0430 30%&nbsp;\\u043d\\u0430 \\u0432\\u0441\\u0435 \\u043c\\u0435\\u043d\\u044e, \\u043a\\u0440\\u043e\\u043c\\u0435 \\u0441\\u043f\\u0435\\u0446-\\u0446\\u0435\\u043d\\u044b, \\u0434\\u043e 18:00.<\\/p>\"}},\"66\":{\"type\":\"special\",\"enabled\":\"1\",\"fields\":{\"specialName\":\"\\u0421\\u043f\\u0435\\u0446-\\u0446\\u0435\\u043d\\u0430 \\u043d\\u0430 \\u043f\\u0438\\u0446\\u0446\\u0443\",\"image\":[\"120\"],\"description\":\"<p>\\u0418\\u0442\\u0430\\u043b\\u044c\\u044f\\u043d\\u0441\\u043a\\u0430\\u044f \\u043f\\u0438\\u0446\\u0446\\u0430 \\u043d\\u0430 \\u0442\\u043e\\u043d\\u043a\\u043e\\u043c \\u0442\\u0435\\u0441\\u0442\\u0435 33\\u0441\\u043c \\u0437\\u0430 490\\u0440\\u0443\\u0431 \\u0438\\u043b\\u0438 \\u043d\\u0430 \\u0432\\u044b\\u043d\\u043e\\u0441 \\u0437\\u0430 343\\u0440\\u0443\\u0431.<\\/p>\"}}}}}', '2017-06-06 13:00:36', '2017-06-06 13:00:36', 'a85e657e-08b4-4098-9123-28b9d8b257ea'),
 ('63', '67', '2', '1', 'ru_ru', '6', '', '{\"typeId\":\"2\",\"authorId\":\"1\",\"title\":\"\\u041a\\u0440\\u0430\\u0444\\u0442\\u043e\\u0432\\u043e\\u0435 \\u043f\\u0438\\u0432\\u043e \\u043e\\u0442 \\u043f\\u0438\\u0432\\u043e\\u0432\\u0430\\u0440\\u0435\\u043d Jaws, Konyx, Brew Dog, De Molen\",\"slug\":\"kraftovoe-pivo-ot-pivovaren-jaws-knightberg-brew-dog-de-molen\",\"postDate\":1496022000,\"expiryDate\":null,\"enabled\":1,\"parentId\":null,\"fields\":{\"1\":\"<p>\\u041a\\u0440\\u0430\\u0444\\u0442\\u043e\\u0432\\u043e\\u0435 - \\u0420\\u0435\\u043c\\u0435\\u0441\\u043b\\u0435\\u043d\\u043d\\u043e\\u0435 \\u043f\\u0438\\u0432\\u043e\\u0432\\u0430\\u0440\\u0435\\u043d\\u0438\\u0435 &mdash; \\u044d\\u0442\\u043e \\u043f\\u0440\\u043e\\u0446\\u0435\\u0441\\u0441 \\u043f\\u0440\\u043e\\u0438\\u0437\\u0432\\u043e\\u0434\\u0441\\u0442\\u0432\\u0430 \\u043f\\u0438\\u0432\\u0430 \\u043d\\u0435\\u0431\\u043e\\u043b\\u044c\\u0448\\u0438\\u043c\\u0438, \\u043d\\u0435\\u0437\\u0430\\u0432\\u0438\\u0441\\u0438\\u043c\\u044b\\u043c\\u0438 \\u043e\\u0440\\u0433\\u0430\\u043d\\u0438\\u0437\\u0430\\u0446\\u0438\\u044f\\u043c\\u0438, \\u043a\\u043e\\u0442\\u043e\\u0440\\u044b\\u0435 \\u043f\\u0440\\u0438\\u0434\\u0435\\u0440\\u0436\\u0438\\u0432\\u0430\\u044e\\u0442\\u0441\\u044f \\u0442\\u0440\\u0430\\u0434\\u0438\\u0446\\u0438\\u043e\\u043d\\u043d\\u044b\\u0445 \\u0440\\u0435\\u0446\\u0435\\u043f\\u0442\\u043e\\u0432. \\u0414\\u0430\\u043d\\u043d\\u044b\\u0439 \\u0442\\u0435\\u0440\\u043c\\u0438\\u043d \\u043f\\u0440\\u0438\\u0448\\u0451\\u043b \\u0438\\u0437 \\u0421\\u0428\\u0410, \\u0430\\u043d\\u0433\\u043b\\u0438\\u0439\\u0441\\u043a\\u043e\\u0435 \\u0441\\u043b\\u043e\\u0432\\u043e \\u0430\\u043d\\u0433\\u043b. craft \\u043e\\u0437\\u043d\\u0430\\u0447\\u0430\\u0435\\u0442 \\u0440\\u0435\\u043c\\u0435\\u0441\\u043b\\u043e, \\u043f\\u0440\\u043e\\u0444\\u0435\\u0441\\u0441\\u0438\\u044f, \\u043f\\u043e\\u044d\\u0442\\u043e\\u043c\\u0443 \\u0434\\u043e\\u0441\\u043b\\u043e\\u0432\\u043d\\u043e \\u0430\\u043d\\u0433\\u043b. craft brewer \\u043c\\u043e\\u0436\\u043d\\u043e \\u043f\\u0435\\u0440\\u0435\\u0432\\u0435\\u0441\\u0442\\u0438 \\u043a\\u0430\\u043a \\u0440\\u0435\\u043c\\u0435\\u0441\\u043b\\u0435\\u043d\\u043d\\u044b\\u0439 \\u043f\\u0438\\u0432\\u043e\\u0432\\u0430\\u0440. \\u041a\\u0440\\u0430\\u0444\\u0442\\u043e\\u0432\\u044b\\u0435 \\u043f\\u0438\\u0432\\u043e\\u0432\\u0430\\u0440\\u044b - \\u043d\\u0435\\u0431\\u043e\\u043b\\u044c\\u0448\\u0438\\u0435 \\u043d\\u0435\\u0437\\u0430\\u0432\\u0438\\u0441\\u0438\\u043c\\u044b\\u0435 \\u043f\\u0440\\u043e\\u0438\\u0437\\u0432\\u043e\\u0434\\u0438\\u0442\\u0435\\u043b\\u0438, \\u043a\\u043e\\u0442\\u043e\\u0440\\u044b\\u0435 \\u0432\\u0430\\u0440\\u044f\\u0442 \\u043a\\u0430\\u0447\\u0435\\u0441\\u0442\\u0432\\u0435\\u043d\\u043d\\u043e\\u0435 \\u043f\\u0438\\u0432\\u043e \\u0441 \\u043d\\u0430\\u0441\\u044b\\u0449\\u0435\\u043d\\u043d\\u044b\\u043c \\u0432\\u043a\\u0443\\u0441\\u043e\\u043c \\u0438 \\u043f\\u043e\\u0441\\u0442\\u043e\\u044f\\u043d\\u043d\\u043e \\u044d\\u043a\\u0441\\u043f\\u0435\\u0440\\u0435\\u043c\\u0435\\u043d\\u0442\\u0438\\u0440\\u0443\\u044e\\u0442 \\u043a\\u043e\\u043c\\u0431\\u0438\\u043d\\u0438\\u0440\\u0443\\u044f \\u0441\\u0442\\u0438\\u043b\\u0438 \\u0438 \\u0438\\u043d\\u0433\\u0440\\u0435\\u0434\\u0438\\u0435\\u043d\\u0442\\u044b \\u0441\\u043e \\u0432\\u0441\\u0435\\u0433\\u043e \\u043c\\u0438\\u0440\\u0430 \\u0432 \\u0441\\u0432\\u043e\\u0435\\u0439 \\u043f\\u0440\\u043e\\u0434\\u0443\\u043a\\u0446\\u0438\\u0438.<\\/p>\",\"2\":[\"82\",\"83\",\"84\",\"86\"],\"16\":[\"103\"]}}', '2017-06-06 13:03:30', '2017-06-06 13:03:30', 'f4335e03-db74-4ef7-b504-b5e76929fbc1'),
 ('64', '72', '8', '1', 'ru_ru', '4', '', '{\"typeId\":\"8\",\"authorId\":null,\"title\":\"\\u0424\\u043e\\u0442\\u043e\\u0433\\u0430\\u043b\\u0435\\u0440\\u0435\\u044f\",\"slug\":\"gallery\",\"postDate\":1496103927,\"expiryDate\":null,\"enabled\":1,\"parentId\":null,\"fields\":{\"17\":\"\\u0424\\u043e\\u0442\\u043e\\u0433\\u0440\\u0430\\u0444\\u0438\\u0438 \\u0438\\u043d\\u0442\\u0435\\u0440\\u044c\\u0435\\u0440\\u0430 \\u0438 \\u043f\\u0440\\u043e\\u0448\\u0435\\u0434\\u0448\\u0438\\u0445 \\u043c\\u0435\\u0440\\u043e\\u043f\\u0440\\u0438\\u044f\\u0442\\u0438\\u0439\",\"18\":[\"73\"],\"19\":[\"79\",\"80\",\"81\",\"74\",\"75\",\"76\",\"77\",\"78\",\"275\",\"274\",\"276\",\"277\",\"278\",\"279\",\"280\",\"281\",\"282\",\"283\",\"284\",\"285\",\"286\",\"287\",\"288\",\"289\",\"291\",\"292\",\"294\",\"295\"]}}', '2017-06-06 17:39:26', '2017-06-06 17:39:26', '3f0c109b-2689-4f5b-850d-86e66d1e865b');



DROP TABLE IF EXISTS `brgsh_fieldgroups`;


--
-- Schema for table `brgsh_fieldgroups`
--
CREATE TABLE `brgsh_fieldgroups` (
  `id` int(11) NOT NULL AUTO_INCREMENT,
  `name` varchar(255) COLLATE utf8_unicode_ci NOT NULL,
  `dateCreated` datetime NOT NULL,
  `dateUpdated` datetime NOT NULL,
  `uid` char(36) COLLATE utf8_unicode_ci NOT NULL DEFAULT '0',
  PRIMARY KEY (`id`),
  UNIQUE KEY `brgsh_fieldgroups_name_unq_idx` (`name`)
) ENGINE=InnoDB AUTO_INCREMENT=6 DEFAULT CHARSET=utf8 COLLATE=utf8_unicode_ci;

--
-- Data for table `brgsh_fieldgroups`
--

INSERT INTO `brgsh_fieldgroups` (`id`, `name`, `dateCreated`, `dateUpdated`, `uid`) VALUES
 ('1', 'Общие', '2017-05-27 01:12:22', '2017-05-28 21:03:18', 'd6812c42-09f0-4c02-b500-0a094d3bbbc8'),
 ('2', 'Слайдер', '2017-05-28 21:02:49', '2017-05-28 21:03:03', '7766354d-14ba-413f-a12e-9ec3b769df24'),
 ('4', 'Меню', '2017-05-28 21:03:22', '2017-05-28 21:03:22', 'abb25178-3467-47a4-bc0b-0605b32f3271'),
 ('5', 'Навигация', '2017-05-28 23:38:57', '2017-05-28 23:38:57', 'f2cfa902-ab7b-4262-bb37-9ccfec584d9c');



DROP TABLE IF EXISTS `brgsh_fieldlayoutfields`;


--
-- Schema for table `brgsh_fieldlayoutfields`
--
CREATE TABLE `brgsh_fieldlayoutfields` (
  `id` int(11) NOT NULL AUTO_INCREMENT,
  `layoutId` int(11) NOT NULL,
  `tabId` int(11) NOT NULL,
  `fieldId` int(11) NOT NULL,
  `required` tinyint(1) unsigned NOT NULL DEFAULT '0',
  `sortOrder` smallint(6) unsigned DEFAULT NULL,
  `dateCreated` datetime NOT NULL,
  `dateUpdated` datetime NOT NULL,
  `uid` char(36) COLLATE utf8_unicode_ci NOT NULL DEFAULT '0',
  PRIMARY KEY (`id`),
  UNIQUE KEY `brgsh_fieldlayoutfields_layoutId_fieldId_unq_idx` (`layoutId`,`fieldId`),
  KEY `brgsh_fieldlayoutfields_sortOrder_idx` (`sortOrder`),
  KEY `brgsh_fieldlayoutfields_tabId_fk` (`tabId`),
  KEY `brgsh_fieldlayoutfields_fieldId_fk` (`fieldId`)
) ENGINE=InnoDB AUTO_INCREMENT=85 DEFAULT CHARSET=utf8 COLLATE=utf8_unicode_ci;

--
-- Data for table `brgsh_fieldlayoutfields`
--

INSERT INTO `brgsh_fieldlayoutfields` (`id`, `layoutId`, `tabId`, `fieldId`, `required`, `sortOrder`, `dateCreated`, `dateUpdated`, `uid`) VALUES
 ('4', '19', '3', '3', '0', '1', '2017-05-28 21:10:41', '2017-05-28 21:10:41', 'be652de3-c46a-4508-8299-730e78400cef'),
 ('5', '19', '3', '4', '0', '2', '2017-05-28 21:10:41', '2017-05-28 21:10:41', '8f30404f-7de7-4b93-bd2e-0ea330302c56'),
 ('6', '19', '3', '5', '0', '3', '2017-05-28 21:10:41', '2017-05-28 21:10:41', 'a8cd99d2-6cb6-48e6-aede-9cff9c7c8cbd'),
 ('7', '20', '4', '6', '0', '1', '2017-05-28 21:13:06', '2017-05-28 21:13:06', 'f6decb8d-4669-4d90-9f41-5ad8f3338f62'),
 ('8', '20', '4', '7', '0', '2', '2017-05-28 21:13:06', '2017-05-28 21:13:06', '8ad47689-9fdc-4f1e-891c-b4d2c92723f6'),
 ('9', '27', '5', '8', '0', '1', '2017-05-28 21:30:10', '2017-05-28 21:30:10', '5874a237-b4cb-449f-9778-70f68a938828'),
 ('11', '29', '7', '8', '0', '1', '2017-05-28 21:30:29', '2017-05-28 21:30:29', 'f604de91-a6f5-47c3-b868-740e7a6572d7'),
 ('12', '30', '8', '8', '0', '1', '2017-05-28 21:30:35', '2017-05-28 21:30:35', '8c021c85-ab13-4675-8cf5-e4420ea4f04e'),
 ('13', '31', '9', '9', '0', '1', '2017-05-28 21:30:42', '2017-05-28 21:30:42', 'aac3bfa9-5825-4423-bd0e-59b16d78af9e'),
 ('14', '31', '9', '8', '0', '2', '2017-05-28 21:30:42', '2017-05-28 21:30:42', '3318beb7-3253-48d4-9c3f-5cbb2d95c1bb'),
 ('15', '32', '10', '9', '0', '1', '2017-05-28 21:30:51', '2017-05-28 21:30:51', 'c71b01fa-8761-47e8-afc5-a89d04475d66'),
 ('16', '32', '10', '8', '0', '2', '2017-05-28 21:30:51', '2017-05-28 21:30:51', 'bcf80a55-a20e-4764-ac14-7a1e3f25f897'),
 ('17', '33', '11', '10', '0', '1', '2017-05-28 23:40:28', '2017-05-28 23:40:28', 'eeb474d2-2a71-40e0-b7e7-84ecb64d38bd'),
 ('22', '35', '13', '1', '1', '1', '2017-05-29 01:11:50', '2017-05-29 01:11:50', '31fe2262-80e4-4105-b0be-9660ec365761'),
 ('23', '35', '13', '11', '0', '2', '2017-05-29 01:11:50', '2017-05-29 01:11:50', 'f210aa1b-a465-485b-8d5d-2532566f5e03'),
 ('28', '37', '15', '16', '0', '1', '2017-05-29 01:50:44', '2017-05-29 01:50:44', 'b0eb25a3-b81e-45f9-ad48-a505575c3abd'),
 ('29', '37', '15', '1', '1', '2', '2017-05-29 01:50:44', '2017-05-29 01:50:44', '427d0f41-74fa-4598-b74f-2366786fc6b8'),
 ('30', '37', '15', '2', '0', '3', '2017-05-29 01:50:44', '2017-05-29 01:50:44', '1aa9d074-f9c1-4a3d-b989-ac1055b6f26d'),
 ('35', '45', '19', '17', '0', '1', '2017-05-30 15:05:41', '2017-05-30 15:05:41', '66e30ef8-78b4-4ea5-8ed9-fc130ed8f6d0'),
 ('36', '45', '19', '18', '0', '2', '2017-05-30 15:05:41', '2017-05-30 15:05:41', 'fd26b35e-6160-4782-9219-ab8af7ddd4f6'),
 ('37', '46', '20', '17', '0', '1', '2017-05-30 15:05:57', '2017-05-30 15:05:57', '30c5c1eb-9859-460a-b2ab-2e74d2374366'),
 ('38', '46', '20', '18', '0', '2', '2017-05-30 15:05:57', '2017-05-30 15:05:57', '2d08b821-3396-4189-95d3-d300ff732660'),
 ('41', '48', '22', '17', '0', '1', '2017-05-30 20:29:51', '2017-05-30 20:29:51', '50f992dd-d32f-4287-95d8-93820338d084'),
 ('42', '48', '22', '18', '0', '2', '2017-05-30 20:29:51', '2017-05-30 20:29:51', 'ea37f18d-621c-4472-a91d-b512b52889cc'),
 ('43', '48', '22', '19', '0', '3', '2017-05-30 20:29:51', '2017-05-30 20:29:51', '55ff653e-dd79-41fa-b33b-1ac5b2b02daf'),
 ('65', '56', '28', '26', '0', '1', '2017-05-30 22:54:47', '2017-05-30 22:54:47', 'fcccf02f-9661-4fc9-a148-2c5673adb055'),
 ('66', '56', '28', '27', '0', '2', '2017-05-30 22:54:47', '2017-05-30 22:54:47', '3aac6955-1de8-46e3-88d0-912e65d4f704'),
 ('67', '56', '28', '28', '0', '3', '2017-05-30 22:54:47', '2017-05-30 22:54:47', 'b3b9eab1-de3e-403e-90a4-fd81c2ed4351'),
 ('68', '56', '28', '29', '0', '4', '2017-05-30 22:54:47', '2017-05-30 22:54:47', '1c519fed-ab86-44a7-a2a6-4aa4c7831e73'),
 ('69', '56', '28', '30', '0', '5', '2017-05-30 22:54:47', '2017-05-30 22:54:47', '741332b4-4f2e-4455-8907-4464084845be'),
 ('73', '60', '31', '9', '0', '1', '2017-06-02 08:12:01', '2017-06-02 08:12:01', '276cc065-5520-4951-8337-375406227ed3'),
 ('74', '61', '32', '9', '0', '1', '2017-06-02 08:12:06', '2017-06-02 08:12:06', '5a42cf1b-38b0-4fb5-b6af-4a0ed5bbd33e'),
 ('75', '64', '33', '9', '0', '1', '2017-06-02 08:35:04', '2017-06-02 08:35:04', 'b7878f07-4c26-477d-b07a-57b9a29ec0a5'),
 ('76', '65', '34', '9', '0', '1', '2017-06-02 08:35:19', '2017-06-02 08:35:19', '3e916353-4e1f-45ef-9166-9b8f976240b4'),
 ('79', '67', '36', '12', '0', '1', '2017-06-02 09:20:10', '2017-06-02 09:20:10', 'f05c6931-52ab-4e25-a195-a6bbc28482ff'),
 ('80', '67', '36', '13', '0', '2', '2017-06-02 09:20:10', '2017-06-02 09:20:10', '82c9e9a7-5716-4080-a601-22f03b20f795'),
 ('81', '67', '36', '14', '0', '3', '2017-06-02 09:20:10', '2017-06-02 09:20:10', 'b9dc2650-74d7-4ec5-b7ab-b88f95087d87'),
 ('82', '68', '37', '31', '0', '1', '2017-06-07 00:17:12', '2017-06-07 00:17:12', '4770ac72-0d8a-4623-a70b-ec75674565b0'),
 ('83', '68', '37', '25', '0', '2', '2017-06-07 00:17:12', '2017-06-07 00:17:12', '6bd72f9f-2499-4d32-937c-9e130d5e5f4f'),
 ('84', '70', '38', '8', '0', '1', '2017-06-07 00:27:52', '2017-06-07 00:27:52', 'a6ace1a2-521c-4e61-8d27-83ad3ed88ec4');



DROP TABLE IF EXISTS `brgsh_fieldlayouts`;


--
-- Schema for table `brgsh_fieldlayouts`
--
CREATE TABLE `brgsh_fieldlayouts` (
  `id` int(11) NOT NULL AUTO_INCREMENT,
  `type` varchar(150) COLLATE utf8_unicode_ci NOT NULL,
  `dateCreated` datetime NOT NULL,
  `dateUpdated` datetime NOT NULL,
  `uid` char(36) COLLATE utf8_unicode_ci NOT NULL DEFAULT '0',
  PRIMARY KEY (`id`),
  KEY `brgsh_fieldlayouts_type_idx` (`type`)
) ENGINE=InnoDB AUTO_INCREMENT=71 DEFAULT CHARSET=utf8 COLLATE=utf8_unicode_ci;

--
-- Data for table `brgsh_fieldlayouts`
--

INSERT INTO `brgsh_fieldlayouts` (`id`, `type`, `dateCreated`, `dateUpdated`, `uid`) VALUES
 ('1', 'Tag', '2017-05-27 01:12:22', '2017-05-27 01:12:22', 'c84b2a68-f745-498b-b017-93cb230eca59'),
 ('15', 'Asset', '2017-05-28 21:06:05', '2017-05-28 21:06:05', 'e7d363f7-d209-4ace-93f5-3155f47885e9'),
 ('16', 'Asset', '2017-05-28 21:06:11', '2017-05-28 21:06:11', 'fd6fd8f8-e8da-40d9-9c2c-a8ef500badd4'),
 ('17', 'Asset', '2017-05-28 21:06:26', '2017-05-28 21:06:26', '35c2598a-8a24-46a2-82f2-deed2213be7e'),
 ('18', 'Asset', '2017-05-28 21:06:39', '2017-05-28 21:06:39', 'faeb704d-b309-42e3-8e6c-c107d63846fb'),
 ('19', 'Entry', '2017-05-28 21:10:41', '2017-05-28 21:10:41', '207bd78b-26a6-48c5-ba85-89f585fff604'),
 ('20', 'MatrixBlock', '2017-05-28 21:13:06', '2017-05-28 21:13:06', 'ac9580e7-4b9c-4508-94a6-41ebfc1e4164'),
 ('27', 'GlobalSet', '2017-05-28 21:30:10', '2017-05-28 21:30:10', 'a827a3a3-a6db-4023-938a-8bdd910d1fc3'),
 ('29', 'GlobalSet', '2017-05-28 21:30:29', '2017-05-28 21:30:29', '7605a5d5-b24a-43c0-ba36-68f661de25c9'),
 ('30', 'GlobalSet', '2017-05-28 21:30:35', '2017-05-28 21:30:35', 'aafb5d31-fc14-4571-a054-6129ba598375'),
 ('31', 'GlobalSet', '2017-05-28 21:30:42', '2017-05-28 21:30:42', '970405d5-5747-4016-b97c-b2e41637a1d7'),
 ('32', 'GlobalSet', '2017-05-28 21:30:51', '2017-05-28 21:30:51', 'c7448c21-381c-4f33-92f3-150808158d44'),
 ('33', 'Entry', '2017-05-28 23:40:28', '2017-05-28 23:40:28', 'ef9fcc16-f49a-45a0-9ce1-b3da28acdf9d'),
 ('35', 'Entry', '2017-05-29 01:11:50', '2017-05-29 01:11:50', '9a8c7e95-fc57-426d-b81a-9df124ededab'),
 ('37', 'Entry', '2017-05-29 01:50:44', '2017-05-29 01:50:44', '10c55d8a-9257-4d63-a3ad-7302f83300ac'),
 ('45', 'Entry', '2017-05-30 15:05:41', '2017-05-30 15:05:41', '10d530aa-904a-4c0c-816c-9a6872128163'),
 ('46', 'Entry', '2017-05-30 15:05:57', '2017-05-30 15:05:57', '5dba4de5-083b-4aa3-bb0d-42d91d10dc08'),
 ('48', 'Entry', '2017-05-30 20:29:51', '2017-05-30 20:29:51', '2679a9fe-5be1-41e4-b155-6f3c3eb7767b'),
 ('50', 'Asset', '2017-05-30 22:39:48', '2017-05-30 22:39:48', 'e0fae94b-32f2-4893-beb7-7f5c70b945c7'),
 ('56', 'MatrixBlock', '2017-05-30 22:54:47', '2017-05-30 22:54:47', 'df8551d4-e3bd-444c-b795-0f9f6809b2c8'),
 ('60', 'GlobalSet', '2017-06-02 08:12:01', '2017-06-02 08:12:01', '3ee4a6c6-f6ad-4173-be9d-4f4c9e717561'),
 ('61', 'GlobalSet', '2017-06-02 08:12:06', '2017-06-02 08:12:06', 'ca7359c2-1647-467c-871f-e60f85699d10'),
 ('64', 'GlobalSet', '2017-06-02 08:35:04', '2017-06-02 08:35:04', 'abb48532-0bbb-425c-aedd-3a0f06499966'),
 ('65', 'GlobalSet', '2017-06-02 08:35:19', '2017-06-02 08:35:19', 'a51633ec-f1cd-444e-9987-78ce6f386eac'),
 ('67', 'MatrixBlock', '2017-06-02 09:20:10', '2017-06-02 09:20:10', 'f4e7cb7b-60f8-4a40-bae6-65636972f243'),
 ('68', 'Category', '2017-06-07 00:17:12', '2017-06-07 00:17:12', '44362016-a79f-4842-9cba-be3f6e312e73'),
 ('70', 'GlobalSet', '2017-06-07 00:27:52', '2017-06-07 00:27:52', '63e21b96-ee99-42ca-81c6-32d11a8f24c8');



DROP TABLE IF EXISTS `brgsh_fieldlayouttabs`;


--
-- Schema for table `brgsh_fieldlayouttabs`
--
CREATE TABLE `brgsh_fieldlayouttabs` (
  `id` int(11) NOT NULL AUTO_INCREMENT,
  `layoutId` int(11) NOT NULL,
  `name` varchar(255) COLLATE utf8_unicode_ci NOT NULL,
  `sortOrder` smallint(6) unsigned DEFAULT NULL,
  `dateCreated` datetime NOT NULL,
  `dateUpdated` datetime NOT NULL,
  `uid` char(36) COLLATE utf8_unicode_ci NOT NULL DEFAULT '0',
  PRIMARY KEY (`id`),
  KEY `brgsh_fieldlayouttabs_sortOrder_idx` (`sortOrder`),
  KEY `brgsh_fieldlayouttabs_layoutId_fk` (`layoutId`)
) ENGINE=InnoDB AUTO_INCREMENT=39 DEFAULT CHARSET=utf8 COLLATE=utf8_unicode_ci;

--
-- Data for table `brgsh_fieldlayouttabs`
--

INSERT INTO `brgsh_fieldlayouttabs` (`id`, `layoutId`, `name`, `sortOrder`, `dateCreated`, `dateUpdated`, `uid`) VALUES
 ('3', '19', 'Контент', '1', '2017-05-28 21:10:41', '2017-05-28 21:10:41', '77824899-8205-4f05-8e25-9ab72a5e33a6'),
 ('4', '20', 'Content', '1', '2017-05-28 21:13:06', '2017-05-28 21:13:06', '1d13e93c-b4b0-4989-8b46-a4f92be3cb94'),
 ('5', '27', 'Контент', '1', '2017-05-28 21:30:10', '2017-05-28 21:30:10', 'be77040d-7ca2-4092-9be4-f06a9326ffd5'),
 ('7', '29', 'Контент', '1', '2017-05-28 21:30:29', '2017-05-28 21:30:29', '753a47f2-abcb-46ba-874b-d6766e458b82'),
 ('8', '30', 'Контент', '1', '2017-05-28 21:30:35', '2017-05-28 21:30:35', 'd7b59cb1-c195-4480-82fa-83c793864833'),
 ('9', '31', 'Контент', '1', '2017-05-28 21:30:42', '2017-05-28 21:30:42', '3b252ef4-a68f-497f-9d6f-21b4aad26aab'),
 ('10', '32', 'Контент', '1', '2017-05-28 21:30:51', '2017-05-28 21:30:51', '82de6b83-b39c-4851-befa-8f7d036805f0'),
 ('11', '33', 'Контент', '1', '2017-05-28 23:40:28', '2017-05-28 23:40:28', 'feb9d3c4-8cf5-420b-9084-5ab75d91ab30'),
 ('13', '35', 'Content', '1', '2017-05-29 01:11:50', '2017-05-29 01:11:50', '01bfdefb-8e93-4ed3-b372-183002ffd926'),
 ('15', '37', 'Content', '1', '2017-05-29 01:50:44', '2017-05-29 01:50:44', '559db2f9-b9fb-43d2-953f-ec2f63614210'),
 ('19', '45', 'Контент', '1', '2017-05-30 15:05:41', '2017-05-30 15:05:41', '64f2ac22-5b2f-4ef7-93cd-aa7981fbd8d1'),
 ('20', '46', 'Контент', '1', '2017-05-30 15:05:57', '2017-05-30 15:05:57', '51069544-50cd-430f-b1c7-85b4347fae63'),
 ('22', '48', 'Контент', '1', '2017-05-30 20:29:51', '2017-05-30 20:29:51', '49655274-f49d-4a30-a5eb-c95c48d4199b'),
 ('28', '56', 'Content', '1', '2017-05-30 22:54:47', '2017-05-30 22:54:47', 'ba7365ac-e569-4716-ae3b-8ea5eb5b1d27'),
 ('31', '60', 'Контент', '1', '2017-06-02 08:12:01', '2017-06-02 08:12:01', 'f5668714-24a9-4118-be64-1d21377cb936'),
 ('32', '61', 'Контент', '1', '2017-06-02 08:12:06', '2017-06-02 08:12:06', 'e7070739-6aad-402a-8057-74063f9eca7d'),
 ('33', '64', 'Контент', '1', '2017-06-02 08:35:04', '2017-06-02 08:35:04', 'fe2ac53f-30eb-49f6-8a6d-d7861ca9863b'),
 ('34', '65', 'Контент', '1', '2017-06-02 08:35:19', '2017-06-02 08:35:19', 'ba68e649-94e6-480d-862f-d9fd7cc9263f'),
 ('36', '67', 'Content', '1', '2017-06-02 09:20:10', '2017-06-02 09:20:10', '83f57acb-d3f9-44bf-875d-e18dbec29be6'),
 ('37', '68', 'Контент', '1', '2017-06-07 00:17:12', '2017-06-07 00:17:12', '43f88890-d5b4-4490-a18f-e6dde6d69f74'),
 ('38', '70', 'Контент', '1', '2017-06-07 00:27:52', '2017-06-07 00:27:52', '3199f166-5e6d-4a62-8d43-3d510d3c0d46');



DROP TABLE IF EXISTS `brgsh_fields`;


--
-- Schema for table `brgsh_fields`
--
CREATE TABLE `brgsh_fields` (
  `id` int(11) NOT NULL AUTO_INCREMENT,
  `groupId` int(11) DEFAULT NULL,
  `name` varchar(255) COLLATE utf8_unicode_ci NOT NULL,
  `handle` varchar(58) COLLATE utf8_unicode_ci NOT NULL,
  `context` varchar(255) COLLATE utf8_unicode_ci NOT NULL DEFAULT 'global',
  `instructions` text COLLATE utf8_unicode_ci,
  `translatable` tinyint(1) unsigned NOT NULL DEFAULT '0',
  `type` varchar(150) COLLATE utf8_unicode_ci NOT NULL,
  `settings` text COLLATE utf8_unicode_ci,
  `dateCreated` datetime NOT NULL,
  `dateUpdated` datetime NOT NULL,
  `uid` char(36) COLLATE utf8_unicode_ci NOT NULL DEFAULT '0',
  PRIMARY KEY (`id`),
  UNIQUE KEY `brgsh_fields_handle_context_unq_idx` (`handle`,`context`),
  KEY `brgsh_fields_context_idx` (`context`),
  KEY `brgsh_fields_groupId_fk` (`groupId`)
) ENGINE=InnoDB AUTO_INCREMENT=32 DEFAULT CHARSET=utf8 COLLATE=utf8_unicode_ci;

--
-- Data for table `brgsh_fields`
--

INSERT INTO `brgsh_fields` (`id`, `groupId`, `name`, `handle`, `context`, `instructions`, `translatable`, `type`, `settings`, `dateCreated`, `dateUpdated`, `uid`) VALUES
 ('1', '1', 'Body', 'body', 'global', NULL, '1', 'RichText', '{\"configFile\":\"Standard.json\",\"columnType\":\"text\"}', '2017-05-27 01:12:23', '2017-05-27 01:12:23', '91c2029b-75f5-4ffd-a3d2-58910c84d8ba'),
 ('2', '1', 'Tags', 'tags', 'global', NULL, '0', 'Tags', '{\"source\":\"taggroup:1\"}', '2017-05-27 01:12:23', '2017-05-27 01:12:23', '50478c17-cbb2-4361-86dc-792445a58f52'),
 ('3', '2', 'Изображение', 'sliderImage', 'global', '', '0', 'Assets', '{\"useSingleFolder\":\"1\",\"sources\":\"*\",\"defaultUploadLocationSource\":\"1\",\"defaultUploadLocationSubpath\":\"\",\"singleUploadLocationSource\":\"1\",\"singleUploadLocationSubpath\":\"\",\"restrictFiles\":\"1\",\"allowedKinds\":[\"image\"],\"limit\":\"1\",\"viewMode\":\"large\",\"selectionLabel\":\"\\u0414\\u043e\\u0431\\u0430\\u0432\\u0438\\u0442\\u044c \\u0438\\u0437\\u043e\\u0431\\u0440\\u0430\\u0436\\u0435\\u043d\\u0438\\u0435\"}', '2017-05-28 21:07:36', '2017-05-28 21:07:36', 'b23a3828-17f7-46d2-85f7-208c0504b585'),
 ('4', '2', 'Описание', 'sliderDescription', 'global', '', '0', 'PlainText', '{\"placeholder\":\"\",\"maxLength\":\"\",\"multiline\":\"\",\"initialRows\":\"4\"}', '2017-05-28 21:08:28', '2017-05-28 21:08:28', 'd791410d-da2e-4847-ba27-20f57aa98d8a'),
 ('5', '2', 'Ссылка', 'sliderLink', 'global', '', '0', 'Matrix', '{\"maxBlocks\":\"1\"}', '2017-05-28 21:10:09', '2017-05-28 21:13:06', '7566259c-6c23-4248-ba65-9d9c2ea14c1e'),
 ('6', NULL, 'Ссылка на страницу', 'sLink', 'matrixBlockType:1', '', '0', 'PlainText', '{\"placeholder\":\"\",\"maxLength\":\"\",\"multiline\":\"\",\"initialRows\":\"4\"}', '2017-05-28 21:13:06', '2017-05-28 21:13:06', '360df420-b317-4f54-86a8-bec978ac7226'),
 ('7', NULL, 'Название кнопки', 'sName', 'matrixBlockType:1', '', '0', 'PlainText', '{\"placeholder\":\"\",\"maxLength\":\"\",\"multiline\":\"\",\"initialRows\":\"4\"}', '2017-05-28 21:13:06', '2017-05-28 21:13:06', '189d412c-1b9a-4ee9-89ac-3e1cb49b3da8'),
 ('8', '1', 'Форматированный текст', 'textFormatted', 'global', '', '0', 'PlainText', '{\"placeholder\":\"\",\"maxLength\":\"\",\"multiline\":\"\",\"initialRows\":\"4\"}', '2017-05-28 21:29:30', '2017-05-28 21:29:30', '4c9235f2-9b61-47ba-9ce3-4f3ba7ad3f34'),
 ('9', '1', 'Неформатированный текст', 'textUnformatted', 'global', '', '0', 'PlainText', '{\"placeholder\":\"\",\"maxLength\":\"\",\"multiline\":\"\",\"initialRows\":\"4\"}', '2017-05-28 21:29:48', '2017-05-28 21:29:48', '4e04b1b5-acfd-43a5-b63f-87199672ffba'),
 ('10', '5', 'Ссылка', 'mainMenuLink', 'global', '', '0', 'PlainText', '{\"placeholder\":\"\",\"maxLength\":\"\",\"multiline\":\"\",\"initialRows\":\"4\"}', '2017-05-28 23:39:52', '2017-05-28 23:39:52', 'a96a0902-7d39-4eb3-a55f-30186bfeba6f'),
 ('11', '1', 'Спецпредложения', 'specials', 'global', '', '0', 'Matrix', '{\"maxBlocks\":null}', '2017-05-29 01:11:32', '2017-06-02 09:20:10', 'e8df19d5-f607-4603-85f7-af3322c5bc67'),
 ('12', NULL, 'Название', 'specialName', 'matrixBlockType:2', '', '0', 'PlainText', '{\"placeholder\":\"\",\"maxLength\":\"\",\"multiline\":\"\",\"initialRows\":\"4\"}', '2017-05-29 01:11:32', '2017-06-02 09:20:10', '19510fc8-6633-45d0-8078-3160de3450fb'),
 ('13', NULL, 'Изображение', 'image', 'matrixBlockType:2', '', '0', 'Assets', '{\"useSingleFolder\":\"1\",\"sources\":\"*\",\"defaultUploadLocationSource\":\"1\",\"defaultUploadLocationSubpath\":\"\",\"singleUploadLocationSource\":\"2\",\"singleUploadLocationSubpath\":\"\",\"restrictFiles\":\"1\",\"allowedKinds\":[\"image\"],\"limit\":\"1\",\"viewMode\":\"large\",\"selectionLabel\":\"\\u0414\\u043e\\u0431\\u0430\\u0432\\u0438\\u0442\\u044c \\u0438\\u0437\\u043e\\u0431\\u0440\\u0430\\u0436\\u0435\\u043d\\u0438\\u0435\"}', '2017-05-29 01:11:32', '2017-06-02 09:20:10', '277e57d8-b95f-49e9-8bef-8500a0426ee6'),
 ('14', NULL, 'Описание', 'description', 'matrixBlockType:2', '', '0', 'RichText', '{\"configFile\":\"Simple.json\",\"availableAssetSources\":\"\",\"availableTransforms\":\"\",\"cleanupHtml\":\"1\",\"purifyHtml\":\"1\",\"purifierConfig\":\"\",\"columnType\":\"text\"}', '2017-05-29 01:11:32', '2017-06-02 09:20:10', '13d15c86-9fc5-43ea-89f3-adb0c7aa3422'),
 ('16', '1', 'Изображение', 'newsImage', 'global', '', '0', 'Assets', '{\"useSingleFolder\":\"1\",\"sources\":\"*\",\"defaultUploadLocationSource\":\"1\",\"defaultUploadLocationSubpath\":\"\",\"singleUploadLocationSource\":\"3\",\"singleUploadLocationSubpath\":\"\",\"restrictFiles\":\"1\",\"allowedKinds\":[\"image\"],\"limit\":\"1\",\"viewMode\":\"large\",\"selectionLabel\":\"\\u0414\\u043e\\u0431\\u0430\\u0432\\u0438\\u0442\\u044c \\u0438\\u0437\\u043e\\u0431\\u0440\\u0430\\u0436\\u0435\\u043d\\u0438\\u0435\"}', '2017-05-29 01:50:26', '2017-05-29 01:50:26', 'c7aa08c4-c050-41a8-af58-ed73a6c9ca21'),
 ('17', '1', 'Слоган', 'slogan', 'global', '', '0', 'PlainText', '{\"placeholder\":\"\",\"maxLength\":\"\",\"multiline\":\"\",\"initialRows\":\"4\"}', '2017-05-30 00:24:15', '2017-05-30 15:05:05', 'af52cd0d-9f50-4d35-96e9-29ca1c913868'),
 ('18', '1', 'Фоновое изображение', 'headerImage', 'global', '', '0', 'Assets', '{\"useSingleFolder\":\"1\",\"sources\":\"*\",\"defaultUploadLocationSource\":\"1\",\"defaultUploadLocationSubpath\":\"\",\"singleUploadLocationSource\":\"2\",\"singleUploadLocationSubpath\":\"\",\"restrictFiles\":\"1\",\"allowedKinds\":[\"image\"],\"limit\":\"1\",\"viewMode\":\"large\",\"selectionLabel\":\"\\u0414\\u043e\\u0431\\u0430\\u0432\\u0438\\u0442\\u044c \\u0438\\u0437\\u043e\\u0431\\u0440\\u0430\\u0436\\u0435\\u043d\\u0438\\u0435\"}', '2017-05-30 15:04:16', '2017-05-30 15:05:24', '740cde00-d51c-4acc-bbce-aaf5f73d4891'),
 ('19', '1', 'Фотографии', 'photoGallery', 'global', '', '0', 'Assets', '{\"useSingleFolder\":\"1\",\"sources\":\"*\",\"defaultUploadLocationSource\":\"1\",\"defaultUploadLocationSubpath\":\"\",\"singleUploadLocationSource\":\"4\",\"singleUploadLocationSubpath\":\"\",\"restrictFiles\":\"1\",\"allowedKinds\":[\"image\"],\"limit\":\"\",\"viewMode\":\"large\",\"selectionLabel\":\"\\u0414\\u043e\\u0431\\u0430\\u0432\\u0438\\u0442\\u044c \\u0444\\u043e\\u0442\\u043e\\u0433\\u0440\\u0430\\u0444\\u0438\\u0438\"}', '2017-05-30 20:29:29', '2017-05-30 20:30:01', '54471a38-010f-44ea-8270-d8d3ef05470a'),
 ('25', '4', 'Товар/Блюдо', 'menuItem', 'global', '', '0', 'Matrix', '{\"maxBlocks\":null}', '2017-05-30 22:47:00', '2017-05-30 22:54:47', '08e5e0af-86ea-4c77-926b-0aaa605d880d'),
 ('26', NULL, 'Название', 'productName', 'matrixBlockType:3', '', '0', 'PlainText', '{\"placeholder\":\"\",\"maxLength\":\"\",\"multiline\":\"\",\"initialRows\":\"4\"}', '2017-05-30 22:47:01', '2017-05-30 22:54:47', '99f7196b-8c6e-4ea7-8844-fee9a8c4032c'),
 ('27', NULL, 'Описание', 'description', 'matrixBlockType:3', '', '0', 'PlainText', '{\"placeholder\":\"\",\"maxLength\":\"\",\"multiline\":\"\",\"initialRows\":\"4\"}', '2017-05-30 22:47:01', '2017-05-30 22:54:47', '881d4827-a3ac-45b0-ae21-50844b55b5ee'),
 ('28', NULL, 'Количество/Емкость/Цена', 'price', 'matrixBlockType:3', '', '0', 'PlainText', '{\"placeholder\":\"\",\"maxLength\":\"\",\"multiline\":\"\",\"initialRows\":\"4\"}', '2017-05-30 22:47:01', '2017-05-30 22:54:47', '49824b90-4811-490a-894a-c6c3a8134140'),
 ('29', NULL, 'Изображение', 'image', 'matrixBlockType:3', '', '0', 'Assets', '{\"useSingleFolder\":\"1\",\"sources\":\"*\",\"defaultUploadLocationSource\":\"1\",\"defaultUploadLocationSubpath\":\"\",\"singleUploadLocationSource\":\"5\",\"singleUploadLocationSubpath\":\"\",\"restrictFiles\":\"1\",\"allowedKinds\":[\"image\"],\"limit\":\"1\",\"viewMode\":\"large\",\"selectionLabel\":\"\\u0414\\u043e\\u0431\\u0430\\u0432\\u0438\\u0442\\u044c \\u0438\\u0437\\u043e\\u0431\\u0440\\u0430\\u0436\\u0435\\u043d\\u0438\\u0435\"}', '2017-05-30 22:47:01', '2017-05-30 22:54:47', 'd8ce87ba-57ee-4ada-ba28-d316ebb3483e'),
 ('30', NULL, 'Особенности товара', 'extra', 'matrixBlockType:3', '', '0', 'Checkboxes', '{\"options\":[{\"label\":\"\\u041d\\u043e\\u0432\\u0438\\u043d\\u043a\\u0430\",\"value\":\"new\",\"default\":\"\"},{\"label\":\"\\u041e\\u0441\\u0442\\u0440\\u043e\\u0435\",\"value\":\"spicy\",\"default\":\"\"},{\"label\":\"\\u0412\\u0435\\u0433\\u0435\\u0442\\u0430\\u0440\\u0438\\u0430\\u043d\\u0441\\u043a\\u043e\\u0435\",\"value\":\"vegan\",\"default\":\"\"},{\"label\":\"\\u0421\\u043a\\u0438\\u0434\\u043a\\u0430\",\"value\":\"sale\",\"default\":\"\"},{\"label\":\"\\u041e\\u0442 \\u0448\\u0435\\u0444 \\u043f\\u043e\\u0432\\u0430\\u0440\\u0430\",\"value\":\"chief\",\"default\":\"\"}]}', '2017-05-30 22:47:01', '2017-05-30 22:54:47', 'b32700be-f145-4f8b-995f-8f7225ba847d'),
 ('31', '4', 'Изображение категории', 'menuImage', 'global', '', '0', 'Assets', '{\"useSingleFolder\":\"1\",\"sources\":\"*\",\"defaultUploadLocationSource\":\"1\",\"defaultUploadLocationSubpath\":\"\",\"singleUploadLocationSource\":\"5\",\"singleUploadLocationSubpath\":\"\",\"restrictFiles\":\"1\",\"allowedKinds\":[\"image\"],\"limit\":\"1\",\"viewMode\":\"large\",\"selectionLabel\":\"\\u0414\\u043e\\u0431\\u0430\\u0432\\u0438\\u0442\\u044c \\u0438\\u0437\\u043e\\u0431\\u0440\\u0430\\u0436\\u0435\\u043d\\u0438\\u0435\"}', '2017-06-02 08:49:12', '2017-06-02 08:50:04', '5ea3ec1d-0c79-4917-b8e6-9e93a4a9f51d');



DROP TABLE IF EXISTS `brgsh_globalsets`;


--
-- Schema for table `brgsh_globalsets`
--
CREATE TABLE `brgsh_globalsets` (
  `id` int(11) NOT NULL,
  `name` varchar(255) COLLATE utf8_unicode_ci NOT NULL,
  `handle` varchar(255) COLLATE utf8_unicode_ci NOT NULL,
  `fieldLayoutId` int(10) DEFAULT NULL,
  `dateCreated` datetime NOT NULL,
  `dateUpdated` datetime NOT NULL,
  `uid` char(36) COLLATE utf8_unicode_ci NOT NULL DEFAULT '0',
  PRIMARY KEY (`id`),
  UNIQUE KEY `brgsh_globalsets_name_unq_idx` (`name`),
  UNIQUE KEY `brgsh_globalsets_handle_unq_idx` (`handle`),
  KEY `brgsh_globalsets_fieldLayoutId_fk` (`fieldLayoutId`)
) ENGINE=InnoDB DEFAULT CHARSET=utf8 COLLATE=utf8_unicode_ci;

--
-- Data for table `brgsh_globalsets`
--

INSERT INTO `brgsh_globalsets` (`id`, `name`, `handle`, `fieldLayoutId`, `dateCreated`, `dateUpdated`, `uid`) VALUES
 ('53', 'Адрес', 'globalAddress', '29', '2017-05-28 21:25:58', '2017-05-28 21:30:29', '5c5233c4-6c7c-4991-9881-d7a2b41ab182'),
 ('54', 'Телефон 1', 'globalPhone1', '31', '2017-05-28 21:26:17', '2017-05-28 21:30:42', '5de8c4c5-63c0-4307-90a6-27b69271ec94'),
 ('55', 'Телефон 2', 'globalPhone2', '32', '2017-05-28 21:26:32', '2017-05-28 21:30:51', '6ca54c8b-0907-448e-907a-3aa035c0e7fa'),
 ('56', 'Email', 'globalEmail', '27', '2017-05-28 21:26:47', '2017-05-28 21:30:10', '2bb2e284-60ae-485e-aced-4d2e23475fb6'),
 ('57', 'Карта', 'globalMap', '61', '2017-05-28 21:28:01', '2017-06-02 08:12:06', '98b15438-4250-4217-a143-97c2746e4c2a'),
 ('58', 'Время работы', 'globalShedule', '30', '2017-05-28 21:28:37', '2017-05-28 21:30:35', '2670f69c-f19a-4c85-895a-08225c8a3e9d'),
 ('104', 'Счетчики', 'globalAnalytics', '60', '2017-06-02 08:07:37', '2017-06-02 08:12:01', 'b9ca7b3b-d54e-4fe7-bef4-f8034f2ba382'),
 ('117', 'Facebook', 'globalFacebook', '64', '2017-06-02 08:34:39', '2017-06-02 08:35:04', 'b4d8cad1-f0a9-46f7-97c3-8c0dfa55e561'),
 ('118', 'Vkontakte', 'globalVkontakte', '65', '2017-06-02 08:34:56', '2017-06-02 08:35:19', '5472f8b8-11f0-43de-b688-7c919040dea8'),
 ('296', 'Описание на странице Меню', 'messageMenu', '70', '2017-06-07 00:27:21', '2017-06-07 00:27:52', 'a21076b1-0d9e-4056-a1c4-5fe63d7c1fd8');



DROP TABLE IF EXISTS `brgsh_info`;


--
-- Schema for table `brgsh_info`
--
CREATE TABLE `brgsh_info` (
  `id` int(11) NOT NULL AUTO_INCREMENT,
  `version` varchar(50) COLLATE utf8_unicode_ci NOT NULL,
  `schemaVersion` varchar(15) COLLATE utf8_unicode_ci NOT NULL,
  `edition` tinyint(1) unsigned NOT NULL DEFAULT '0',
  `siteName` varchar(100) COLLATE utf8_unicode_ci NOT NULL,
  `siteUrl` varchar(255) COLLATE utf8_unicode_ci NOT NULL,
  `timezone` varchar(30) COLLATE utf8_unicode_ci DEFAULT NULL,
  `on` tinyint(1) unsigned NOT NULL DEFAULT '0',
  `maintenance` tinyint(1) unsigned NOT NULL DEFAULT '0',
  `dateCreated` datetime NOT NULL,
  `dateUpdated` datetime NOT NULL,
  `uid` char(36) COLLATE utf8_unicode_ci NOT NULL DEFAULT '0',
  PRIMARY KEY (`id`)
) ENGINE=InnoDB AUTO_INCREMENT=2 DEFAULT CHARSET=utf8 COLLATE=utf8_unicode_ci;

--
-- Data for table `brgsh_info`
--

INSERT INTO `brgsh_info` (`id`, `version`, `schemaVersion`, `edition`, `siteName`, `siteUrl`, `timezone`, `on`, `maintenance`, `dateCreated`, `dateUpdated`, `uid`) VALUES
 ('1', '2.6.2981', '2.6.9', '0', 'Бар Бергштайн - Bergstein Bar', 'https://bergstein.bar', 'Europe/Moscow', '1', '1', '2017-05-27 01:12:19', '2017-06-08 04:55:41', '6951717e-fe2f-4752-afad-06ba08ce9349');



DROP TABLE IF EXISTS `brgsh_locales`;


--
-- Schema for table `brgsh_locales`
--
CREATE TABLE `brgsh_locales` (
  `locale` char(12) COLLATE utf8_unicode_ci NOT NULL,
  `sortOrder` smallint(6) unsigned DEFAULT NULL,
  `dateCreated` datetime NOT NULL,
  `dateUpdated` datetime NOT NULL,
  `uid` char(36) COLLATE utf8_unicode_ci NOT NULL DEFAULT '0',
  PRIMARY KEY (`locale`),
  KEY `brgsh_locales_sortOrder_idx` (`sortOrder`)
) ENGINE=InnoDB DEFAULT CHARSET=utf8 COLLATE=utf8_unicode_ci;

--
-- Data for table `brgsh_locales`
--

INSERT INTO `brgsh_locales` (`locale`, `sortOrder`, `dateCreated`, `dateUpdated`, `uid`) VALUES
 ('ru_ru', '1', '2017-05-27 01:12:19', '2017-05-27 01:12:19', 'd23b979f-25b5-46bf-a54d-17c8e84d589d');



DROP TABLE IF EXISTS `brgsh_matrixblocks`;


--
-- Schema for table `brgsh_matrixblocks`
--
CREATE TABLE `brgsh_matrixblocks` (
  `id` int(11) NOT NULL,
  `ownerId` int(11) NOT NULL,
  `fieldId` int(11) NOT NULL,
  `typeId` int(11) DEFAULT NULL,
  `sortOrder` smallint(6) unsigned DEFAULT NULL,
  `ownerLocale` char(12) COLLATE utf8_unicode_ci DEFAULT NULL,
  `dateCreated` datetime NOT NULL,
  `dateUpdated` datetime NOT NULL,
  `uid` char(36) COLLATE utf8_unicode_ci NOT NULL DEFAULT '0',
  PRIMARY KEY (`id`),
  KEY `brgsh_matrixblocks_ownerId_idx` (`ownerId`),
  KEY `brgsh_matrixblocks_fieldId_idx` (`fieldId`),
  KEY `brgsh_matrixblocks_typeId_idx` (`typeId`),
  KEY `brgsh_matrixblocks_sortOrder_idx` (`sortOrder`),
  KEY `brgsh_matrixblocks_ownerLocale_fk` (`ownerLocale`)
) ENGINE=InnoDB DEFAULT CHARSET=utf8 COLLATE=utf8_unicode_ci;

--
-- Data for table `brgsh_matrixblocks`
--

INSERT INTO `brgsh_matrixblocks` (`id`, `ownerId`, `fieldId`, `typeId`, `sortOrder`, `ownerLocale`, `dateCreated`, `dateUpdated`, `uid`) VALUES
 ('52', '51', '5', '1', '1', NULL, '2017-05-28 21:14:16', '2017-05-31 03:01:58', 'd14450cb-c371-4b94-8b33-0c3163d8a229'),
 ('60', '59', '5', '1', '1', NULL, '2017-05-28 23:00:11', '2017-05-31 03:01:28', '737d242d-6907-45ba-9125-6f7939c7b544'),
 ('63', '2', '11', '2', '1', NULL, '2017-05-29 01:21:41', '2017-06-06 13:00:36', '26418c7e-3afa-4584-be0a-db5b7d251274'),
 ('64', '2', '11', '2', '2', NULL, '2017-05-29 01:21:41', '2017-06-06 13:00:36', '3bc66211-5a6f-46d7-b3c5-8e22397701d1'),
 ('65', '2', '11', '2', '3', NULL, '2017-05-29 01:21:42', '2017-06-06 13:00:36', 'cfa246ad-4ce8-4f17-b254-228f37cc27d8'),
 ('66', '2', '11', '2', '4', NULL, '2017-05-29 01:21:42', '2017-06-06 13:00:36', 'a7b5328f-2aad-4302-bb23-5646363895b8'),
 ('106', '105', '5', '1', '1', NULL, '2017-06-02 08:14:49', '2017-06-02 08:15:31', '1c37141d-c0eb-4805-9c5e-c984d87e99e5'),
 ('108', '107', '5', '1', '1', NULL, '2017-06-02 08:14:52', '2017-06-02 08:15:45', '8e664c25-7db5-4c64-b5c3-5558dc8591e9'),
 ('110', '109', '5', '1', '1', NULL, '2017-06-02 08:14:54', '2017-06-02 08:15:53', 'cf174d1b-b7ab-4c6a-ac53-cd76db662743'),
 ('112', '111', '5', '1', '1', NULL, '2017-06-02 08:16:02', '2017-06-02 08:16:22', 'b65e86ec-b1df-4371-ba68-64125ef00c5f'),
 ('114', '113', '5', '1', '1', NULL, '2017-06-02 08:16:04', '2017-06-02 08:16:32', '549f74aa-5442-43d4-a207-80da90fba266'),
 ('116', '115', '5', '1', '1', NULL, '2017-06-02 08:16:06', '2017-06-02 08:16:42', 'cb5faf43-90e2-478e-88cf-50be8a1af30a'),
 ('122', '121', '25', '3', '1', NULL, '2017-06-05 18:23:31', '2017-06-07 01:19:01', '4bc62c23-f277-4063-bed6-08f2f978203a'),
 ('123', '121', '25', '3', '2', NULL, '2017-06-05 18:23:31', '2017-06-07 01:19:01', '47753c73-8ae7-44e4-8d1b-398820e3a002'),
 ('124', '121', '25', '3', '3', NULL, '2017-06-05 18:23:31', '2017-06-07 01:19:01', 'de536920-467a-4a0a-8dd5-94841d71a34a'),
 ('125', '121', '25', '3', '4', NULL, '2017-06-05 18:23:31', '2017-06-07 01:19:01', '03625b5a-74a2-45d7-b4a5-314574bf9c26'),
 ('126', '121', '25', '3', '5', NULL, '2017-06-05 18:23:31', '2017-06-07 01:19:01', '568dc48d-8a5a-4ad0-9d49-8ec4538669ba'),
 ('127', '121', '25', '3', '6', NULL, '2017-06-05 18:23:31', '2017-06-07 01:19:01', '69c7e83f-2b33-44f6-a2b0-50fe89eb634e'),
 ('128', '121', '25', '3', '7', NULL, '2017-06-05 18:23:31', '2017-06-07 01:19:01', 'a12bc7ed-a8f5-4dbd-91c6-86e396a3d8b8'),
 ('131', '130', '25', '3', '1', NULL, '2017-06-05 18:25:50', '2017-06-05 21:12:18', 'd875cd00-8a2e-4b3c-899f-2af147b937b0'),
 ('132', '130', '25', '3', '2', NULL, '2017-06-05 18:25:50', '2017-06-05 21:12:18', '511ede1b-db1f-4bc7-9102-5d25158b1690'),
 ('134', '133', '25', '3', '1', NULL, '2017-06-05 18:29:10', '2017-06-05 21:12:30', 'adc2bdab-609c-4444-b7b8-7854c64e94dd'),
 ('135', '133', '25', '3', '2', NULL, '2017-06-05 18:29:10', '2017-06-05 21:12:30', 'faad3621-a79e-4c39-a8f7-2e0b6824df60'),
 ('136', '133', '25', '3', '3', NULL, '2017-06-05 18:29:10', '2017-06-05 21:12:30', 'd5536095-b593-4be7-a5b6-686a1e734c8e'),
 ('137', '133', '25', '3', '4', NULL, '2017-06-05 18:29:10', '2017-06-05 21:12:30', 'f4ad5cf7-c72a-4e19-a387-4e54fe916fa9'),
 ('139', '138', '25', '3', '1', NULL, '2017-06-05 18:41:04', '2017-06-07 01:34:14', 'd94ee042-3548-4350-8b7b-d60641fabe26'),
 ('140', '138', '25', '3', '2', NULL, '2017-06-05 18:41:04', '2017-06-07 01:34:14', 'e8193ab7-181f-4629-a8e7-16deb0eae03a'),
 ('141', '138', '25', '3', '3', NULL, '2017-06-05 18:41:04', '2017-06-07 01:34:14', '9503526b-11fe-4430-9ce4-7578c4eadd5c'),
 ('142', '138', '25', '3', '4', NULL, '2017-06-05 18:41:04', '2017-06-07 01:34:14', 'fde7995f-82b7-4917-a619-74f00a0af90e'),
 ('143', '138', '25', '3', '5', NULL, '2017-06-05 18:41:04', '2017-06-07 01:34:14', 'b575474c-7ac0-4fc3-8f16-cbe95e1926a5'),
 ('144', '138', '25', '3', '6', NULL, '2017-06-05 18:41:04', '2017-06-07 01:34:14', '84a13b6c-8e68-4e48-a571-64e09f5fa474'),
 ('145', '138', '25', '3', '7', NULL, '2017-06-05 18:41:04', '2017-06-07 01:34:14', '8167a691-c282-4e1c-afa7-00ebc188ecb9'),
 ('146', '138', '25', '3', '8', NULL, '2017-06-05 18:41:04', '2017-06-07 01:34:14', '8406c3fd-5da1-4538-98d5-635847f99015'),
 ('147', '138', '25', '3', '9', NULL, '2017-06-05 18:41:04', '2017-06-07 01:34:14', '287e4a81-e239-41d3-9a80-c394e201170d'),
 ('148', '138', '25', '3', '10', NULL, '2017-06-05 18:41:04', '2017-06-07 01:34:14', 'b8af583d-70fb-459c-9d0f-a29c5e9c6b53'),
 ('149', '138', '25', '3', '11', NULL, '2017-06-05 18:41:04', '2017-06-07 01:34:14', 'c3b19830-1361-4acd-8352-94519703846e'),
 ('150', '138', '25', '3', '12', NULL, '2017-06-05 18:41:04', '2017-06-07 01:34:14', '51af43cb-2c9e-476d-b5d7-6a2ca642459e'),
 ('151', '138', '25', '3', '13', NULL, '2017-06-05 18:41:04', '2017-06-07 01:34:14', '33af5f62-f063-43cd-893e-4145f28180cd'),
 ('152', '138', '25', '3', '14', NULL, '2017-06-05 18:41:04', '2017-06-07 01:34:14', 'c531942e-9996-48cd-a4c7-d85b17223e4c'),
 ('153', '138', '25', '3', '15', NULL, '2017-06-05 18:41:04', '2017-06-07 01:34:14', 'c600f62a-e48f-4e46-9edb-bd938af96ab3'),
 ('154', '138', '25', '3', '16', NULL, '2017-06-05 18:41:04', '2017-06-07 01:34:14', '02832544-8eca-4399-92a5-9d5f0f47a9df'),
 ('155', '138', '25', '3', '17', NULL, '2017-06-05 18:41:04', '2017-06-07 01:34:14', '369c8285-1a71-4e77-aad0-20ab841893e1'),
 ('156', '138', '25', '3', '18', NULL, '2017-06-05 18:41:04', '2017-06-07 01:34:14', '90ea4f70-c85b-4c63-a6d3-d0d6cadd29a4'),
 ('157', '138', '25', '3', '19', NULL, '2017-06-05 18:41:04', '2017-06-07 01:34:14', '641b8d7c-0f10-4aaf-8ab4-d7ef175fc465'),
 ('158', '138', '25', '3', '20', NULL, '2017-06-05 18:41:04', '2017-06-07 01:34:14', 'e0aec342-c7e8-4a3a-a1b6-dc567c0be7ab'),
 ('159', '138', '25', '3', '21', NULL, '2017-06-05 18:41:04', '2017-06-07 01:34:14', '212fea33-29e2-4706-aa93-b709c37f57a4'),
 ('160', '138', '25', '3', '22', NULL, '2017-06-05 18:41:04', '2017-06-07 01:34:14', '1e0ecfba-26d7-416b-a0ef-7a9be0a115b0'),
 ('161', '138', '25', '3', '23', NULL, '2017-06-05 18:41:04', '2017-06-07 01:34:14', 'd6e186e4-944e-4d9a-a612-800ac0d3b767'),
 ('163', '162', '25', '3', '1', NULL, '2017-06-05 18:43:53', '2017-06-05 21:06:10', 'cf684fa0-9b71-4855-b38c-01398a3d17a3'),
 ('164', '162', '25', '3', '2', NULL, '2017-06-05 18:43:53', '2017-06-05 21:06:10', '27fa1e01-cdb9-4797-85de-213935d02ed4'),
 ('165', '162', '25', '3', '3', NULL, '2017-06-05 18:43:53', '2017-06-05 21:06:10', '35adf294-1681-45bb-be12-eb3ec4735283'),
 ('166', '162', '25', '3', '4', NULL, '2017-06-05 18:43:53', '2017-06-05 21:06:10', '4da2140f-48bd-4a1e-9cf1-4636ae439c4c'),
 ('167', '162', '25', '3', '5', NULL, '2017-06-05 18:43:53', '2017-06-05 21:06:10', 'c5973a07-9cb4-4f14-b43c-98279087ab7a'),
 ('168', '162', '25', '3', '6', NULL, '2017-06-05 18:43:53', '2017-06-05 21:06:10', '40f50bc7-8477-4d27-8967-db64308a3d40'),
 ('170', '169', '25', '3', '1', NULL, '2017-06-05 18:48:22', '2017-06-07 01:38:10', 'caea4fac-e154-4e08-9cb6-c9d885334edd'),
 ('171', '169', '25', '3', '2', NULL, '2017-06-05 18:48:22', '2017-06-07 01:38:10', 'c1d1b7ff-796f-4a61-8ff4-9687bc1e84f3'),
 ('172', '169', '25', '3', '3', NULL, '2017-06-05 18:48:22', '2017-06-07 01:38:10', 'f0b3ddb0-8450-4747-ae6b-b9b89cfa4473'),
 ('173', '169', '25', '3', '4', NULL, '2017-06-05 18:48:22', '2017-06-07 01:38:10', 'ae97a3f1-994a-4dd9-b70b-d18b4303a882'),
 ('174', '169', '25', '3', '5', NULL, '2017-06-05 18:48:22', '2017-06-07 01:38:10', '0ff57659-13ea-4366-99db-f066918f6fc7'),
 ('175', '169', '25', '3', '6', NULL, '2017-06-05 18:48:22', '2017-06-07 01:38:10', 'cf58c4e8-24cc-4f5c-8426-e172bc29cc65'),
 ('176', '169', '25', '3', '7', NULL, '2017-06-05 18:48:22', '2017-06-07 01:38:10', '947b2a69-e200-44c5-a662-564db431c03f'),
 ('177', '169', '25', '3', '8', NULL, '2017-06-05 18:48:22', '2017-06-07 01:38:10', '764b247b-fd3e-4fdd-a88b-18ae9e813076'),
 ('178', '169', '25', '3', '9', NULL, '2017-06-05 18:48:22', '2017-06-07 01:38:10', 'dcc28b8b-7705-44ba-bcb0-d77c003deda5'),
 ('180', '179', '25', '3', '1', NULL, '2017-06-05 18:52:50', '2017-06-05 23:20:02', 'a9978a21-4d5c-4a60-a9fb-862ee2beb152'),
 ('181', '179', '25', '3', '2', NULL, '2017-06-05 18:52:50', '2017-06-05 23:20:02', '84b66c1a-2fcf-4a8a-88a5-2d7735f28bf4'),
 ('182', '179', '25', '3', '3', NULL, '2017-06-05 18:52:50', '2017-06-05 23:20:02', '7bf70ee8-b7cf-455e-815a-b503d243eb46'),
 ('183', '179', '25', '3', '4', NULL, '2017-06-05 18:52:50', '2017-06-05 23:20:02', 'd90d15c4-fc7c-4831-9ae3-605bf88090fc'),
 ('184', '179', '25', '3', '5', NULL, '2017-06-05 18:52:50', '2017-06-05 23:20:02', 'd30e4bbc-4390-4802-bff1-15ddad8bd435'),
 ('185', '179', '25', '3', '6', NULL, '2017-06-05 18:52:50', '2017-06-05 23:20:02', 'a2b00e2f-9633-4a90-a188-a9416b6c8756'),
 ('187', '186', '25', '3', '1', NULL, '2017-06-05 18:57:03', '2017-06-05 23:20:15', 'dd5a614f-ca3f-4317-b3be-d2bae93857eb'),
 ('188', '186', '25', '3', '2', NULL, '2017-06-05 18:57:03', '2017-06-05 23:20:15', 'f9836fb2-04f6-4f98-8be9-f075cc8423fc'),
 ('189', '186', '25', '3', '3', NULL, '2017-06-05 18:57:03', '2017-06-05 23:20:15', '12925fa7-220d-4ce1-a57e-54e6fc5e2ed6'),
 ('190', '186', '25', '3', '4', NULL, '2017-06-05 18:57:04', '2017-06-05 23:20:15', '1c7a4f39-2534-4108-993f-568a18cbb758'),
 ('191', '186', '25', '3', '5', NULL, '2017-06-05 18:57:04', '2017-06-05 23:20:15', '93ae7e58-3acc-471d-9b56-6e275c89b56a'),
 ('192', '186', '25', '3', '6', NULL, '2017-06-05 18:57:04', '2017-06-05 23:20:15', '3ce80548-cc13-4911-9e7c-e241474c9db4'),
 ('194', '193', '25', '3', '1', NULL, '2017-06-05 18:59:41', '2017-06-05 23:21:17', '33fdd78f-a052-481c-92cb-95980efd044b'),
 ('195', '193', '25', '3', '2', NULL, '2017-06-05 18:59:41', '2017-06-05 23:21:17', '8dae420f-ac30-41be-88fa-2ae484aa03bb'),
 ('196', '193', '25', '3', '3', NULL, '2017-06-05 18:59:41', '2017-06-05 23:21:17', 'c64c5a39-bfcd-445e-aa8c-0eb29c4f7630'),
 ('198', '197', '25', '3', '1', NULL, '2017-06-05 19:02:47', '2017-06-05 23:21:29', '57b827bd-b68c-4b42-9296-84874b444bf3'),
 ('199', '197', '25', '3', '2', NULL, '2017-06-05 19:02:47', '2017-06-05 23:21:29', 'd003406f-7562-4304-9432-4dd7497febb1'),
 ('200', '197', '25', '3', '3', NULL, '2017-06-05 19:02:47', '2017-06-05 23:21:29', 'd857f303-8e31-41db-afb5-35a092859b7c'),
 ('201', '197', '25', '3', '4', NULL, '2017-06-05 19:02:47', '2017-06-05 23:21:29', 'cabb863f-de7d-4994-a61a-e0e845e3ebaa'),
 ('203', '202', '25', '3', '1', NULL, '2017-06-05 19:05:21', '2017-06-05 23:21:42', '15bdc3c6-939c-46ba-a997-c80a1d380439'),
 ('204', '202', '25', '3', '2', NULL, '2017-06-05 19:05:22', '2017-06-05 23:21:42', 'f37e746d-3aae-417f-bc3a-1a559e8f2a3e'),
 ('205', '202', '25', '3', '3', NULL, '2017-06-05 19:05:22', '2017-06-05 23:21:42', 'b0ba6df6-a4e6-4e6f-9f9f-0eae64b0403f'),
 ('206', '202', '25', '3', '4', NULL, '2017-06-05 19:05:22', '2017-06-05 23:21:42', 'cedf2114-ddc3-48b2-a8fb-ebbe9151ff91'),
 ('208', '207', '25', '3', '1', NULL, '2017-06-05 19:06:40', '2017-06-05 23:22:03', '9b7dc831-e37e-4428-b469-a59ec11eba99'),
 ('209', '207', '25', '3', '2', NULL, '2017-06-05 19:06:40', '2017-06-05 23:22:03', 'ddd7de1e-ab50-4ec8-ab8c-53f1d05fcafa'),
 ('211', '210', '25', '3', '1', NULL, '2017-06-05 19:07:55', '2017-06-05 23:22:26', 'e5c0cde9-1695-4510-9a23-2a78ee08b780'),
 ('212', '210', '25', '3', '2', NULL, '2017-06-05 19:07:55', '2017-06-05 23:22:26', 'baefca31-bb3c-4709-a9aa-15fe116087de'),
 ('213', '210', '25', '3', '3', NULL, '2017-06-05 19:07:55', '2017-06-05 23:22:26', '59be9f99-1fa0-4066-8977-146ea4b84845'),
 ('215', '214', '25', '3', '1', NULL, '2017-06-05 19:09:11', '2017-06-07 01:37:21', 'c4a21263-c282-494d-8d7d-a6ab05021252'),
 ('217', '216', '25', '3', '1', NULL, '2017-06-05 19:10:26', '2017-06-07 01:37:02', 'f3e83ca2-67ec-46f9-8606-bb23ac11f73a'),
 ('218', '216', '25', '3', '2', NULL, '2017-06-05 19:10:27', '2017-06-07 01:37:02', '32883cd4-0585-493c-bd8f-5c9a987aec8e'),
 ('219', '216', '25', '3', '3', NULL, '2017-06-05 19:10:27', '2017-06-07 01:37:02', 'ee69f249-6907-4000-a0f0-c995263fa63c'),
 ('221', '220', '25', '3', '1', NULL, '2017-06-05 19:16:32', '2017-06-05 23:23:29', '984e5f2e-3f98-4f8a-a7bd-b9c53e715fdf'),
 ('222', '220', '25', '3', '2', NULL, '2017-06-05 19:16:32', '2017-06-05 23:23:29', '73255c06-58f6-48a8-9472-88919e5d7bfa'),
 ('223', '220', '25', '3', '3', NULL, '2017-06-05 19:16:32', '2017-06-05 23:23:29', 'e1d3d719-af40-4112-b451-01e6c4d452ed'),
 ('224', '220', '25', '3', '4', NULL, '2017-06-05 19:16:32', '2017-06-05 23:23:29', '8b4e04d4-18d2-4bc4-8f1c-d80a8c34c330'),
 ('225', '220', '25', '3', '5', NULL, '2017-06-05 19:16:32', '2017-06-05 23:23:29', '12e42601-75e8-4b62-a658-fbdb0a79923f');
INSERT INTO `brgsh_matrixblocks` (`id`, `ownerId`, `fieldId`, `typeId`, `sortOrder`, `ownerLocale`, `dateCreated`, `dateUpdated`, `uid`) VALUES
 ('226', '220', '25', '3', '6', NULL, '2017-06-05 19:16:32', '2017-06-05 23:23:29', '5d9c0f89-f719-44ac-a7bd-0f53293cd08a'),
 ('227', '220', '25', '3', '7', NULL, '2017-06-05 19:16:32', '2017-06-05 23:23:29', '78260ed1-17c9-4f86-b38f-2a4ee4f23742'),
 ('228', '220', '25', '3', '8', NULL, '2017-06-05 19:16:32', '2017-06-05 23:23:29', '330918b2-9923-49bf-afe9-dcdf3c2756c1'),
 ('229', '220', '25', '3', '9', NULL, '2017-06-05 19:16:32', '2017-06-05 23:23:29', '203e06e8-0766-4ac8-9f66-bb57a07f9a15'),
 ('231', '230', '25', '3', '1', NULL, '2017-06-05 19:22:12', '2017-06-05 23:23:44', '0b822403-cf3d-47b6-ad6b-1e9426f5b9dd'),
 ('232', '230', '25', '3', '2', NULL, '2017-06-05 19:22:12', '2017-06-05 23:23:44', '6107e86a-9bbd-4edb-8cc5-bb6b44a840c4'),
 ('233', '230', '25', '3', '3', NULL, '2017-06-05 19:22:12', '2017-06-05 23:23:44', 'c792e4c1-9cb7-4e4e-9f94-0ba9b23aeb09'),
 ('234', '230', '25', '3', '4', NULL, '2017-06-05 19:22:12', '2017-06-05 23:23:44', '220187fd-a451-4e28-9876-00af09aca022'),
 ('235', '230', '25', '3', '5', NULL, '2017-06-05 19:22:12', '2017-06-05 23:23:44', '82a4b77f-31f4-435e-b914-eac1d999ad16'),
 ('236', '230', '25', '3', '6', NULL, '2017-06-05 19:22:12', '2017-06-05 23:23:44', 'ea1a3227-3d59-4564-94b7-5a8070303528'),
 ('237', '230', '25', '3', '7', NULL, '2017-06-05 19:22:12', '2017-06-05 23:23:44', 'b50af8a9-2214-4e2a-88b4-7d4eb3f83e2c'),
 ('238', '230', '25', '3', '8', NULL, '2017-06-05 19:22:12', '2017-06-05 23:23:44', 'eef0a5fd-2925-4da4-bf54-c40d60990ddb');



DROP TABLE IF EXISTS `brgsh_matrixblocktypes`;


--
-- Schema for table `brgsh_matrixblocktypes`
--
CREATE TABLE `brgsh_matrixblocktypes` (
  `id` int(11) NOT NULL AUTO_INCREMENT,
  `fieldId` int(11) NOT NULL,
  `fieldLayoutId` int(11) DEFAULT NULL,
  `name` varchar(255) COLLATE utf8_unicode_ci NOT NULL,
  `handle` varchar(255) COLLATE utf8_unicode_ci NOT NULL,
  `sortOrder` smallint(6) unsigned DEFAULT NULL,
  `dateCreated` datetime NOT NULL,
  `dateUpdated` datetime NOT NULL,
  `uid` char(36) COLLATE utf8_unicode_ci NOT NULL DEFAULT '0',
  PRIMARY KEY (`id`),
  UNIQUE KEY `brgsh_matrixblocktypes_name_fieldId_unq_idx` (`name`,`fieldId`),
  UNIQUE KEY `brgsh_matrixblocktypes_handle_fieldId_unq_idx` (`handle`,`fieldId`),
  KEY `brgsh_matrixblocktypes_fieldId_fk` (`fieldId`),
  KEY `brgsh_matrixblocktypes_fieldLayoutId_fk` (`fieldLayoutId`)
) ENGINE=InnoDB AUTO_INCREMENT=4 DEFAULT CHARSET=utf8 COLLATE=utf8_unicode_ci;

--
-- Data for table `brgsh_matrixblocktypes`
--

INSERT INTO `brgsh_matrixblocktypes` (`id`, `fieldId`, `fieldLayoutId`, `name`, `handle`, `sortOrder`, `dateCreated`, `dateUpdated`, `uid`) VALUES
 ('1', '5', '20', 'Кнопка', 'sButton', '1', '2017-05-28 21:13:06', '2017-05-28 21:13:06', '180574f0-3769-4953-b2da-33713565b719'),
 ('2', '11', '67', 'Спецпредложение', 'special', '1', '2017-05-29 01:11:32', '2017-06-02 09:20:10', '637a8b69-a391-4f20-a7a5-51cd2f35e023'),
 ('3', '25', '56', 'Продукт', 'product', '1', '2017-05-30 22:47:01', '2017-05-30 22:54:47', '42882525-4839-4726-b712-2c0a98924f15');



DROP TABLE IF EXISTS `brgsh_matrixcontent_menuitem`;


--
-- Schema for table `brgsh_matrixcontent_menuitem`
--
CREATE TABLE `brgsh_matrixcontent_menuitem` (
  `id` int(11) NOT NULL AUTO_INCREMENT,
  `elementId` int(11) NOT NULL,
  `locale` char(12) COLLATE utf8_unicode_ci NOT NULL,
  `field_product_productName` text COLLATE utf8_unicode_ci,
  `field_product_description` text COLLATE utf8_unicode_ci,
  `field_product_price` text COLLATE utf8_unicode_ci,
  `field_product_extra` varchar(255) COLLATE utf8_unicode_ci DEFAULT NULL,
  `dateCreated` datetime NOT NULL,
  `dateUpdated` datetime NOT NULL,
  `uid` char(36) COLLATE utf8_unicode_ci NOT NULL DEFAULT '0',
  PRIMARY KEY (`id`),
  UNIQUE KEY `brgsh_matrixcontent_menuitem_elementId_locale_unq_idx` (`elementId`,`locale`),
  KEY `brgsh_matrixcontent_menuitem_locale_fk` (`locale`)
) ENGINE=InnoDB AUTO_INCREMENT=102 DEFAULT CHARSET=utf8 COLLATE=utf8_unicode_ci;

--
-- Data for table `brgsh_matrixcontent_menuitem`
--

INSERT INTO `brgsh_matrixcontent_menuitem` (`id`, `elementId`, `locale`, `field_product_productName`, `field_product_description`, `field_product_price`, `field_product_extra`, `dateCreated`, `dateUpdated`, `uid`) VALUES
 ('1', '122', 'ru_ru', 'БЕРГШТАЙН', 'домашнее светлое', '190 р.', '', '2017-06-05 18:23:31', '2017-06-07 01:19:01', 'fef97566-843a-4561-9751-18943aff854e'),
 ('2', '123', 'ru_ru', 'БЕРГШТАЙН', 'благородное красное', '260 р.', '', '2017-06-05 18:23:31', '2017-06-07 01:19:01', '004252f8-69cf-43c1-aebf-eb3dbec82cde'),
 ('3', '124', 'ru_ru', 'Heineken', '', '270 р.', '', '2017-06-05 18:23:31', '2017-06-07 01:19:01', '8381b134-3421-432b-89ad-7b15cc631e76'),
 ('4', '125', 'ru_ru', 'Крушовице', 'темное', '290 р.', '', '2017-06-05 18:23:31', '2017-06-07 01:19:01', 'ffdaf661-b120-496e-ad4a-99ce830f320c'),
 ('5', '126', 'ru_ru', 'Edelweiss', 'нефильтрованное', '240 р.', '', '2017-06-05 18:23:31', '2017-06-07 01:19:01', 'c8d84087-608d-4c3a-81d1-550339e1e4c6'),
 ('6', '127', 'ru_ru', 'Guinness Ирландия', 'спец-цена', '390 р.', '[\"sale\"]', '2017-06-05 18:23:31', '2017-06-07 01:19:01', 'f3153938-ae0a-466d-ad95-cf79f2c0f742'),
 ('7', '128', 'ru_ru', 'СИДР ', 'грушевый полусладкий', '240 р.', '', '2017-06-05 18:23:31', '2017-06-07 01:19:01', 'f0ec9f0a-6036-4ba1-b8db-ea98a553b06d'),
 ('9', '131', 'ru_ru', 'American или Indian Pale Ale	', '', '290 р.', '', '2017-06-05 18:25:50', '2017-06-05 21:12:18', 'f0c39495-fad2-4ab5-a487-0d74e676eb0f'),
 ('10', '132', 'ru_ru', 'Rouge De Fleur ', 'Вишневое пшеничное', '290 р.', '', '2017-06-05 18:25:50', '2017-06-05 21:12:18', '2cd41ed7-3f20-4b82-8fbc-aface64fd10a'),
 ('11', '134', 'ru_ru', 'JAWS BREWERY', 'в асс.', '290 р.', '', '2017-06-05 18:29:10', '2017-06-05 21:12:30', 'd44913db-d9e2-4cb4-b771-5dfaf71c19f6'),
 ('12', '135', 'ru_ru', 'KONIX BREWERY', 'в асс.', '290 р.', '', '2017-06-05 18:29:10', '2017-06-05 21:12:30', 'fcb86c9b-5e61-442f-bdfe-398baa5ec423'),
 ('13', '136', 'ru_ru', 'DE MOLEN', 'в асс. спец-цена', '390 р.', '', '2017-06-05 18:29:10', '2017-06-05 21:12:30', 'c4271a0c-68aa-4382-90e0-c669da7281b3'),
 ('14', '137', 'ru_ru', 'Безалкогольное пиво Клаусталер', '0.33 мл.', '390 р.', '', '2017-06-05 18:29:10', '2017-06-05 21:12:30', '568ce218-9922-4af0-b015-c64c42ee150d'),
 ('15', '139', 'ru_ru', 'Виски-кола, Ром-кола, Джин-тоник ', '200 мл.', '360 р.', '', '2017-06-05 18:41:04', '2017-06-07 01:34:14', '323fa09e-1b20-4811-ab3f-023e5205cbbc'),
 ('16', '140', 'ru_ru', 'Кампари Орандж', '200 мл.', '360 р.', '', '2017-06-05 18:41:04', '2017-06-07 01:34:14', '6a1e190f-a551-4463-9679-7688e68ba315'),
 ('17', '141', 'ru_ru', 'Аперол Спритц', '200 мл.', '390 р.', '', '2017-06-05 18:41:04', '2017-06-07 01:34:14', '3d8ed5eb-5b35-439d-96ee-c75e3bc15e23'),
 ('18', '142', 'ru_ru', 'Клубничный Мохито', '250 мл.', '480 р.', '', '2017-06-05 18:41:04', '2017-06-07 01:34:14', '46381a82-d405-4497-98f8-e926abc04c2c'),
 ('19', '143', 'ru_ru', 'Мохито', '250 мл.', '470 р.', '', '2017-06-05 18:41:04', '2017-06-07 01:34:14', '76c9167e-4463-4990-8e16-1066bd22f0e7'),
 ('20', '144', 'ru_ru', 'Клубничный дайкири', '150 мл.', '440 р.', '', '2017-06-05 18:41:04', '2017-06-07 01:34:14', '651dfa4a-d520-4026-aa92-d573ec19e81b'),
 ('21', '145', 'ru_ru', 'Дайкири', '150 мл.', '390 р.', '', '2017-06-05 18:41:04', '2017-06-07 01:34:14', 'af202ffa-35c8-4d9b-913c-aa3aef45b876'),
 ('22', '146', 'ru_ru', 'Текила бум', '150 мл.', '360 р.', '', '2017-06-05 18:41:04', '2017-06-07 01:34:14', '962b2c5b-0c39-4ecc-a045-055dff14bfaa'),
 ('23', '147', 'ru_ru', 'Текила санрайз', '200 мл.', '420 р.', '', '2017-06-05 18:41:04', '2017-06-07 01:34:14', '1ef9f23c-86b1-4be8-b871-6e7ca399e92e'),
 ('24', '148', 'ru_ru', 'Маргарита', '150 мл.', '460 р.', '', '2017-06-05 18:41:04', '2017-06-07 01:34:14', '3b0ce607-135c-4a5d-bda5-6aaf4bc1e9b1'),
 ('25', '149', 'ru_ru', 'Маргарита клубничная', '150 мл.', '480 р.', '', '2017-06-05 18:41:04', '2017-06-07 01:34:14', '0e46a2f9-9ff3-4e47-a282-9a54de3fca7c'),
 ('26', '150', 'ru_ru', 'Голубая Лагуна', '200 мл.', '390 р.', '', '2017-06-05 18:41:04', '2017-06-07 01:34:14', '85257e11-1476-4410-9e87-5ea535bb5a83'),
 ('27', '151', 'ru_ru', 'Белый русский', '150 мл.', '390 р.', '', '2017-06-05 18:41:04', '2017-06-07 01:34:14', 'e6925765-2aa0-4ebe-8887-f91017604ea1'),
 ('28', '152', 'ru_ru', 'Космополитен', '150 мл.', '390 р.', '', '2017-06-05 18:41:04', '2017-06-07 01:34:14', 'e2991532-bf1f-4c41-a00d-5d248d43b1ee'),
 ('29', '153', 'ru_ru', 'Секс на пляже', '200 мл.', '420 р.', '', '2017-06-05 18:41:04', '2017-06-07 01:34:14', '8256e30b-d919-4ca5-80bf-f89fac0ee775'),
 ('30', '154', 'ru_ru', 'Оргазм	', '150 мл.', '390 р.', '', '2017-06-05 18:41:04', '2017-06-07 01:34:14', '8dbaf437-d9be-4da7-9ddc-b3a741a5f92a'),
 ('31', '155', 'ru_ru', 'Негрони', '150 мл.', '390 р.', '', '2017-06-05 18:41:04', '2017-06-07 01:34:14', '00acc87d-16d0-4488-b79e-60c6e0892253'),
 ('32', '156', 'ru_ru', 'Пина колада', '200 мл.', '440 р.', '', '2017-06-05 18:41:04', '2017-06-07 01:34:14', '56ca3de1-e77c-4f8e-8655-f25f5ca8afc5'),
 ('33', '157', 'ru_ru', 'Лонг Айленд АйсТи', '250 мл.', '490 р.', '', '2017-06-05 18:41:04', '2017-06-07 01:34:14', '08d81183-1e0b-4f16-80dd-b3dd71f98899'),
 ('34', '158', 'ru_ru', 'Б-52 или Б-53', '45 мл.', '390 р.', '', '2017-06-05 18:41:04', '2017-06-07 01:34:14', '9cd6bbb9-851c-484d-a112-661f156951be'),
 ('35', '159', 'ru_ru', 'Боярский', '45 мл.', '290 р.', '', '2017-06-05 18:41:04', '2017-06-07 01:34:14', '109457ac-89e9-474b-8c2a-2ba575c0c3ec'),
 ('36', '160', 'ru_ru', 'Унесенные ветром', '200 мл.', '490 р.', '', '2017-06-05 18:41:04', '2017-06-07 01:34:14', '1f7bfa3b-eebf-4afb-9393-7959ced8e58c'),
 ('37', '161', 'ru_ru', 'Прыжок Диавола', '250 мл.', '490 р.', '', '2017-06-05 18:41:04', '2017-06-07 01:34:14', '05905849-17bc-483f-80ea-49b8e05d84b3'),
 ('38', '163', 'ru_ru', 'Хреновуха', 'собственного приготовления', '130 р.', '', '2017-06-05 18:43:53', '2017-06-05 21:06:10', '73b419ad-4a31-4c0b-882c-471540e55bfb'),
 ('39', '164', 'ru_ru', 'Пять Озер', '', '130 р.', '', '2017-06-05 18:43:53', '2017-06-05 21:06:10', '8de473c2-edc2-4d00-b18c-88a6c0009951'),
 ('40', '165', 'ru_ru', 'Хаски', '', '210 р.', '', '2017-06-05 18:43:53', '2017-06-05 21:06:10', 'b6f4a05b-7164-4a45-9708-f3257bc70c92'),
 ('41', '166', 'ru_ru', 'Белая Березка', '', '240 р.', '', '2017-06-05 18:43:53', '2017-06-05 21:06:10', '4f9f61cc-d33f-465d-bfbc-849580b77814'),
 ('42', '167', 'ru_ru', 'Русский Стандарт', '', '260 р.', '', '2017-06-05 18:43:53', '2017-06-05 21:06:10', '1e1b98f7-d261-4b53-a890-fc151498b7b7'),
 ('43', '168', 'ru_ru', 'Финляндия, Финляндия клюква', '', '280 р.', '', '2017-06-05 18:43:53', '2017-06-05 21:06:10', 'cad3cb84-7250-43dd-8467-5d59399b2e2b'),
 ('44', '170', 'ru_ru', 'Вильям Лоусонс', '', '290 р.', '', '2017-06-05 18:48:22', '2017-06-07 01:38:10', '209a0215-6974-4dba-8b41-07e61df90bb7'),
 ('45', '171', 'ru_ru', 'Дюарс Уайт Лейбл', '', '340 р.', '', '2017-06-05 18:48:22', '2017-06-07 01:38:10', 'e202c883-ae9d-48d7-8ba1-6e779f63dc19'),
 ('46', '172', 'ru_ru', 'Глен Грант 5 лет', '', '550 р.', '', '2017-06-05 18:48:22', '2017-06-07 01:38:10', '69ae90b5-b7d9-481e-97f9-47768355937a'),
 ('47', '173', 'ru_ru', 'Red label, Ballantines', '', '330 р.', '', '2017-06-05 18:48:22', '2017-06-07 01:38:10', '787457b6-48b7-4573-99c3-fb34780cec48'),
 ('48', '174', 'ru_ru', 'Jameson', '', '350 р.', '', '2017-06-05 18:48:22', '2017-06-07 01:38:10', '2f4f2ba3-a14f-4241-b593-05a40583d232'),
 ('49', '175', 'ru_ru', 'Jack Daniels, Jim Beam', '', '390 р.', '', '2017-06-05 18:48:22', '2017-06-07 01:38:10', 'd0c87087-089b-44e1-bae3-df02c6ab422d'),
 ('50', '176', 'ru_ru', 'Black label, Chivas Regal', '', '490 р.', '', '2017-06-05 18:48:22', '2017-06-07 01:38:10', 'be96c37b-1c9b-4422-bae0-8b46a65d3040'),
 ('51', '177', 'ru_ru', 'Армянский 3* / 5*', '', '290 р. / 330 р.', '', '2017-06-05 18:48:22', '2017-06-07 01:38:10', 'd8c4fc1a-b828-4fff-b748-bdff98eae941'),
 ('52', '178', 'ru_ru', 'Remy Martin VS / VSOP', '', '490 р. / 890 р.', '', '2017-06-05 18:48:22', '2017-06-07 01:38:10', 'a179a260-99a7-42a4-a6d3-5155018e4025'),
 ('53', '180', 'ru_ru', 'Bacardi Superior', '', '290 р.', '', '2017-06-05 18:52:50', '2017-06-05 23:20:02', '69a17ed1-39a7-4253-b491-d5d2d0fb1e04'),
 ('54', '181', 'ru_ru', 'Bacardi Black, Oakheart spiced', '', '330 р.', '', '2017-06-05 18:52:50', '2017-06-05 23:20:02', '239bd8e2-108b-471b-bb57-3f58df235795'),
 ('55', '182', 'ru_ru', 'Captain Morgan', 'Black / Spiced Gold', '320 р.', '', '2017-06-05 18:52:50', '2017-06-05 23:20:02', 'd0b3db78-9913-4ed5-b0c7-659b0aa09157'),
 ('56', '183', 'ru_ru', 'Messicano', 'silver/gold', '290 р.', '', '2017-06-05 18:52:50', '2017-06-05 23:20:02', '9ff02b39-6f1d-4549-8a24-3d89b7d5a29b'),
 ('57', '184', 'ru_ru', 'Sauza / Olmeka', 'silver/gold', '330 р.', '', '2017-06-05 18:52:50', '2017-06-05 23:20:02', 'f2cf1747-17ce-4b3f-9e07-1d8a9b4bc142'),
 ('58', '185', 'ru_ru', 'Бифитер', '', '220 р.', '', '2017-06-05 18:52:50', '2017-06-05 23:20:02', '39b20b98-a862-4adf-8ef5-a0465a559974'),
 ('59', '187', 'ru_ru', 'Мартини', 'в ассортименте', '190 р.', '', '2017-06-05 18:57:03', '2017-06-05 23:20:15', '0f8a04a4-5f0d-489c-9754-c72856a4115c'),
 ('60', '188', 'ru_ru', 'Кампари / Аперол', '', '250 р.', '', '2017-06-05 18:57:03', '2017-06-05 23:20:15', '1d1f9094-dd4d-4029-884a-b312daf735a3'),
 ('61', '189', 'ru_ru', 'Ягермайстер	/ Бехеровка', '', '290 р.', '', '2017-06-05 18:57:03', '2017-06-05 23:20:15', '3e1a3625-933c-4b2a-bc26-aab5a1655f89'),
 ('62', '190', 'ru_ru', 'Самбука', '', '290 р.', '', '2017-06-05 18:57:03', '2017-06-05 23:20:15', '47b27eda-f6cc-47e2-90f9-2e9a1818fb08'),
 ('63', '191', 'ru_ru', 'Бейлис / Калуа / Куантро', '', '290 р.', '', '2017-06-05 18:57:04', '2017-06-05 23:20:15', 'e466da74-3ca8-4b2a-b50e-1568b6d62589'),
 ('64', '192', 'ru_ru', 'Лимончелло / Абсент', '', '290 р. / 390 р.', '', '2017-06-05 18:57:04', '2017-06-05 23:20:15', '75fb5767-92c4-4ec2-b6a5-0a3740241c37'),
 ('65', '194', 'ru_ru', 'Просекко', 'Италия', '1900 р.', '', '2017-06-05 18:59:41', '2017-06-05 23:21:17', 'f13f9623-7258-40da-9361-18b1e139a8f0'),
 ('66', '195', 'ru_ru', 'Ламбруско ', 'белое / красное п/сладкое', '1700 р. ', '', '2017-06-05 18:59:41', '2017-06-05 23:21:17', '4563fc0b-e196-4a4e-a687-97f3fc7ec04c'),
 ('67', '196', 'ru_ru', 'Шампанское ', 'бок / бут	', '180 р. / 900 р.', '', '2017-06-05 18:59:41', '2017-06-05 23:21:17', '44b7ab23-cce1-46a2-99fa-899ff6e1a887'),
 ('68', '198', 'ru_ru', 'Вино по бокалам', 'Франция, Италия', '180 р. / 900 р.', '', '2017-06-05 19:02:47', '2017-06-05 23:21:29', 'd51cbd4d-eb99-4582-9b35-1767605c4945'),
 ('69', '199', 'ru_ru', 'Нурагусди Кальяри DOC', 'Италия сух.', '1600 р.', '', '2017-06-05 19:02:47', '2017-06-05 23:21:29', '1e90c0e9-2129-464b-9b21-a94749bf8b38'),
 ('70', '200', 'ru_ru', 'Бордо Блан', 'сух / полусладкое', '1800 р.', '', '2017-06-05 19:02:47', '2017-06-05 23:21:29', 'fe5edcca-b5d4-46f1-b520-994b785fad4f'),
 ('71', '201', 'ru_ru', 'Пино Гриджио', 'Италия сух.', '1800 р.', '', '2017-06-05 19:02:47', '2017-06-05 23:21:29', 'a2a63fa3-a1e1-45a3-80f2-131e7f53791b'),
 ('72', '203', 'ru_ru', 'Вино по бокалам', 'Франция, Италия', '180 р. / 900 р.', '', '2017-06-05 19:05:21', '2017-06-05 23:21:42', '05d08cec-f739-4eb0-bc6d-4f10c27d048a'),
 ('73', '204', 'ru_ru', 'Монтепульчано', 'Италия сух.', '1800 р.', '', '2017-06-05 19:05:21', '2017-06-05 23:21:42', 'ceb84662-1995-4161-a7ad-2ed65b14e4f7'),
 ('74', '205', 'ru_ru', 'Бордо Руж', 'Франция сух.', '1800 р.', '', '2017-06-05 19:05:22', '2017-06-05 23:21:42', '944f2159-3615-4f9e-9bbf-5fbcdf3e70e0'),
 ('75', '206', 'ru_ru', 'Киндзмараули', 'Грузия полусладкое', '1900 р.', '', '2017-06-05 19:05:22', '2017-06-05 23:21:42', '0f762c92-a76c-4314-981e-565852a3de83'),
 ('76', '208', 'ru_ru', 'Глинтвейн / Грог', '', '290 р.', '', '2017-06-05 19:06:40', '2017-06-05 23:22:03', '1f8ac6aa-f267-43eb-a7a8-5795054e25cc'),
 ('77', '209', 'ru_ru', 'Айриш кофе / Бейлис кофе', '', '320 р.', '', '2017-06-05 19:06:40', '2017-06-05 23:22:03', 'ebface1a-c6d4-4155-86e0-efe2c1942d21'),
 ('78', '211', 'ru_ru', 'Трезвый Мохито', '', '260 р.', '', '2017-06-05 19:07:55', '2017-06-05 23:22:26', 'ea931706-be13-4fcc-9e84-81a2bc0abd18'),
 ('79', '212', 'ru_ru', 'Трезвый Клубничный Мохито', '', '280 р.', '', '2017-06-05 19:07:55', '2017-06-05 23:22:26', '5ec2315b-e100-46a8-8b59-5032c05b749b'),
 ('80', '213', 'ru_ru', 'Беби Колада / Тропикана', '', '220 р.', '', '2017-06-05 19:07:55', '2017-06-05 23:22:26', '33e86c63-7ddd-4f40-8a97-3122a17ed083'),
 ('81', '215', 'ru_ru', 'Цитрусовый / Мятно-кокосовый / Имбирно-апельсиновый / Виноградно-яблочный', '', '290 р.', '', '2017-06-05 19:09:11', '2017-06-07 01:37:21', '17fb0dd1-4951-499e-adad-995f669708f2'),
 ('82', '217', 'ru_ru', 'Апельсиновый, грейпфрутовый ', '', '330 р.', '', '2017-06-05 19:10:26', '2017-06-07 01:37:02', '2d7940d2-62d2-4605-bfa4-77149649aff5'),
 ('83', '218', 'ru_ru', 'Яблочный, морковный ', '', '360 р.', '', '2017-06-05 19:10:26', '2017-06-07 01:37:02', 'f846ba9d-2e1a-4550-8fbd-fd19f28d2fa0'),
 ('84', '219', 'ru_ru', 'Ананасовый', '', '490 р.', '', '2017-06-05 19:10:27', '2017-06-07 01:37:02', 'c48d4e07-5b21-48b3-ab61-bacdcd85bdd5'),
 ('85', '221', 'ru_ru', 'Кока кола', '200 мл.', '80 р.', '', '2017-06-05 19:16:32', '2017-06-05 23:23:29', 'ce70304f-7024-46e6-8528-91fc02202c6c'),
 ('86', '222', 'ru_ru', 'Кола, тоник, спрайт бут. стекло', '200 мл.', '120 р.', '', '2017-06-05 19:16:32', '2017-06-05 23:23:29', 'ef46f0ff-5fa8-46a8-8eb9-6078da413919'),
 ('87', '223', 'ru_ru', 'Морс клюквенный, облепиховый', '200 мл.', '90 р.', '', '2017-06-05 19:16:32', '2017-06-05 23:23:29', 'a637f78c-8998-40bf-8940-3153642cb0ea'),
 ('88', '224', 'ru_ru', 'Соки в ассортименте', '200 мл.', '80 р.', '', '2017-06-05 19:16:32', '2017-06-05 23:23:29', '10d1244f-9232-4c56-af6e-2f9ed1e4815b'),
 ('89', '225', 'ru_ru', 'Нарзан с/г', '500 мл.', '190 р.', '', '2017-06-05 19:16:32', '2017-06-05 23:23:29', '25be8777-ee88-4f9a-8d16-51cebd0a1614'),
 ('90', '226', 'ru_ru', 'Бон Аква с/г, б/г', '500 мл.', '160 р.', '', '2017-06-05 19:16:32', '2017-06-05 23:23:29', 'f20d4266-c39d-41ff-b316-73d36f8611d7'),
 ('91', '227', 'ru_ru', 'Перье с/г / Виттель б/г', '330 мл.', '280 р.', '', '2017-06-05 19:16:32', '2017-06-05 23:23:29', 'b5ffe266-3ffb-4094-9fee-751993b36c35'),
 ('92', '228', 'ru_ru', 'Red Bull', '250 мл.', '280 р.', '', '2017-06-05 19:16:32', '2017-06-05 23:23:29', '1079613b-ec68-48ab-b783-94fa8368f112'),
 ('93', '229', 'ru_ru', 'Молочный коктейль в асс.', '300 мл.', '330 р.', '', '2017-06-05 19:16:32', '2017-06-05 23:23:29', 'c3b0ff6b-c92d-46b4-b359-60efef701c9b'),
 ('94', '231', 'ru_ru', 'Зеленая сенча / жасмин', '', '190 р.', '', '2017-06-05 19:22:12', '2017-06-05 23:23:44', 'ca618224-ad45-4678-aa80-63a2f13d874d'),
 ('95', '232', 'ru_ru', 'Цейлонский с чабрецом / мятой', '', '190 р.', '', '2017-06-05 19:22:12', '2017-06-05 23:23:44', '12d28a31-aad4-474a-92c2-ad86f658d338'),
 ('96', '233', 'ru_ru', 'Эрл Грей / Пуэр / Улун молочный  ', '', '190 р.', '', '2017-06-05 19:22:12', '2017-06-05 23:23:44', '820a638d-76ab-4e92-83f8-0782f3b8e938'),
 ('97', '234', 'ru_ru', 'Эспрессо', '50 мл.', '140 р.', '', '2017-06-05 19:22:12', '2017-06-05 23:23:44', '87f956fd-6760-4e58-acfd-80ebdb14d3a1'),
 ('98', '235', 'ru_ru', 'Двойной эспрессо', '100 мл.', '190 р.', '', '2017-06-05 19:22:12', '2017-06-05 23:23:44', '6ce0279e-7fd8-4fa5-a4ff-fe363f64f5eb'),
 ('99', '236', 'ru_ru', 'Американо', '100 мл.', '170 р.', '', '2017-06-05 19:22:12', '2017-06-05 23:23:44', '8054c8e5-1178-444f-865b-7602062e76e7'),
 ('100', '237', 'ru_ru', 'Капучино', '150 мл.', '220 р.', '', '2017-06-05 19:22:12', '2017-06-05 23:23:44', '522bdc0d-f022-45ab-a041-591660448164'),
 ('101', '238', 'ru_ru', 'Латте', '150 мл.', '240 р.', '', '2017-06-05 19:22:12', '2017-06-05 23:23:44', '9c342529-3659-4c0c-a08b-90f5b8faea12');



DROP TABLE IF EXISTS `brgsh_matrixcontent_sliderlink`;


--
-- Schema for table `brgsh_matrixcontent_sliderlink`
--
CREATE TABLE `brgsh_matrixcontent_sliderlink` (
  `id` int(11) NOT NULL AUTO_INCREMENT,
  `elementId` int(11) NOT NULL,
  `locale` char(12) COLLATE utf8_unicode_ci NOT NULL,
  `field_sButton_sLink` text COLLATE utf8_unicode_ci,
  `field_sButton_sName` text COLLATE utf8_unicode_ci,
  `dateCreated` datetime NOT NULL,
  `dateUpdated` datetime NOT NULL,
  `uid` char(36) COLLATE utf8_unicode_ci NOT NULL DEFAULT '0',
  PRIMARY KEY (`id`),
  UNIQUE KEY `brgsh_matrixcontent_sliderlink_elementId_locale_unq_idx` (`elementId`,`locale`),
  KEY `brgsh_matrixcontent_sliderlink_locale_fk` (`locale`)
) ENGINE=InnoDB AUTO_INCREMENT=9 DEFAULT CHARSET=utf8 COLLATE=utf8_unicode_ci;

--
-- Data for table `brgsh_matrixcontent_sliderlink`
--

INSERT INTO `brgsh_matrixcontent_sliderlink` (`id`, `elementId`, `locale`, `field_sButton_sLink`, `field_sButton_sName`, `dateCreated`, `dateUpdated`, `uid`) VALUES
 ('1', '52', 'ru_ru', '/gallery', 'Посмотреть', '2017-05-28 21:14:16', '2017-05-31 03:01:58', '3e806c31-6452-4b1a-8e71-3d258986c135'),
 ('2', '60', 'ru_ru', '/menu', 'Перейти', '2017-05-28 23:00:11', '2017-05-31 03:01:28', 'f06f6d88-7b5b-46c4-99bf-98f18016f71d'),
 ('3', '106', 'ru_ru', '/gallery', 'Посмотреть', '2017-06-02 08:14:49', '2017-06-02 08:15:31', 'c7b42d87-1905-4e58-b546-0fd944ce2ebb'),
 ('4', '108', 'ru_ru', '/gallery', 'Посмотреть', '2017-06-02 08:14:52', '2017-06-02 08:15:45', 'a5676f6b-7d0f-4b1d-b025-3553e3436369'),
 ('5', '110', 'ru_ru', '/gallery', 'Посмотреть', '2017-06-02 08:14:54', '2017-06-02 08:15:53', 'ea790911-4b56-4196-9e7d-8387a4bc5884'),
 ('6', '112', 'ru_ru', '/menu', 'Перейти', '2017-06-02 08:16:02', '2017-06-02 08:16:22', 'aeb3e29a-8363-41af-83b0-5978dc5d1b87'),
 ('7', '114', 'ru_ru', '/menu', 'Перейти', '2017-06-02 08:16:04', '2017-06-02 08:16:32', '651980f7-b217-44b1-b725-2418115fbf80'),
 ('8', '116', 'ru_ru', '/menu', 'Перейти', '2017-06-02 08:16:06', '2017-06-02 08:16:42', '89e91b13-5b2a-47d8-a073-f039b8471fbc');



DROP TABLE IF EXISTS `brgsh_matrixcontent_specials`;


--
-- Schema for table `brgsh_matrixcontent_specials`
--
CREATE TABLE `brgsh_matrixcontent_specials` (
  `id` int(11) NOT NULL AUTO_INCREMENT,
  `elementId` int(11) NOT NULL,
  `locale` char(12) COLLATE utf8_unicode_ci NOT NULL,
  `field_special_specialName` text COLLATE utf8_unicode_ci,
  `field_special_description` text COLLATE utf8_unicode_ci,
  `dateCreated` datetime NOT NULL,
  `dateUpdated` datetime NOT NULL,
  `uid` char(36) COLLATE utf8_unicode_ci NOT NULL DEFAULT '0',
  PRIMARY KEY (`id`),
  UNIQUE KEY `brgsh_matrixcontent_specials_elementId_locale_unq_idx` (`elementId`,`locale`),
  KEY `brgsh_matrixcontent_specials_locale_fk` (`locale`)
) ENGINE=InnoDB AUTO_INCREMENT=5 DEFAULT CHARSET=utf8 COLLATE=utf8_unicode_ci;

--
-- Data for table `brgsh_matrixcontent_specials`
--

INSERT INTO `brgsh_matrixcontent_specials` (`id`, `elementId`, `locale`, `field_special_specialName`, `field_special_description`, `dateCreated`, `dateUpdated`, `uid`) VALUES
 ('1', '63', 'ru_ru', 'Микс-дринки по спец-цене', '<p>Виски-кола, ром-кола, текила, самбука, джин-тоник, глинтвейн по 99руб. Скидка 50% на кальян. До 18:00.</p>', '2017-05-29 01:21:41', '2017-06-06 13:00:36', '4c09b358-f148-4660-a717-f8e53a5989bd'),
 ('2', '64', 'ru_ru', 'Спец-цена на пиво', '<p>Домашнее пиво - 75руб за 0.5 литра до 18:00</p>', '2017-05-29 01:21:41', '2017-06-06 13:00:36', '99193e6e-67f4-4463-84af-a0857fc8ffc9'),
 ('3', '65', 'ru_ru', 'Скидка 30%', '<p>Скидка 30% на все меню, кроме спец-цены, до 18:00.</p>', '2017-05-29 01:21:41', '2017-06-06 13:00:36', '26c95312-8e9e-4e0b-8991-1d4661d20110'),
 ('4', '66', 'ru_ru', 'Спец-цена на пиццу', '<p>Итальянская пицца на тонком тесте 33см за 490руб или на вынос за 343руб.</p>', '2017-05-29 01:21:42', '2017-06-06 13:00:36', '011da9f7-1ff3-48b3-b366-479834f89e9a');



DROP TABLE IF EXISTS `brgsh_migrations`;


--
-- Schema for table `brgsh_migrations`
--
CREATE TABLE `brgsh_migrations` (
  `id` int(11) NOT NULL AUTO_INCREMENT,
  `pluginId` int(11) DEFAULT NULL,
  `version` varchar(255) COLLATE utf8_unicode_ci NOT NULL,
  `applyTime` datetime NOT NULL,
  `dateCreated` datetime NOT NULL,
  `dateUpdated` datetime NOT NULL,
  `uid` char(36) COLLATE utf8_unicode_ci NOT NULL DEFAULT '0',
  PRIMARY KEY (`id`),
  UNIQUE KEY `brgsh_migrations_version_unq_idx` (`version`),
  KEY `brgsh_migrations_pluginId_fk` (`pluginId`)
) ENGINE=InnoDB AUTO_INCREMENT=40 DEFAULT CHARSET=utf8 COLLATE=utf8_unicode_ci;

--
-- Data for table `brgsh_migrations`
--

INSERT INTO `brgsh_migrations` (`id`, `pluginId`, `version`, `applyTime`, `dateCreated`, `dateUpdated`, `uid`) VALUES
 ('1', NULL, 'm000000_000000_base', '2017-05-27 01:12:19', '2017-05-27 01:12:19', '2017-05-27 01:12:19', '3e52703c-2af0-4e78-a6b1-3421dbe62d1e'),
 ('2', NULL, 'm140730_000001_add_filename_and_format_to_transformindex', '2017-05-27 01:12:19', '2017-05-27 01:12:19', '2017-05-27 01:12:19', '05128747-7414-45ad-8708-3c16b788316d'),
 ('3', NULL, 'm140815_000001_add_format_to_transforms', '2017-05-27 01:12:19', '2017-05-27 01:12:19', '2017-05-27 01:12:19', '717683be-7d4f-48f6-a8f3-8acf6a02a5a2'),
 ('4', NULL, 'm140822_000001_allow_more_than_128_items_per_field', '2017-05-27 01:12:19', '2017-05-27 01:12:19', '2017-05-27 01:12:19', '75cdd0fc-eb9f-4171-9121-a2c3beb0df22'),
 ('5', NULL, 'm140829_000001_single_title_formats', '2017-05-27 01:12:19', '2017-05-27 01:12:19', '2017-05-27 01:12:19', '742602d4-47a5-4cf6-9cf7-0ae22d15b278'),
 ('6', NULL, 'm140831_000001_extended_cache_keys', '2017-05-27 01:12:19', '2017-05-27 01:12:19', '2017-05-27 01:12:19', '0160698d-e3f0-44d1-a3fb-d4e623554f72'),
 ('7', NULL, 'm140922_000001_delete_orphaned_matrix_blocks', '2017-05-27 01:12:19', '2017-05-27 01:12:19', '2017-05-27 01:12:19', '2342400a-1186-44a9-826e-91671e176ac2'),
 ('8', NULL, 'm141008_000001_elements_index_tune', '2017-05-27 01:12:19', '2017-05-27 01:12:19', '2017-05-27 01:12:19', 'f3c263ae-f5c6-40dd-8cd4-9bac8dd0893b'),
 ('9', NULL, 'm141009_000001_assets_source_handle', '2017-05-27 01:12:19', '2017-05-27 01:12:19', '2017-05-27 01:12:19', '0a735c8b-0828-4e4a-921c-153ddc10d5f4'),
 ('10', NULL, 'm141024_000001_field_layout_tabs', '2017-05-27 01:12:19', '2017-05-27 01:12:19', '2017-05-27 01:12:19', '25892339-d019-4f17-8a6c-cd191979f732'),
 ('11', NULL, 'm141030_000000_plugin_schema_versions', '2017-05-27 01:12:19', '2017-05-27 01:12:19', '2017-05-27 01:12:19', '60cc4062-b256-43ac-b5de-dc1e4e8eded3'),
 ('12', NULL, 'm141030_000001_drop_structure_move_permission', '2017-05-27 01:12:19', '2017-05-27 01:12:19', '2017-05-27 01:12:19', 'c42bca3e-a6fa-4ba9-8388-0c42edc41170'),
 ('13', NULL, 'm141103_000001_tag_titles', '2017-05-27 01:12:19', '2017-05-27 01:12:19', '2017-05-27 01:12:19', 'ff494b11-7d41-4fa8-aa99-06e244aeeeb1'),
 ('14', NULL, 'm141109_000001_user_status_shuffle', '2017-05-27 01:12:19', '2017-05-27 01:12:19', '2017-05-27 01:12:19', 'c4185c2c-6d14-4951-b422-9772b2c826c0'),
 ('15', NULL, 'm141126_000001_user_week_start_day', '2017-05-27 01:12:19', '2017-05-27 01:12:19', '2017-05-27 01:12:19', '512c4348-1f4d-477b-9acf-2b8899889d0c'),
 ('16', NULL, 'm150210_000001_adjust_user_photo_size', '2017-05-27 01:12:19', '2017-05-27 01:12:19', '2017-05-27 01:12:19', '29a44725-27c6-45f9-8345-0f133077b427'),
 ('17', NULL, 'm150724_000001_adjust_quality_settings', '2017-05-27 01:12:19', '2017-05-27 01:12:19', '2017-05-27 01:12:19', '45e8ba4c-9731-46dd-a887-ec0c978963f1'),
 ('18', NULL, 'm150827_000000_element_index_settings', '2017-05-27 01:12:19', '2017-05-27 01:12:19', '2017-05-27 01:12:19', '6b79d08f-6c93-4fdb-871f-0f56557b8f54'),
 ('19', NULL, 'm150918_000001_add_colspan_to_widgets', '2017-05-27 01:12:19', '2017-05-27 01:12:19', '2017-05-27 01:12:19', 'ef9d773f-ad57-46d6-ae65-fe8a0572e8f3'),
 ('20', NULL, 'm151007_000000_clear_asset_caches', '2017-05-27 01:12:19', '2017-05-27 01:12:19', '2017-05-27 01:12:19', '6be10c1b-9620-4d21-89f6-02eb056d70a9'),
 ('21', NULL, 'm151109_000000_text_url_formats', '2017-05-27 01:12:19', '2017-05-27 01:12:19', '2017-05-27 01:12:19', '6d7c8180-144d-43df-bdf3-045e7c763c63'),
 ('22', NULL, 'm151110_000000_move_logo', '2017-05-27 01:12:19', '2017-05-27 01:12:19', '2017-05-27 01:12:19', '9346ea9e-2c3a-4004-8381-3a047bd33635'),
 ('23', NULL, 'm151117_000000_adjust_image_widthheight', '2017-05-27 01:12:19', '2017-05-27 01:12:19', '2017-05-27 01:12:19', '7a1653e2-bc75-4a02-b46a-1399778343c1'),
 ('24', NULL, 'm151127_000000_clear_license_key_status', '2017-05-27 01:12:19', '2017-05-27 01:12:19', '2017-05-27 01:12:19', '0afd39b6-12a8-4754-b9e1-e8e61130965f'),
 ('25', NULL, 'm151127_000000_plugin_license_keys', '2017-05-27 01:12:19', '2017-05-27 01:12:19', '2017-05-27 01:12:19', '32940f82-8d92-4a5b-aec2-6c82c05e8508'),
 ('26', NULL, 'm151130_000000_update_pt_widget_feeds', '2017-05-27 01:12:19', '2017-05-27 01:12:19', '2017-05-27 01:12:19', '2fad5eb2-0c35-4a5a-9318-e59af747d19c'),
 ('27', NULL, 'm160114_000000_asset_sources_public_url_default_true', '2017-05-27 01:12:19', '2017-05-27 01:12:19', '2017-05-27 01:12:19', '2dd8c7d0-c604-4cec-a7c1-1eeda1c9dd10'),
 ('28', NULL, 'm160223_000000_sortorder_to_smallint', '2017-05-27 01:12:19', '2017-05-27 01:12:19', '2017-05-27 01:12:19', '2324653e-38d2-4f3b-b4d8-0197d1002657'),
 ('29', NULL, 'm160229_000000_set_default_entry_statuses', '2017-05-27 01:12:19', '2017-05-27 01:12:19', '2017-05-27 01:12:19', '2e830c79-6371-4aad-9b3a-985718bba1a7'),
 ('30', NULL, 'm160304_000000_client_permissions', '2017-05-27 01:12:19', '2017-05-27 01:12:19', '2017-05-27 01:12:19', '929fc4e7-856e-46af-99cd-5815f3254836'),
 ('31', NULL, 'm160322_000000_asset_filesize', '2017-05-27 01:12:19', '2017-05-27 01:12:19', '2017-05-27 01:12:19', 'e518ea68-e89d-4e73-aaaf-f39de00bb629'),
 ('32', NULL, 'm160503_000000_orphaned_fieldlayouts', '2017-05-27 01:12:19', '2017-05-27 01:12:19', '2017-05-27 01:12:19', '5d62b9c6-ad7f-4c6e-b348-0128b25ce9ec'),
 ('33', NULL, 'm160510_000000_tasksettings', '2017-05-27 01:12:19', '2017-05-27 01:12:19', '2017-05-27 01:12:19', '27faf60c-ce1c-4764-ba38-8243087f9aec'),
 ('34', NULL, 'm160829_000000_pending_user_content_cleanup', '2017-05-27 01:12:19', '2017-05-27 01:12:19', '2017-05-27 01:12:19', '0a9d891c-b816-4fe0-888a-504e54879d43'),
 ('35', NULL, 'm160830_000000_asset_index_uri_increase', '2017-05-27 01:12:19', '2017-05-27 01:12:19', '2017-05-27 01:12:19', '5b9c2658-2cc6-4152-80f8-ad0c55d0af9e'),
 ('36', NULL, 'm160919_000000_usergroup_handle_title_unique', '2017-05-27 01:12:19', '2017-05-27 01:12:19', '2017-05-27 01:12:19', '8afe9d0e-4e96-4e6d-8553-87518007852b'),
 ('37', NULL, 'm161108_000000_new_version_format', '2017-05-27 01:12:19', '2017-05-27 01:12:19', '2017-05-27 01:12:19', '57241bc8-4050-4103-8977-c5b696978367'),
 ('38', NULL, 'm161109_000000_index_shuffle', '2017-05-27 01:12:19', '2017-05-27 01:12:19', '2017-05-27 01:12:19', '56223d0f-6cfd-441f-b726-e074d191ba5f'),
 ('39', '3', 'm140713_000000_minimee_ChangeTagToReturnSettingsFieldNames', '2017-05-28 21:19:42', '2017-05-28 21:19:42', '2017-05-28 21:19:42', 'f9dc22c9-558e-4022-9a64-56968fbc8f8c');



DROP TABLE IF EXISTS `brgsh_plugins`;


--
-- Schema for table `brgsh_plugins`
--
CREATE TABLE `brgsh_plugins` (
  `id` int(11) NOT NULL AUTO_INCREMENT,
  `class` varchar(150) COLLATE utf8_unicode_ci NOT NULL,
  `version` varchar(15) COLLATE utf8_unicode_ci NOT NULL,
  `schemaVersion` varchar(15) COLLATE utf8_unicode_ci DEFAULT NULL,
  `licenseKey` char(24) COLLATE utf8_unicode_ci DEFAULT NULL,
  `licenseKeyStatus` enum('valid','invalid','mismatched','unknown') COLLATE utf8_unicode_ci NOT NULL DEFAULT 'unknown',
  `enabled` tinyint(1) unsigned NOT NULL DEFAULT '0',
  `settings` text COLLATE utf8_unicode_ci,
  `installDate` datetime NOT NULL,
  `dateCreated` datetime NOT NULL,
  `dateUpdated` datetime NOT NULL,
  `uid` char(36) COLLATE utf8_unicode_ci NOT NULL DEFAULT '0',
  PRIMARY KEY (`id`)
) ENGINE=InnoDB AUTO_INCREMENT=6 DEFAULT CHARSET=utf8 COLLATE=utf8_unicode_ci;

--
-- Data for table `brgsh_plugins`
--

INSERT INTO `brgsh_plugins` (`id`, `class`, `version`, `schemaVersion`, `licenseKey`, `licenseKeyStatus`, `enabled`, `settings`, `installDate`, `dateCreated`, `dateUpdated`, `uid`) VALUES
 ('1', 'ContactForm', '1.8.1', '1.0.0', NULL, 'unknown', '1', '{\"toEmail\":\"info@bergstein.bar\",\"prependSender\":\"\\u041e\\u0442\",\"prependSubject\":\"\\u041d\\u043e\\u0432\\u043e\\u0435 \\u0441\\u043e\\u043e\\u0431\\u0449\\u0435\\u043d\\u0438\\u0435 Bergstein.Bar\",\"allowAttachments\":\"\",\"honeypotField\":\"\",\"successFlashMessage\":\"\\u0412\\u0430\\u0448\\u0435 \\u0441\\u043e\\u043e\\u0431\\u0449\\u0435\\u043d\\u0438\\u0435 \\u043e\\u0442\\u043f\\u0440\\u0430\\u0432\\u043b\\u0435\\u043d\\u043e.\"}', '2017-05-28 21:19:35', '2017-05-28 21:19:35', '2017-06-08 04:55:40', '2c34eae1-ad7a-4b84-98fb-9cb70b35cbcf'),
 ('2', 'Hacksaw', '1.1.2', NULL, NULL, 'unknown', '1', NULL, '2017-05-28 21:19:40', '2017-05-28 21:19:40', '2017-06-08 04:55:40', '391ea3a0-a5ff-44e7-94d2-b028128ed89a'),
 ('3', 'Minimee', '0.9.8', '1.0.0', NULL, 'unknown', '1', '{\"cachePath\":\"\",\"cacheUrl\":\"\",\"enabled\":true,\"filesystemPath\":\"\",\"baseUrl\":\"\",\"combineCssEnabled\":true,\"combineJsEnabled\":true,\"minifyCssEnabled\":true,\"minifyJsEnabled\":true,\"cssReturnTemplate\":\"<link rel=\\\"stylesheet\\\" href=\\\"%s\\\">\",\"jsReturnTemplate\":\"<script src=\\\"%s\\\"><\\/script>\",\"returnType\":\"url\",\"cssPrependUrlEnabled\":true,\"cssPrependUrl\":\"\"}', '2017-05-28 21:19:42', '2017-05-28 21:19:42', '2017-06-08 04:55:40', 'd75b6721-9df1-497c-b090-26078cd0ff6c'),
 ('4', 'redactorExtras', '1.3.2', NULL, NULL, 'unknown', '1', NULL, '2017-05-28 21:19:46', '2017-05-28 21:19:46', '2017-06-08 04:55:40', 'aa1be9f8-bae0-46ca-b0cf-614e8b31b60d');



DROP TABLE IF EXISTS `brgsh_rackspaceaccess`;


--
-- Schema for table `brgsh_rackspaceaccess`
--
CREATE TABLE `brgsh_rackspaceaccess` (
  `id` int(11) NOT NULL AUTO_INCREMENT,
  `connectionKey` varchar(255) COLLATE utf8_unicode_ci NOT NULL,
  `token` varchar(255) COLLATE utf8_unicode_ci NOT NULL,
  `storageUrl` varchar(255) COLLATE utf8_unicode_ci NOT NULL,
  `cdnUrl` varchar(255) COLLATE utf8_unicode_ci NOT NULL,
  `dateCreated` datetime NOT NULL,
  `dateUpdated` datetime NOT NULL,
  `uid` char(36) COLLATE utf8_unicode_ci NOT NULL DEFAULT '0',
  PRIMARY KEY (`id`),
  UNIQUE KEY `brgsh_rackspaceaccess_connectionKey_unq_idx` (`connectionKey`)
) ENGINE=InnoDB DEFAULT CHARSET=utf8 COLLATE=utf8_unicode_ci;

DROP TABLE IF EXISTS `brgsh_relations`;


--
-- Schema for table `brgsh_relations`
--
CREATE TABLE `brgsh_relations` (
  `id` int(11) NOT NULL AUTO_INCREMENT,
  `fieldId` int(11) NOT NULL,
  `sourceId` int(11) NOT NULL,
  `sourceLocale` char(12) COLLATE utf8_unicode_ci DEFAULT NULL,
  `targetId` int(11) NOT NULL,
  `sortOrder` smallint(6) DEFAULT NULL,
  `dateCreated` datetime NOT NULL,
  `dateUpdated` datetime NOT NULL,
  `uid` char(36) COLLATE utf8_unicode_ci NOT NULL DEFAULT '0',
  PRIMARY KEY (`id`),
  UNIQUE KEY `brgsh_relations_fieldId_sourceId_sourceLocale_targetId_unq_idx` (`fieldId`,`sourceId`,`sourceLocale`,`targetId`),
  KEY `brgsh_relations_sourceId_fk` (`sourceId`),
  KEY `brgsh_relations_sourceLocale_fk` (`sourceLocale`),
  KEY `brgsh_relations_targetId_fk` (`targetId`)
) ENGINE=InnoDB AUTO_INCREMENT=205 DEFAULT CHARSET=utf8 COLLATE=utf8_unicode_ci;

--
-- Data for table `brgsh_relations`
--

INSERT INTO `brgsh_relations` (`id`, `fieldId`, `sourceId`, `sourceLocale`, `targetId`, `sortOrder`, `dateCreated`, `dateUpdated`, `uid`) VALUES
 ('11', '18', '71', NULL, '73', '1', '2017-05-30 15:11:33', '2017-05-30 15:11:33', 'f112bcaf-058f-40c3-8324-4a1f0d53a140'),
 ('12', '18', '70', NULL, '73', '1', '2017-05-30 15:21:16', '2017-05-30 15:21:16', '69db2c33-775e-4140-97ed-8fc27242296a'),
 ('62', '16', '68', NULL, '100', '1', '2017-05-31 02:55:00', '2017-05-31 02:55:00', '41da0f47-0e5d-4ed3-a7c2-e06a7afa4402'),
 ('63', '16', '102', NULL, '101', '1', '2017-05-31 02:57:01', '2017-05-31 02:57:01', 'b17fe044-a968-4815-9f73-e8d85f83a319'),
 ('71', '3', '59', NULL, '43', '1', '2017-05-31 03:01:28', '2017-05-31 03:01:28', 'e92d8d96-dde2-480e-8f2d-0a174e41d332'),
 ('72', '3', '51', NULL, '46', '1', '2017-05-31 03:01:58', '2017-05-31 03:01:58', 'bd36e259-e3a7-42bd-a7c9-3c7f5b4228f8'),
 ('76', '3', '105', NULL, '48', '1', '2017-06-02 08:15:31', '2017-06-02 08:15:31', '5d502811-cd49-435a-bcee-363a7b2ba80a'),
 ('77', '3', '107', NULL, '49', '1', '2017-06-02 08:15:45', '2017-06-02 08:15:45', '544189a6-0ba3-4a5b-8ca3-dbcda9af6cea'),
 ('78', '3', '109', NULL, '50', '1', '2017-06-02 08:15:53', '2017-06-02 08:15:53', 'd524cbb0-cd0e-4904-91de-1a2fdc21c26d'),
 ('82', '3', '111', NULL, '44', '1', '2017-06-02 08:16:22', '2017-06-02 08:16:22', '7e0cfadd-a6a5-495c-b4e1-7c0de8aee2dc'),
 ('83', '3', '113', NULL, '45', '1', '2017-06-02 08:16:32', '2017-06-02 08:16:32', '3572de70-1aa5-42b7-b69f-41764773c5ad'),
 ('84', '3', '115', NULL, '47', '1', '2017-06-02 08:16:42', '2017-06-02 08:16:42', '27b1bde0-3cae-4467-8891-83a0ff7cc648'),
 ('85', '31', '9', NULL, '90', '1', '2017-06-02 08:50:15', '2017-06-02 08:50:15', '03080c20-a655-4c13-b7b7-6dcf79b78834'),
 ('105', '31', '239', NULL, '93', '1', '2017-06-05 20:21:02', '2017-06-05 20:21:02', '28177519-d1c4-45ca-81e7-7c04d337ed1a'),
 ('106', '31', '241', NULL, '90', '1', '2017-06-05 20:21:11', '2017-06-05 20:21:11', '2b31465c-bdbf-4d23-9b06-ef30043d6ccb'),
 ('108', '31', '248', NULL, '94', '1', '2017-06-05 20:21:39', '2017-06-05 20:21:39', 'acbf3f60-1471-49a3-a558-38f42afd8470'),
 ('109', '31', '247', NULL, '95', '1', '2017-06-05 20:22:06', '2017-06-05 20:22:06', 'b52f68ac-e2d0-4624-b4e9-67bc34db1df1'),
 ('110', '31', '242', NULL, '92', '1', '2017-06-05 20:22:16', '2017-06-05 20:22:16', '61cbbc02-0efc-4098-92b1-d24bdbedb022'),
 ('113', '31', '162', NULL, '251', '1', '2017-06-05 21:06:10', '2017-06-05 21:06:10', '04c2b415-65e2-40fc-b4cb-fd042544a8ff'),
 ('117', '31', '130', NULL, '255', '1', '2017-06-05 21:12:18', '2017-06-05 21:12:18', 'ba3f49eb-2d23-4802-a6ec-894821c116db'),
 ('118', '31', '133', NULL, '256', '1', '2017-06-05 21:12:30', '2017-06-05 21:12:30', 'f26b70e0-55bd-4832-ab6a-bfbaed12ad22'),
 ('119', '31', '179', NULL, '257', '1', '2017-06-05 23:20:02', '2017-06-05 23:20:02', 'ebf3ea5e-54df-4723-ad6e-03fa7e937bf2'),
 ('120', '31', '186', NULL, '258', '1', '2017-06-05 23:20:15', '2017-06-05 23:20:15', '2be5ce7b-d991-44d0-9a7b-f51105015ec0'),
 ('121', '31', '193', NULL, '259', '1', '2017-06-05 23:21:17', '2017-06-05 23:21:17', '2f7495f5-7e17-4de9-a9e7-856c82e8fc25'),
 ('122', '31', '197', NULL, '260', '1', '2017-06-05 23:21:29', '2017-06-05 23:21:29', '928e910e-71a9-4102-a744-b9eee6560789'),
 ('123', '31', '202', NULL, '261', '1', '2017-06-05 23:21:42', '2017-06-05 23:21:42', '60fc8f7b-ab8b-4e6c-b5db-67d8257df258'),
 ('124', '31', '207', NULL, '262', '1', '2017-06-05 23:22:03', '2017-06-05 23:22:03', '3749b0e6-d169-458f-88e4-fc627666424a'),
 ('125', '31', '210', NULL, '263', '1', '2017-06-05 23:22:26', '2017-06-05 23:22:26', '30ad95af-d56a-4304-8480-f0346e722ac1'),
 ('128', '31', '220', NULL, '266', '1', '2017-06-05 23:23:29', '2017-06-05 23:23:29', '2b96b19e-09f0-4609-ae1c-83db79e1870d'),
 ('129', '31', '230', NULL, '267', '1', '2017-06-05 23:23:44', '2017-06-05 23:23:44', 'ad149395-5e8b-4f53-95ae-cb4054caf6bc'),
 ('130', '31', '240', NULL, '268', '1', '2017-06-05 23:40:49', '2017-06-05 23:40:49', 'b3fa71f2-05b3-49a0-b842-d16dfb8dd045'),
 ('131', '31', '243', NULL, '269', '1', '2017-06-05 23:41:00', '2017-06-05 23:41:00', 'a07b0a18-665c-4e47-b036-2778886ff235'),
 ('132', '31', '244', NULL, '270', '1', '2017-06-05 23:41:15', '2017-06-05 23:41:15', '808e6d4d-b11a-49d9-a232-66570e570605'),
 ('133', '31', '245', NULL, '271', '1', '2017-06-05 23:41:24', '2017-06-05 23:41:24', '3e7c38c2-7314-4b69-a157-ec47567fd96e'),
 ('134', '31', '246', NULL, '272', '1', '2017-06-05 23:41:35', '2017-06-05 23:41:35', '2e2a9578-d858-46e9-a983-9db7fe90aba8'),
 ('135', '31', '12', NULL, '273', '1', '2017-06-05 23:42:03', '2017-06-05 23:42:03', '48edb753-0261-40b4-a67f-cbc56cb6c475'),
 ('136', '13', '63', NULL, '119', '1', '2017-06-06 13:00:36', '2017-06-06 13:00:36', 'ee580228-8a49-43b0-b96f-c75e1f7a69b6'),
 ('137', '13', '64', NULL, '97', '1', '2017-06-06 13:00:36', '2017-06-06 13:00:36', 'ae1e925b-1e1c-4537-81d6-4f78c0f293a6'),
 ('138', '13', '65', NULL, '98', '1', '2017-06-06 13:00:36', '2017-06-06 13:00:36', '184ef9d4-a957-4b03-a7b8-299133e56064'),
 ('139', '13', '66', NULL, '120', '1', '2017-06-06 13:00:36', '2017-06-06 13:00:36', '5afd087a-65d1-44d2-b471-8bbdac49b82a'),
 ('140', '16', '67', NULL, '103', '1', '2017-06-06 13:03:30', '2017-06-06 13:03:30', '0bc6d3a3-a4cc-4dbb-9bb2-03812fa691e0'),
 ('141', '2', '67', NULL, '82', '1', '2017-06-06 13:03:30', '2017-06-06 13:03:30', '2c210e69-6e74-43df-bfaa-ce7eff4fe0ae'),
 ('142', '2', '67', NULL, '83', '2', '2017-06-06 13:03:30', '2017-06-06 13:03:30', 'a2dbac4e-ef6e-4d75-819b-daff121ac52f'),
 ('143', '2', '67', NULL, '84', '3', '2017-06-06 13:03:30', '2017-06-06 13:03:30', '15b71bf2-7453-49f5-8a13-19f627c1cd37'),
 ('144', '2', '67', NULL, '86', '4', '2017-06-06 13:03:30', '2017-06-06 13:03:30', 'aad55ee0-3c55-4cf0-a823-b5c2f362fe3c'),
 ('145', '18', '72', NULL, '73', '1', '2017-06-06 17:39:26', '2017-06-06 17:39:26', '7ff3ba20-c811-4f9b-857d-3594ed50a054'),
 ('146', '19', '72', NULL, '79', '1', '2017-06-06 17:39:26', '2017-06-06 17:39:26', '14e47583-5ed7-4c0e-a49f-340051c2340a'),
 ('147', '19', '72', NULL, '80', '2', '2017-06-06 17:39:26', '2017-06-06 17:39:26', '57790571-06d0-4534-a9ad-2d4aea826b3a'),
 ('148', '19', '72', NULL, '81', '3', '2017-06-06 17:39:26', '2017-06-06 17:39:26', 'dc55b065-d775-4bed-8afb-e1b08616f1c8'),
 ('149', '19', '72', NULL, '74', '4', '2017-06-06 17:39:26', '2017-06-06 17:39:26', '1d1fcb16-424e-42d0-a11f-a8c29d4f6922'),
 ('150', '19', '72', NULL, '75', '5', '2017-06-06 17:39:26', '2017-06-06 17:39:26', '843d7191-90ca-4cb3-9d34-ef6f6f422736'),
 ('151', '19', '72', NULL, '76', '6', '2017-06-06 17:39:26', '2017-06-06 17:39:26', 'fb5267be-45e5-4c7e-b16e-6cf0a9d6df43'),
 ('152', '19', '72', NULL, '77', '7', '2017-06-06 17:39:26', '2017-06-06 17:39:26', '1c49d4e3-ea24-41fb-8080-f7bf302bed94'),
 ('153', '19', '72', NULL, '78', '8', '2017-06-06 17:39:26', '2017-06-06 17:39:26', '02ab41bc-475e-4eb7-80e5-7abb8b1cd917'),
 ('154', '19', '72', NULL, '275', '9', '2017-06-06 17:39:26', '2017-06-06 17:39:26', 'c8de92fe-0f15-4d69-ad1f-321da9423933'),
 ('155', '19', '72', NULL, '274', '10', '2017-06-06 17:39:26', '2017-06-06 17:39:26', 'b1a63ecf-7b7b-44c9-82ba-8b3e682f31e7'),
 ('156', '19', '72', NULL, '276', '11', '2017-06-06 17:39:26', '2017-06-06 17:39:26', '40f4ec53-7ec3-4b03-b917-e27d672ee006'),
 ('157', '19', '72', NULL, '277', '12', '2017-06-06 17:39:26', '2017-06-06 17:39:26', '6b946ae0-cad4-4d1d-ae30-a2a82b688da3'),
 ('158', '19', '72', NULL, '278', '13', '2017-06-06 17:39:26', '2017-06-06 17:39:26', 'b3c78635-bcff-4fc6-8e9e-fdc45dffe92e'),
 ('159', '19', '72', NULL, '279', '14', '2017-06-06 17:39:26', '2017-06-06 17:39:26', '98aea5ef-31c0-4238-b499-82c41b62b2e7'),
 ('160', '19', '72', NULL, '280', '15', '2017-06-06 17:39:26', '2017-06-06 17:39:26', 'd59dbaf6-75cd-4d78-b82a-062fa4675295'),
 ('161', '19', '72', NULL, '281', '16', '2017-06-06 17:39:26', '2017-06-06 17:39:26', '8eaad0fd-f725-4ff1-96af-94e4b20172b1'),
 ('162', '19', '72', NULL, '282', '17', '2017-06-06 17:39:26', '2017-06-06 17:39:26', '39453ec0-99fb-4ad0-b92d-ac05d9d5b21e'),
 ('163', '19', '72', NULL, '283', '18', '2017-06-06 17:39:26', '2017-06-06 17:39:26', 'f0edb0fc-a6a8-4d3e-b53a-84b0e301e184'),
 ('164', '19', '72', NULL, '284', '19', '2017-06-06 17:39:26', '2017-06-06 17:39:26', 'dccb49b9-560c-42f2-bde8-65ef075ed9b3'),
 ('165', '19', '72', NULL, '285', '20', '2017-06-06 17:39:26', '2017-06-06 17:39:26', '0f58d854-371f-4d22-96a0-a16c0dad3d52'),
 ('166', '19', '72', NULL, '286', '21', '2017-06-06 17:39:26', '2017-06-06 17:39:26', 'f7b38a57-11b2-4cf5-8c31-3185a5ee0e7e'),
 ('167', '19', '72', NULL, '287', '22', '2017-06-06 17:39:26', '2017-06-06 17:39:26', '07a11b6c-077c-44fd-8a1e-1be6287d6623'),
 ('168', '19', '72', NULL, '288', '23', '2017-06-06 17:39:26', '2017-06-06 17:39:26', 'ac053f9c-3579-4778-a36e-045e20ea8633'),
 ('169', '19', '72', NULL, '289', '24', '2017-06-06 17:39:26', '2017-06-06 17:39:26', '63a4f07c-16c0-40bb-8361-3cd68b54e3ec'),
 ('170', '19', '72', NULL, '291', '25', '2017-06-06 17:39:26', '2017-06-06 17:39:26', '08b54ab6-ee58-47cd-958e-45abf323585c'),
 ('171', '19', '72', NULL, '292', '26', '2017-06-06 17:39:26', '2017-06-06 17:39:26', '9989904b-2a4a-4919-8bcc-ed78383e3108'),
 ('172', '19', '72', NULL, '294', '27', '2017-06-06 17:39:26', '2017-06-06 17:39:26', 'ec8872fd-e32a-492d-af34-0be66137e46b'),
 ('173', '19', '72', NULL, '295', '28', '2017-06-06 17:39:26', '2017-06-06 17:39:26', 'd2de478e-689b-43bd-b36a-7fe017bc8af1'),
 ('178', '31', '121', NULL, '254', '1', '2017-06-07 01:19:01', '2017-06-07 01:19:01', 'f7f77f3c-0d6f-4569-bbd1-901679a510db'),
 ('195', '31', '138', NULL, '252', '1', '2017-06-07 01:34:14', '2017-06-07 01:34:14', '3f6d1eaa-a61f-4bba-93ab-7f75736476d3'),
 ('196', '29', '139', NULL, '300', '1', '2017-06-07 01:34:14', '2017-06-07 01:34:14', 'd13fac86-2087-46be-a809-71ef3e103105'),
 ('197', '29', '140', NULL, '301', '1', '2017-06-07 01:34:14', '2017-06-07 01:34:14', '1c8a8ce1-596d-4dcb-b26a-b9b45948d5ba'),
 ('198', '29', '141', NULL, '303', '1', '2017-06-07 01:34:14', '2017-06-07 01:34:14', '600ed130-bf3d-4272-bbd3-c1612af84e1b'),
 ('199', '29', '158', NULL, '302', '1', '2017-06-07 01:34:14', '2017-06-07 01:34:14', '520d8976-fb57-4b1c-9995-c3bcae370327'),
 ('200', '31', '216', NULL, '265', '1', '2017-06-07 01:37:02', '2017-06-07 01:37:02', '6d86a642-b6fd-4e51-86af-d6316e464a7b'),
 ('201', '31', '214', NULL, '264', '1', '2017-06-07 01:37:21', '2017-06-07 01:37:21', '81f58ac2-3e2a-4314-bdb5-0fed6bfef297'),
 ('202', '31', '169', NULL, '253', '1', '2017-06-07 01:38:10', '2017-06-07 01:38:10', 'ebc3af5d-35c6-4beb-876a-7495f148b941'),
 ('203', '29', '170', NULL, '298', '1', '2017-06-07 01:38:10', '2017-06-07 01:38:10', '4f88546a-188b-48c9-b472-60dacd6fc46f'),
 ('204', '29', '172', NULL, '299', '1', '2017-06-07 01:38:10', '2017-06-07 01:38:10', '610e74a8-d51e-42a9-a106-23dbac6cf085');



DROP TABLE IF EXISTS `brgsh_routes`;


--
-- Schema for table `brgsh_routes`
--
CREATE TABLE `brgsh_routes` (
  `id` int(11) NOT NULL AUTO_INCREMENT,
  `locale` char(12) COLLATE utf8_unicode_ci DEFAULT NULL,
  `urlParts` varchar(255) COLLATE utf8_unicode_ci NOT NULL,
  `urlPattern` varchar(255) COLLATE utf8_unicode_ci NOT NULL,
  `template` varchar(255) COLLATE utf8_unicode_ci NOT NULL,
  `sortOrder` smallint(6) unsigned DEFAULT NULL,
  `dateCreated` datetime NOT NULL,
  `dateUpdated` datetime NOT NULL,
  `uid` char(36) COLLATE utf8_unicode_ci NOT NULL DEFAULT '0',
  PRIMARY KEY (`id`),
  UNIQUE KEY `brgsh_routes_urlPattern_unq_idx` (`urlPattern`),
  KEY `brgsh_routes_locale_idx` (`locale`)
) ENGINE=InnoDB DEFAULT CHARSET=utf8 COLLATE=utf8_unicode_ci;

DROP TABLE IF EXISTS `brgsh_searchindex`;


--
-- Schema for table `brgsh_searchindex`
--
CREATE TABLE `brgsh_searchindex` (
  `elementId` int(11) NOT NULL,
  `attribute` varchar(25) COLLATE utf8_unicode_ci NOT NULL,
  `fieldId` int(11) NOT NULL,
  `locale` char(12) COLLATE utf8_unicode_ci NOT NULL,
  `keywords` text COLLATE utf8_unicode_ci NOT NULL,
  PRIMARY KEY (`elementId`,`attribute`,`fieldId`,`locale`),
  FULLTEXT KEY `brgsh_searchindex_keywords_idx` (`keywords`)
) ENGINE=MyISAM DEFAULT CHARSET=utf8 COLLATE=utf8_unicode_ci;

--
-- Data for table `brgsh_searchindex`
--

INSERT INTO `brgsh_searchindex` (`elementId`, `attribute`, `fieldId`, `locale`, `keywords`) VALUES
 ('2', 'slug', '0', 'ru_ru', ' homepage '),
 ('2', 'title', '0', 'ru_ru', ' bergstein bar '),
 ('2', 'field', '1', 'ru_ru', ' ogromnyj assortiment kraftovogo piva raznoobraznaya kuhnya i priyatnaya muzyka v uyutnom restorane bergshtajn u nas vy mozhete provesti banket ili korporativ posmotretь sportivnye translyacii ili pokuritь kalьyan v menyu predstavleny italьyanskaya yaponskaya i tradicionno russkaya kuhni '),
 ('4', 'slug', '0', 'ru_ru', ' glavnaya '),
 ('4', 'title', '0', 'ru_ru', ' glavnaya '),
 ('5', 'slug', '0', 'ru_ru', ' menyu '),
 ('5', 'title', '0', 'ru_ru', ' menyu '),
 ('6', 'slug', '0', 'ru_ru', ' fotogalereya '),
 ('6', 'title', '0', 'ru_ru', ' fotogalereya '),
 ('7', 'slug', '0', 'ru_ru', ' kontakty '),
 ('7', 'title', '0', 'ru_ru', ' kontakty '),
 ('8', 'slug', '0', 'ru_ru', ' otzyvy '),
 ('8', 'title', '0', 'ru_ru', ' otzyvy '),
 ('9', 'slug', '0', 'ru_ru', ' osnovnoe menyu '),
 ('9', 'title', '0', 'ru_ru', ' osnovnoe menyu '),
 ('1', 'username', '0', 'ru_ru', ' brg_admin '),
 ('1', 'firstname', '0', 'ru_ru', ''),
 ('1', 'lastname', '0', 'ru_ru', ''),
 ('1', 'fullname', '0', 'ru_ru', ''),
 ('1', 'email', '0', 'ru_ru', ' info bergstein bar '),
 ('1', 'slug', '0', 'ru_ru', ''),
 ('132', 'field', '26', 'ru_ru', ' rouge de fleur '),
 ('131', 'slug', '0', 'ru_ru', ''),
 ('131', 'field', '30', 'ru_ru', ''),
 ('12', 'slug', '0', 'ru_ru', ' barnoe menyu '),
 ('12', 'title', '0', 'ru_ru', ' barnoe menyu '),
 ('131', 'field', '29', 'ru_ru', ''),
 ('131', 'field', '28', 'ru_ru', ' 290 r '),
 ('131', 'field', '27', 'ru_ru', ''),
 ('131', 'field', '26', 'ru_ru', ' american ili indian pale ale '),
 ('130', 'title', '0', 'ru_ru', ' kraftovoe pivo bochkovoe 500 ml '),
 ('130', 'slug', '0', 'ru_ru', ' kraftovoe pivo bochkovoe '),
 ('130', 'field', '31', 'ru_ru', ' beer2 '),
 ('130', 'field', '25', 'ru_ru', ' 290 r american ili indian pale ale 290 r rouge de fleur vishnevoe pshenichnoe '),
 ('297', 'extension', '0', 'ru_ru', ' jpg '),
 ('297', 'kind', '0', 'ru_ru', ' image '),
 ('297', 'slug', '0', 'ru_ru', ' 721 '),
 ('297', 'title', '0', 'ru_ru', ' 721 '),
 ('128', 'slug', '0', 'ru_ru', ''),
 ('128', 'field', '30', 'ru_ru', ''),
 ('128', 'field', '29', 'ru_ru', ''),
 ('128', 'field', '28', 'ru_ru', ' 240 r '),
 ('128', 'field', '27', 'ru_ru', ' grushevyj polusladkij '),
 ('128', 'field', '26', 'ru_ru', ' sidr '),
 ('127', 'slug', '0', 'ru_ru', ''),
 ('127', 'field', '30', 'ru_ru', ' sale '),
 ('127', 'field', '29', 'ru_ru', ''),
 ('127', 'field', '28', 'ru_ru', ' 390 r '),
 ('127', 'field', '27', 'ru_ru', ' spec cena '),
 ('127', 'field', '26', 'ru_ru', ' guinness irlandiya '),
 ('126', 'slug', '0', 'ru_ru', ''),
 ('126', 'field', '30', 'ru_ru', ''),
 ('126', 'field', '29', 'ru_ru', ''),
 ('126', 'field', '28', 'ru_ru', ' 240 r '),
 ('126', 'field', '27', 'ru_ru', ' nefilьtrovannoe '),
 ('126', 'field', '26', 'ru_ru', ' edelweiss '),
 ('125', 'slug', '0', 'ru_ru', ''),
 ('125', 'field', '30', 'ru_ru', ''),
 ('125', 'field', '29', 'ru_ru', ''),
 ('125', 'field', '28', 'ru_ru', ' 290 r '),
 ('125', 'field', '27', 'ru_ru', ' temnoe '),
 ('125', 'field', '26', 'ru_ru', ' krushovice '),
 ('124', 'slug', '0', 'ru_ru', ''),
 ('124', 'field', '30', 'ru_ru', ''),
 ('124', 'field', '29', 'ru_ru', ''),
 ('124', 'field', '28', 'ru_ru', ' 270 r '),
 ('124', 'field', '27', 'ru_ru', ''),
 ('124', 'field', '26', 'ru_ru', ' heineken '),
 ('123', 'slug', '0', 'ru_ru', ''),
 ('123', 'field', '30', 'ru_ru', ''),
 ('123', 'field', '29', 'ru_ru', ''),
 ('123', 'field', '28', 'ru_ru', ' 260 r '),
 ('43', 'filename', '0', 'ru_ru', ' vee6161_2_3_tonemapped jpg '),
 ('43', 'extension', '0', 'ru_ru', ' jpg '),
 ('43', 'kind', '0', 'ru_ru', ' image '),
 ('43', 'slug', '0', 'ru_ru', ' vee6161 2 3 tonemapped '),
 ('43', 'title', '0', 'ru_ru', ' vee6161 2 3 tonemapped '),
 ('44', 'filename', '0', 'ru_ru', ' vee6460 jpg '),
 ('44', 'extension', '0', 'ru_ru', ' jpg '),
 ('44', 'kind', '0', 'ru_ru', ' image '),
 ('44', 'slug', '0', 'ru_ru', ' vee6460 '),
 ('44', 'title', '0', 'ru_ru', ' vee6460 '),
 ('45', 'filename', '0', 'ru_ru', ' vee6676 jpg '),
 ('45', 'extension', '0', 'ru_ru', ' jpg '),
 ('45', 'kind', '0', 'ru_ru', ' image '),
 ('45', 'slug', '0', 'ru_ru', ' vee6676 '),
 ('45', 'title', '0', 'ru_ru', ' vee6676 '),
 ('46', 'filename', '0', 'ru_ru', ' vee6804_5_6_tonemapped jpg '),
 ('46', 'extension', '0', 'ru_ru', ' jpg '),
 ('46', 'kind', '0', 'ru_ru', ' image '),
 ('46', 'slug', '0', 'ru_ru', ' vee6804 5 6 tonemapped '),
 ('46', 'title', '0', 'ru_ru', ' vee6804 5 6 tonemapped '),
 ('47', 'filename', '0', 'ru_ru', ' vee6914_5_6_tonemapped jpg '),
 ('47', 'extension', '0', 'ru_ru', ' jpg '),
 ('47', 'kind', '0', 'ru_ru', ' image '),
 ('47', 'slug', '0', 'ru_ru', ' vee6914 5 6 tonemapped '),
 ('47', 'title', '0', 'ru_ru', ' vee6914 5 6 tonemapped '),
 ('48', 'filename', '0', 'ru_ru', ' 1 jpg '),
 ('48', 'extension', '0', 'ru_ru', ' jpg '),
 ('48', 'kind', '0', 'ru_ru', ' image ');
INSERT INTO `brgsh_searchindex` (`elementId`, `attribute`, `fieldId`, `locale`, `keywords`) VALUES
 ('48', 'slug', '0', 'ru_ru', ' 1 '),
 ('48', 'title', '0', 'ru_ru', ' 1 '),
 ('49', 'filename', '0', 'ru_ru', ' 3 jpg '),
 ('49', 'extension', '0', 'ru_ru', ' jpg '),
 ('49', 'kind', '0', 'ru_ru', ' image '),
 ('49', 'slug', '0', 'ru_ru', ' 3 '),
 ('49', 'title', '0', 'ru_ru', ' 3 '),
 ('50', 'filename', '0', 'ru_ru', ' 4 jpg '),
 ('50', 'extension', '0', 'ru_ru', ' jpg '),
 ('50', 'kind', '0', 'ru_ru', ' image '),
 ('50', 'slug', '0', 'ru_ru', ' 4 '),
 ('50', 'title', '0', 'ru_ru', ' 4 '),
 ('51', 'field', '3', 'ru_ru', ' vee6804 5 6 tonemapped '),
 ('51', 'field', '4', 'ru_ru', ' fotografii interьera '),
 ('51', 'field', '5', 'ru_ru', ' posmotretь gallery '),
 ('51', 'slug', '0', 'ru_ru', ' testovyj slajd '),
 ('51', 'title', '0', 'ru_ru', ' my otkrylisь '),
 ('52', 'field', '6', 'ru_ru', ' gallery '),
 ('52', 'field', '7', 'ru_ru', ' posmotretь '),
 ('52', 'slug', '0', 'ru_ru', ''),
 ('53', 'slug', '0', 'ru_ru', ''),
 ('54', 'slug', '0', 'ru_ru', ''),
 ('55', 'slug', '0', 'ru_ru', ''),
 ('56', 'slug', '0', 'ru_ru', ''),
 ('57', 'slug', '0', 'ru_ru', ''),
 ('58', 'slug', '0', 'ru_ru', ''),
 ('56', 'field', '8', 'ru_ru', ' info bergstein bar '),
 ('57', 'field', '9', 'ru_ru', ''),
 ('53', 'field', '8', 'ru_ru', ' g moskva ul bolьshaya pirogovskaya d 37 m sportivnaya '),
 ('58', 'field', '8', 'ru_ru', ' ezhednevno s 12 00 do 00 00 '),
 ('54', 'field', '9', 'ru_ru', ' 7 499 248 24 97 '),
 ('54', 'field', '8', 'ru_ru', ' 74992482497 '),
 ('55', 'field', '9', 'ru_ru', ' 7 977 647 47 53 '),
 ('55', 'field', '8', 'ru_ru', ' 79776474753 '),
 ('59', 'field', '3', 'ru_ru', ' vee6161 2 3 tonemapped '),
 ('59', 'field', '4', 'ru_ru', ' oznakomьtesь s novym menyu '),
 ('59', 'field', '5', 'ru_ru', ' perejti menu '),
 ('59', 'slug', '0', 'ru_ru', ''),
 ('59', 'title', '0', 'ru_ru', ' my otkrylisь '),
 ('60', 'field', '6', 'ru_ru', ' menu '),
 ('60', 'field', '7', 'ru_ru', ' perejti '),
 ('60', 'slug', '0', 'ru_ru', ''),
 ('4', 'field', '10', 'ru_ru', ''),
 ('5', 'field', '10', 'ru_ru', ' menu '),
 ('6', 'field', '10', 'ru_ru', ' gallery '),
 ('7', 'field', '10', 'ru_ru', ' contact '),
 ('8', 'field', '10', 'ru_ru', ' reviews '),
 ('61', 'field', '10', 'ru_ru', ' news '),
 ('61', 'slug', '0', 'ru_ru', ' novosti '),
 ('61', 'title', '0', 'ru_ru', ' novosti '),
 ('62', 'filename', '0', 'ru_ru', ' tasty_spotlight_cheese jpg '),
 ('62', 'extension', '0', 'ru_ru', ' jpg '),
 ('62', 'kind', '0', 'ru_ru', ' image '),
 ('62', 'slug', '0', 'ru_ru', ' tasty spotlight cheese '),
 ('62', 'title', '0', 'ru_ru', ' tasty spotlight cheese '),
 ('2', 'field', '11', 'ru_ru', ' cuba libre1 780x780 miks drinki po spec cene viski kola rom kola tekila sambuka dzhin tonik glintvejn po 99rub skidka 50% na kalьyan do 18 00 beer back spec cena na pivo domashnee pivo 75rub za 0 5 litra do 18 00 woocommerce coupon tracking addon skidka 30% skidka 30% na vse menyu krome spec ceny do 18 00 142249951 spec cena na piccu italьyanskaya picca na tonkom teste 33sm za 490rub ili na vynos za 343rub '),
 ('100', 'kind', '0', 'ru_ru', ' image '),
 ('100', 'slug', '0', 'ru_ru', ' crispy duck salad green beans super jumbo '),
 ('100', 'title', '0', 'ru_ru', ' crispy duck salad green beans super jumbo '),
 ('98', 'extension', '0', 'ru_ru', ' png '),
 ('98', 'kind', '0', 'ru_ru', ' image '),
 ('97', 'kind', '0', 'ru_ru', ' image '),
 ('97', 'slug', '0', 'ru_ru', ' beer back '),
 ('97', 'title', '0', 'ru_ru', ' beer back '),
 ('63', 'field', '12', 'ru_ru', ' miks drinki po spec cene '),
 ('63', 'field', '13', 'ru_ru', ' cuba libre1 780x780 '),
 ('63', 'field', '14', 'ru_ru', ' viski kola rom kola tekila sambuka dzhin tonik glintvejn po 99rub skidka 50% na kalьyan do 18 00 '),
 ('97', 'filename', '0', 'ru_ru', ' beer back jpg '),
 ('97', 'extension', '0', 'ru_ru', ' jpg '),
 ('63', 'field', '15', 'ru_ru', ''),
 ('63', 'slug', '0', 'ru_ru', ''),
 ('64', 'field', '12', 'ru_ru', ' spec cena na pivo '),
 ('64', 'field', '13', 'ru_ru', ' beer back '),
 ('64', 'field', '14', 'ru_ru', ' domashnee pivo 75rub za 0 5 litra do 18 00 '),
 ('98', 'filename', '0', 'ru_ru', ' woocommerce coupon tracking addon png '),
 ('64', 'field', '15', 'ru_ru', ''),
 ('64', 'slug', '0', 'ru_ru', ''),
 ('65', 'field', '12', 'ru_ru', ' skidka 30% '),
 ('65', 'field', '13', 'ru_ru', ' woocommerce coupon tracking addon '),
 ('65', 'field', '14', 'ru_ru', ' skidka 30% na vse menyu krome spec ceny do 18 00 '),
 ('100', 'extension', '0', 'ru_ru', ' jpg '),
 ('65', 'field', '15', 'ru_ru', ''),
 ('65', 'slug', '0', 'ru_ru', ''),
 ('66', 'field', '12', 'ru_ru', ' spec cena na piccu '),
 ('66', 'field', '13', 'ru_ru', ' 142249951 '),
 ('66', 'field', '14', 'ru_ru', ' italьyanskaya picca na tonkom teste 33sm za 490rub ili na vynos za 343rub '),
 ('100', 'filename', '0', 'ru_ru', ' crispy duck salad green beans superjumbo jpg '),
 ('66', 'field', '15', 'ru_ru', ''),
 ('66', 'slug', '0', 'ru_ru', ''),
 ('67', 'field', '1', 'ru_ru', ' kraftovoe remeslennoe pivovarenie eto process proizvodstva piva nebolьshimi nezavisimymi organizaciyami kotorye priderzhivayutsya tradicionnyh receptov dannyj termin prishyol iz ssha anglijskoe slovo angl craft oznachaet remeslo professiya poetomu doslovno angl craft brewer mozhno perevesti kak remeslennyj pivovar kraftovye pivovary nebolьshie nezavisimye proizvoditeli kotorye varyat kachestvennoe pivo s nasyschennym vkusom i postoyanno eksperementiruyut kombiniruya stili i ingredienty so vsego mira v svoej produkcii '),
 ('101', 'extension', '0', 'ru_ru', ' jpg '),
 ('101', 'kind', '0', 'ru_ru', ' image '),
 ('101', 'slug', '0', 'ru_ru', ' krab kamchatca '),
 ('101', 'title', '0', 'ru_ru', ' krab kamchatca '),
 ('102', 'field', '16', 'ru_ru', ' krab kamchatca '),
 ('102', 'field', '1', 'ru_ru', ' na vybor kleshni plecho i kulaki himicheskij sostav kraba kamchatskogo soderzhit vitaminy gruppy a v s a takzhe rr pomimo togo krab kamchatskij obogaschen znachitelьnym kolichestvom cinka selena kaliya magniya kalьciya zheleza a takzhe fosfora i natriya '),
 ('67', 'field', '2', 'ru_ru', ' novinki skidki kupony translyacii '),
 ('67', 'slug', '0', 'ru_ru', ' kraftovoe pivo ot pivovaren jaws knightberg brew dog de molen '),
 ('67', 'title', '0', 'ru_ru', ' kraftovoe pivo ot pivovaren jaws konyx brew dog de molen '),
 ('68', 'field', '1', 'ru_ru', ' novoe letnee menyu chizburger s oleninoj assorti iz vyalenogo myasa olenya utinaya grudka po shvejcarski tri novyh salata s telyatinoj utkoj syrom dor blyu i pikantnoe myaso na skovorode po tayozhnomu ginness 0 5 za 296 rublej kazhdyj chetverg i voskresenьe v restorane bergshtajn ');
INSERT INTO `brgsh_searchindex` (`elementId`, `attribute`, `fieldId`, `locale`, `keywords`) VALUES
 ('102', 'field', '2', 'ru_ru', ''),
 ('102', 'slug', '0', 'ru_ru', ' v menyu poyavilsya kamchatskij krab '),
 ('102', 'title', '0', 'ru_ru', ' v menyu poyavilsya kamchatskij krab '),
 ('103', 'filename', '0', 'ru_ru', ' beer 1 jpg '),
 ('103', 'extension', '0', 'ru_ru', ' jpg '),
 ('103', 'kind', '0', 'ru_ru', ' image '),
 ('103', 'slug', '0', 'ru_ru', ' beer 1 '),
 ('103', 'title', '0', 'ru_ru', ' beer 1 '),
 ('68', 'field', '2', 'ru_ru', ''),
 ('68', 'slug', '0', 'ru_ru', ''),
 ('68', 'title', '0', 'ru_ru', ' novoe menyu '),
 ('69', 'filename', '0', 'ru_ru', ' special 1 jpg '),
 ('69', 'extension', '0', 'ru_ru', ' jpg '),
 ('69', 'kind', '0', 'ru_ru', ' image '),
 ('69', 'slug', '0', 'ru_ru', ' special 1 '),
 ('69', 'title', '0', 'ru_ru', ' special 1 '),
 ('68', 'field', '16', 'ru_ru', ' crispy duck salad green beans super jumbo '),
 ('67', 'field', '16', 'ru_ru', ' beer 1 '),
 ('70', 'slug', '0', 'ru_ru', ' contact '),
 ('70', 'title', '0', 'ru_ru', ' kontakty '),
 ('71', 'slug', '0', 'ru_ru', ' reviews '),
 ('71', 'title', '0', 'ru_ru', ' otzyvy '),
 ('72', 'slug', '0', 'ru_ru', ' gallery '),
 ('72', 'title', '0', 'ru_ru', ' fotogalereya '),
 ('70', 'field', '17', 'ru_ru', ' svyazhitesь s nami esli u vas ostalisь voprosy '),
 ('73', 'filename', '0', 'ru_ru', ' bg image 12 jpg '),
 ('73', 'extension', '0', 'ru_ru', ' jpg '),
 ('73', 'kind', '0', 'ru_ru', ' image '),
 ('73', 'slug', '0', 'ru_ru', ' bg image 12 '),
 ('73', 'title', '0', 'ru_ru', ' bg image 12 '),
 ('72', 'field', '17', 'ru_ru', ' fotografii interьera i proshedshih meropriyatij '),
 ('72', 'field', '18', 'ru_ru', ' bg image 12 '),
 ('71', 'field', '17', 'ru_ru', ' my sovershenstvuemsya radi vas pozhalujsta ostavьte otzyv s predlozheniyami i zamechaniyami '),
 ('71', 'field', '18', 'ru_ru', ' bg image 12 '),
 ('70', 'field', '18', 'ru_ru', ' bg image 12 '),
 ('74', 'filename', '0', 'ru_ru', ' vee6161_2_3_tonemapped jpg '),
 ('74', 'extension', '0', 'ru_ru', ' jpg '),
 ('74', 'kind', '0', 'ru_ru', ' image '),
 ('74', 'slug', '0', 'ru_ru', ' vee6161 2 3 tonemapped '),
 ('74', 'title', '0', 'ru_ru', ' vee6161 2 3 tonemapped '),
 ('75', 'filename', '0', 'ru_ru', ' vee6460 jpg '),
 ('75', 'extension', '0', 'ru_ru', ' jpg '),
 ('75', 'kind', '0', 'ru_ru', ' image '),
 ('75', 'slug', '0', 'ru_ru', ' vee6460 '),
 ('75', 'title', '0', 'ru_ru', ' vee6460 '),
 ('76', 'filename', '0', 'ru_ru', ' vee6676 jpg '),
 ('76', 'extension', '0', 'ru_ru', ' jpg '),
 ('76', 'kind', '0', 'ru_ru', ' image '),
 ('76', 'slug', '0', 'ru_ru', ' vee6676 '),
 ('76', 'title', '0', 'ru_ru', ' vee6676 '),
 ('77', 'filename', '0', 'ru_ru', ' vee6804_5_6_tonemapped jpg '),
 ('77', 'extension', '0', 'ru_ru', ' jpg '),
 ('77', 'kind', '0', 'ru_ru', ' image '),
 ('77', 'slug', '0', 'ru_ru', ' vee6804 5 6 tonemapped '),
 ('77', 'title', '0', 'ru_ru', ' vee6804 5 6 tonemapped '),
 ('78', 'filename', '0', 'ru_ru', ' vee6914_5_6_tonemapped jpg '),
 ('78', 'extension', '0', 'ru_ru', ' jpg '),
 ('78', 'kind', '0', 'ru_ru', ' image '),
 ('78', 'slug', '0', 'ru_ru', ' vee6914 5 6 tonemapped '),
 ('78', 'title', '0', 'ru_ru', ' vee6914 5 6 tonemapped '),
 ('79', 'filename', '0', 'ru_ru', ' 1 jpg '),
 ('79', 'extension', '0', 'ru_ru', ' jpg '),
 ('79', 'kind', '0', 'ru_ru', ' image '),
 ('79', 'slug', '0', 'ru_ru', ' 1 '),
 ('79', 'title', '0', 'ru_ru', ' 1 '),
 ('80', 'filename', '0', 'ru_ru', ' 3 jpg '),
 ('80', 'extension', '0', 'ru_ru', ' jpg '),
 ('80', 'kind', '0', 'ru_ru', ' image '),
 ('80', 'slug', '0', 'ru_ru', ' 3 '),
 ('80', 'title', '0', 'ru_ru', ' 3 '),
 ('81', 'filename', '0', 'ru_ru', ' 4 jpg '),
 ('81', 'extension', '0', 'ru_ru', ' jpg '),
 ('81', 'kind', '0', 'ru_ru', ' image '),
 ('81', 'slug', '0', 'ru_ru', ' 4 '),
 ('81', 'title', '0', 'ru_ru', ' 4 '),
 ('72', 'field', '19', 'ru_ru', ' 1 3 4 vee6161 2 3 tonemapped vee6460 vee6676 vee6804 5 6 tonemapped vee6914 5 6 tonemapped 10f92f1c208d3c5898d0afcb0fc8bb31 1b0c212739ad93f9ed95469175546449 434fa506aca537001a0bf0afd88716da 59734 59740 678f30a355bb56223f4993d54a6a886f 7a230c5ffa387cfa5b78 829688 829689 829690 829692 829693 829694 829695 829697 829698 9420ce1be58d1c9d18d06fe1e1beab87 afd649587592e31367b084bcd1 d89f7ae890aefa446ad25b56ee381a9d fa0ce40beeb91eec2869e4d1a106a9e9 '),
 ('82', 'name', '0', 'ru_ru', ' novinki '),
 ('82', 'slug', '0', 'ru_ru', ' novinki '),
 ('82', 'title', '0', 'ru_ru', ' novinki '),
 ('83', 'name', '0', 'ru_ru', ' skidki '),
 ('83', 'slug', '0', 'ru_ru', ' skidki '),
 ('83', 'title', '0', 'ru_ru', ' skidki '),
 ('84', 'name', '0', 'ru_ru', ' kupony '),
 ('84', 'slug', '0', 'ru_ru', ' kupony '),
 ('84', 'title', '0', 'ru_ru', ' kupony '),
 ('85', 'name', '0', 'ru_ru', ' transl '),
 ('85', 'slug', '0', 'ru_ru', ' transl '),
 ('85', 'title', '0', 'ru_ru', ' transl '),
 ('86', 'name', '0', 'ru_ru', ' translyacii '),
 ('86', 'slug', '0', 'ru_ru', ' translyacii '),
 ('86', 'title', '0', 'ru_ru', ' translyacii '),
 ('101', 'filename', '0', 'ru_ru', ' krab__kamchatca jpg '),
 ('123', 'field', '27', 'ru_ru', ' blagorodnoe krasnoe '),
 ('123', 'field', '26', 'ru_ru', ' bergshtajn '),
 ('122', 'slug', '0', 'ru_ru', ''),
 ('122', 'field', '30', 'ru_ru', ''),
 ('122', 'field', '29', 'ru_ru', ''),
 ('90', 'filename', '0', 'ru_ru', ' food 1 png '),
 ('90', 'extension', '0', 'ru_ru', ' png '),
 ('90', 'kind', '0', 'ru_ru', ' image ');
INSERT INTO `brgsh_searchindex` (`elementId`, `attribute`, `fieldId`, `locale`, `keywords`) VALUES
 ('90', 'slug', '0', 'ru_ru', ' food 1 '),
 ('90', 'title', '0', 'ru_ru', ' food 1 '),
 ('9', 'field', '22', 'ru_ru', ' food 1 '),
 ('9', 'field', '25', 'ru_ru', ''),
 ('122', 'field', '28', 'ru_ru', ' 190 r '),
 ('91', 'filename', '0', 'ru_ru', ' food 2 png '),
 ('91', 'extension', '0', 'ru_ru', ' png '),
 ('91', 'kind', '0', 'ru_ru', ' image '),
 ('91', 'slug', '0', 'ru_ru', ' food 2 '),
 ('91', 'title', '0', 'ru_ru', ' food 2 '),
 ('92', 'filename', '0', 'ru_ru', ' food 3 png '),
 ('92', 'extension', '0', 'ru_ru', ' png '),
 ('92', 'kind', '0', 'ru_ru', ' image '),
 ('92', 'slug', '0', 'ru_ru', ' food 3 '),
 ('92', 'title', '0', 'ru_ru', ' food 3 '),
 ('93', 'filename', '0', 'ru_ru', ' food 4 png '),
 ('93', 'extension', '0', 'ru_ru', ' png '),
 ('93', 'kind', '0', 'ru_ru', ' image '),
 ('93', 'slug', '0', 'ru_ru', ' food 4 '),
 ('93', 'title', '0', 'ru_ru', ' food 4 '),
 ('94', 'filename', '0', 'ru_ru', ' food 5 png '),
 ('94', 'extension', '0', 'ru_ru', ' png '),
 ('94', 'kind', '0', 'ru_ru', ' image '),
 ('94', 'slug', '0', 'ru_ru', ' food 5 '),
 ('94', 'title', '0', 'ru_ru', ' food 5 '),
 ('95', 'filename', '0', 'ru_ru', ' food 6 png '),
 ('95', 'extension', '0', 'ru_ru', ' png '),
 ('95', 'kind', '0', 'ru_ru', ' image '),
 ('95', 'slug', '0', 'ru_ru', ' food 6 '),
 ('95', 'title', '0', 'ru_ru', ' food 6 '),
 ('122', 'field', '27', 'ru_ru', ' domashnee svetloe '),
 ('122', 'field', '26', 'ru_ru', ' bergshtajn '),
 ('12', 'field', '22', 'ru_ru', ' food 4 '),
 ('12', 'field', '25', 'ru_ru', ''),
 ('96', 'filename', '0', 'ru_ru', ' utleie jpg '),
 ('96', 'extension', '0', 'ru_ru', ' jpg '),
 ('96', 'kind', '0', 'ru_ru', ' image '),
 ('96', 'slug', '0', 'ru_ru', ' utleie '),
 ('96', 'title', '0', 'ru_ru', ' utleie '),
 ('98', 'slug', '0', 'ru_ru', ' woocommerce coupon tracking addon '),
 ('98', 'title', '0', 'ru_ru', ' woocommerce coupon tracking addon '),
 ('99', 'filename', '0', 'ru_ru', ' 162f8f90c9897b80d23fcdcfc4e4036a jpg '),
 ('99', 'extension', '0', 'ru_ru', ' jpg '),
 ('99', 'kind', '0', 'ru_ru', ' image '),
 ('99', 'slug', '0', 'ru_ru', ' 162f8f90c9897b80d23fcdcfc4e4036a '),
 ('99', 'title', '0', 'ru_ru', ' 162f8f90c9897b80d23fcdcfc4e4036a '),
 ('104', 'slug', '0', 'ru_ru', ''),
 ('104', 'field', '9', 'ru_ru', ' function d w c w c = w c push function try w yacounter44856604 = new ya metrika id 44856604 clickmap true tracklinks true accuratetrackbounce true webvisor true trackhash true catch e var n = d getelementsbytagname script 0 s = d createelement script f = function n parentnode insertbefore s n s type = text javascript s async = true s src = https mc yandex ru metrika watch js if w opera == object opera d addeventlistener domcontentloaded f false else f document window yandex_metrika_callbacks function i s o g r a m i googleanalyticsobject =r i r =i r function i r q=i r q push arguments i r l=1 new date a=s createelement o m=s getelementsbytagname o 0 a async=1 a src=g m parentnode insertbefore a m window document script https www google analytics com analytics js ga ga create ua 27028673 76 auto ga send pageview '),
 ('105', 'field', '3', 'ru_ru', ' 1 '),
 ('105', 'field', '4', 'ru_ru', ' fotografii interьera '),
 ('105', 'field', '5', 'ru_ru', ' posmotretь gallery '),
 ('105', 'slug', '0', 'ru_ru', ' testovyj slajd '),
 ('105', 'title', '0', 'ru_ru', ' my otkrylisь '),
 ('106', 'field', '6', 'ru_ru', ' gallery '),
 ('106', 'field', '7', 'ru_ru', ' posmotretь '),
 ('106', 'slug', '0', 'ru_ru', ''),
 ('107', 'field', '3', 'ru_ru', ' 3 '),
 ('107', 'field', '4', 'ru_ru', ' fotografii interьera '),
 ('107', 'field', '5', 'ru_ru', ' posmotretь gallery '),
 ('107', 'slug', '0', 'ru_ru', ' testovyj slajd '),
 ('107', 'title', '0', 'ru_ru', ' my otkrylisь '),
 ('108', 'field', '6', 'ru_ru', ' gallery '),
 ('108', 'field', '7', 'ru_ru', ' posmotretь '),
 ('108', 'slug', '0', 'ru_ru', ''),
 ('109', 'field', '3', 'ru_ru', ' 4 '),
 ('109', 'field', '4', 'ru_ru', ' fotografii interьera '),
 ('109', 'field', '5', 'ru_ru', ' posmotretь gallery '),
 ('109', 'slug', '0', 'ru_ru', ' testovyj slajd '),
 ('109', 'title', '0', 'ru_ru', ' my otkrylisь '),
 ('110', 'field', '6', 'ru_ru', ' gallery '),
 ('110', 'field', '7', 'ru_ru', ' posmotretь '),
 ('110', 'slug', '0', 'ru_ru', ''),
 ('111', 'field', '3', 'ru_ru', ' vee6460 '),
 ('111', 'field', '4', 'ru_ru', ' oznakomьtesь s novym menyu '),
 ('111', 'field', '5', 'ru_ru', ' perejti menu '),
 ('111', 'slug', '0', 'ru_ru', ' my otkrylis '),
 ('111', 'title', '0', 'ru_ru', ' my otkrylisь '),
 ('112', 'field', '6', 'ru_ru', ' menu '),
 ('112', 'field', '7', 'ru_ru', ' perejti '),
 ('112', 'slug', '0', 'ru_ru', ''),
 ('113', 'field', '3', 'ru_ru', ' vee6676 '),
 ('113', 'field', '4', 'ru_ru', ' oznakomьtesь s novym menyu '),
 ('113', 'field', '5', 'ru_ru', ' perejti menu '),
 ('113', 'slug', '0', 'ru_ru', ' my otkrylis '),
 ('113', 'title', '0', 'ru_ru', ' my otkrylisь '),
 ('114', 'field', '6', 'ru_ru', ' menu '),
 ('114', 'field', '7', 'ru_ru', ' perejti '),
 ('114', 'slug', '0', 'ru_ru', ''),
 ('115', 'field', '3', 'ru_ru', ' vee6914 5 6 tonemapped '),
 ('115', 'field', '4', 'ru_ru', ' oznakomьtesь s novym menyu '),
 ('115', 'field', '5', 'ru_ru', ' perejti menu '),
 ('115', 'slug', '0', 'ru_ru', ' my otkrylis '),
 ('115', 'title', '0', 'ru_ru', ' my otkrylisь '),
 ('116', 'field', '6', 'ru_ru', ' menu '),
 ('116', 'field', '7', 'ru_ru', ' perejti '),
 ('116', 'slug', '0', 'ru_ru', ''),
 ('117', 'slug', '0', 'ru_ru', ''),
 ('118', 'slug', '0', 'ru_ru', ''),
 ('117', 'field', '9', 'ru_ru', ''),
 ('118', 'field', '9', 'ru_ru', '');
INSERT INTO `brgsh_searchindex` (`elementId`, `attribute`, `fieldId`, `locale`, `keywords`) VALUES
 ('132', 'field', '27', 'ru_ru', ' vishnevoe pshenichnoe '),
 ('9', 'field', '31', 'ru_ru', ' food 1 '),
 ('121', 'title', '0', 'ru_ru', ' pivo razlivnoe 500 ml '),
 ('12', 'field', '31', 'ru_ru', ' alcohol '),
 ('121', 'slug', '0', 'ru_ru', ' pivo razlivnoe '),
 ('121', 'field', '25', 'ru_ru', ' 190 r bergshtajn domashnee svetloe 260 r bergshtajn blagorodnoe krasnoe 270 r heineken 290 r krushovice temnoe 240 r edelweiss nefilьtrovannoe 390 r guinness irlandiya spec cena sale 240 r sidr grushevyj polusladkij '),
 ('121', 'field', '31', 'ru_ru', ' beer1 '),
 ('119', 'filename', '0', 'ru_ru', ' cuba libre1 780x780 jpg '),
 ('119', 'extension', '0', 'ru_ru', ' jpg '),
 ('119', 'kind', '0', 'ru_ru', ' image '),
 ('119', 'slug', '0', 'ru_ru', ' cuba libre1 780x780 '),
 ('119', 'title', '0', 'ru_ru', ' cuba libre1 780x780 '),
 ('120', 'filename', '0', 'ru_ru', ' 142249951 jpg '),
 ('120', 'extension', '0', 'ru_ru', ' jpg '),
 ('120', 'kind', '0', 'ru_ru', ' image '),
 ('120', 'slug', '0', 'ru_ru', ' 142249951 '),
 ('120', 'title', '0', 'ru_ru', ' 142249951 '),
 ('132', 'field', '28', 'ru_ru', ' 290 r '),
 ('132', 'field', '29', 'ru_ru', ''),
 ('132', 'field', '30', 'ru_ru', ''),
 ('132', 'slug', '0', 'ru_ru', ''),
 ('133', 'field', '31', 'ru_ru', ' craft '),
 ('133', 'field', '25', 'ru_ru', ' 290 r jaws brewery v ass 290 r konix brewery v ass 390 r de molen v ass spec cena 390 r bezalkogolьnoe pivo klaustaler 0 33 ml '),
 ('133', 'slug', '0', 'ru_ru', ' kraftovoe pivo butylochnoe '),
 ('133', 'title', '0', 'ru_ru', ' kraftovoe pivo butylochnoe 500 ml '),
 ('134', 'field', '26', 'ru_ru', ' jaws brewery '),
 ('134', 'field', '27', 'ru_ru', ' v ass '),
 ('134', 'field', '28', 'ru_ru', ' 290 r '),
 ('134', 'field', '29', 'ru_ru', ''),
 ('134', 'field', '30', 'ru_ru', ''),
 ('134', 'slug', '0', 'ru_ru', ''),
 ('135', 'field', '26', 'ru_ru', ' konix brewery '),
 ('135', 'field', '27', 'ru_ru', ' v ass '),
 ('135', 'field', '28', 'ru_ru', ' 290 r '),
 ('135', 'field', '29', 'ru_ru', ''),
 ('135', 'field', '30', 'ru_ru', ''),
 ('135', 'slug', '0', 'ru_ru', ''),
 ('136', 'field', '26', 'ru_ru', ' de molen '),
 ('136', 'field', '27', 'ru_ru', ' v ass spec cena '),
 ('136', 'field', '28', 'ru_ru', ' 390 r '),
 ('136', 'field', '29', 'ru_ru', ''),
 ('136', 'field', '30', 'ru_ru', ''),
 ('136', 'slug', '0', 'ru_ru', ''),
 ('137', 'field', '26', 'ru_ru', ' bezalkogolьnoe pivo klaustaler '),
 ('137', 'field', '27', 'ru_ru', ' 0 33 ml '),
 ('137', 'field', '28', 'ru_ru', ' 390 r '),
 ('137', 'field', '29', 'ru_ru', ''),
 ('137', 'field', '30', 'ru_ru', ''),
 ('137', 'slug', '0', 'ru_ru', ''),
 ('138', 'field', '31', 'ru_ru', ' kokteyli '),
 ('138', 'field', '25', 'ru_ru', ' 1448 whiskey e cola cocktail cocktail con il whiskey coca cola ghiacciata 360 r viski kola rom kola dzhin tonik 200 ml milano campari 360 r kampari orandzh 200 ml aperol spritz easy living 5july13 bt 330x330 390 r aperol spritc 200 ml 480 r klubnichnyj mohito 250 ml 470 r mohito 250 ml 440 r klubnichnyj dajkiri 150 ml 390 r dajkiri 150 ml 360 r tekila bum 150 ml 420 r tekila sanrajz 200 ml 460 r margarita 150 ml 480 r margarita klubnichnaya 150 ml 390 r golubaya laguna 200 ml 390 r belyj russkij 150 ml 390 r kosmopoliten 150 ml 420 r seks na plyazhe 200 ml 390 r orgazm 150 ml 390 r negroni 150 ml 440 r pina kolada 200 ml 490 r long ajlend ajsti 250 ml b52 shot 157511324 58a472bd3df78c475860ce72 390 r b 52 ili b 53 45 ml 290 r boyarskij 45 ml 490 r unesennye vetrom 200 ml 490 r pryzhok diavola 250 ml '),
 ('138', 'slug', '0', 'ru_ru', ' koktejli '),
 ('138', 'title', '0', 'ru_ru', ' koktejli '),
 ('139', 'field', '26', 'ru_ru', ' viski kola rom kola dzhin tonik '),
 ('139', 'field', '27', 'ru_ru', ' 200 ml '),
 ('139', 'field', '28', 'ru_ru', ' 360 r '),
 ('139', 'field', '29', 'ru_ru', ' 1448 whiskey e cola cocktail cocktail con il whiskey coca cola ghiacciata '),
 ('139', 'field', '30', 'ru_ru', ''),
 ('139', 'slug', '0', 'ru_ru', ''),
 ('140', 'field', '26', 'ru_ru', ' kampari orandzh '),
 ('140', 'field', '27', 'ru_ru', ' 200 ml '),
 ('140', 'field', '28', 'ru_ru', ' 360 r '),
 ('140', 'field', '29', 'ru_ru', ' milano campari '),
 ('140', 'field', '30', 'ru_ru', ''),
 ('140', 'slug', '0', 'ru_ru', ''),
 ('141', 'field', '26', 'ru_ru', ' aperol spritc '),
 ('141', 'field', '27', 'ru_ru', ' 200 ml '),
 ('141', 'field', '28', 'ru_ru', ' 390 r '),
 ('141', 'field', '29', 'ru_ru', ' aperol spritz easy living 5july13 bt 330x330 '),
 ('141', 'field', '30', 'ru_ru', ''),
 ('141', 'slug', '0', 'ru_ru', ''),
 ('142', 'field', '26', 'ru_ru', ' klubnichnyj mohito '),
 ('142', 'field', '27', 'ru_ru', ' 250 ml '),
 ('142', 'field', '28', 'ru_ru', ' 480 r '),
 ('142', 'field', '29', 'ru_ru', ''),
 ('142', 'field', '30', 'ru_ru', ''),
 ('142', 'slug', '0', 'ru_ru', ''),
 ('143', 'field', '26', 'ru_ru', ' mohito '),
 ('143', 'field', '27', 'ru_ru', ' 250 ml '),
 ('143', 'field', '28', 'ru_ru', ' 470 r '),
 ('143', 'field', '29', 'ru_ru', ''),
 ('143', 'field', '30', 'ru_ru', ''),
 ('143', 'slug', '0', 'ru_ru', ''),
 ('144', 'field', '26', 'ru_ru', ' klubnichnyj dajkiri '),
 ('144', 'field', '27', 'ru_ru', ' 150 ml '),
 ('144', 'field', '28', 'ru_ru', ' 440 r '),
 ('144', 'field', '29', 'ru_ru', ''),
 ('144', 'field', '30', 'ru_ru', ''),
 ('144', 'slug', '0', 'ru_ru', ''),
 ('145', 'field', '26', 'ru_ru', ' dajkiri '),
 ('145', 'field', '27', 'ru_ru', ' 150 ml '),
 ('145', 'field', '28', 'ru_ru', ' 390 r '),
 ('145', 'field', '29', 'ru_ru', ''),
 ('145', 'field', '30', 'ru_ru', ''),
 ('145', 'slug', '0', 'ru_ru', ''),
 ('146', 'field', '26', 'ru_ru', ' tekila bum '),
 ('146', 'field', '27', 'ru_ru', ' 150 ml '),
 ('146', 'field', '28', 'ru_ru', ' 360 r '),
 ('146', 'field', '29', 'ru_ru', ''),
 ('146', 'field', '30', 'ru_ru', '');
INSERT INTO `brgsh_searchindex` (`elementId`, `attribute`, `fieldId`, `locale`, `keywords`) VALUES
 ('146', 'slug', '0', 'ru_ru', ''),
 ('147', 'field', '26', 'ru_ru', ' tekila sanrajz '),
 ('147', 'field', '27', 'ru_ru', ' 200 ml '),
 ('147', 'field', '28', 'ru_ru', ' 420 r '),
 ('147', 'field', '29', 'ru_ru', ''),
 ('147', 'field', '30', 'ru_ru', ''),
 ('147', 'slug', '0', 'ru_ru', ''),
 ('148', 'field', '26', 'ru_ru', ' margarita '),
 ('148', 'field', '27', 'ru_ru', ' 150 ml '),
 ('148', 'field', '28', 'ru_ru', ' 460 r '),
 ('148', 'field', '29', 'ru_ru', ''),
 ('148', 'field', '30', 'ru_ru', ''),
 ('148', 'slug', '0', 'ru_ru', ''),
 ('149', 'field', '26', 'ru_ru', ' margarita klubnichnaya '),
 ('149', 'field', '27', 'ru_ru', ' 150 ml '),
 ('149', 'field', '28', 'ru_ru', ' 480 r '),
 ('149', 'field', '29', 'ru_ru', ''),
 ('149', 'field', '30', 'ru_ru', ''),
 ('149', 'slug', '0', 'ru_ru', ''),
 ('150', 'field', '26', 'ru_ru', ' golubaya laguna '),
 ('150', 'field', '27', 'ru_ru', ' 200 ml '),
 ('150', 'field', '28', 'ru_ru', ' 390 r '),
 ('150', 'field', '29', 'ru_ru', ''),
 ('150', 'field', '30', 'ru_ru', ''),
 ('150', 'slug', '0', 'ru_ru', ''),
 ('151', 'field', '26', 'ru_ru', ' belyj russkij '),
 ('151', 'field', '27', 'ru_ru', ' 150 ml '),
 ('151', 'field', '28', 'ru_ru', ' 390 r '),
 ('151', 'field', '29', 'ru_ru', ''),
 ('151', 'field', '30', 'ru_ru', ''),
 ('151', 'slug', '0', 'ru_ru', ''),
 ('152', 'field', '26', 'ru_ru', ' kosmopoliten '),
 ('152', 'field', '27', 'ru_ru', ' 150 ml '),
 ('152', 'field', '28', 'ru_ru', ' 390 r '),
 ('152', 'field', '29', 'ru_ru', ''),
 ('152', 'field', '30', 'ru_ru', ''),
 ('152', 'slug', '0', 'ru_ru', ''),
 ('153', 'field', '26', 'ru_ru', ' seks na plyazhe '),
 ('153', 'field', '27', 'ru_ru', ' 200 ml '),
 ('153', 'field', '28', 'ru_ru', ' 420 r '),
 ('153', 'field', '29', 'ru_ru', ''),
 ('153', 'field', '30', 'ru_ru', ''),
 ('153', 'slug', '0', 'ru_ru', ''),
 ('154', 'field', '26', 'ru_ru', ' orgazm '),
 ('154', 'field', '27', 'ru_ru', ' 150 ml '),
 ('154', 'field', '28', 'ru_ru', ' 390 r '),
 ('154', 'field', '29', 'ru_ru', ''),
 ('154', 'field', '30', 'ru_ru', ''),
 ('154', 'slug', '0', 'ru_ru', ''),
 ('155', 'field', '26', 'ru_ru', ' negroni '),
 ('155', 'field', '27', 'ru_ru', ' 150 ml '),
 ('155', 'field', '28', 'ru_ru', ' 390 r '),
 ('155', 'field', '29', 'ru_ru', ''),
 ('155', 'field', '30', 'ru_ru', ''),
 ('155', 'slug', '0', 'ru_ru', ''),
 ('156', 'field', '26', 'ru_ru', ' pina kolada '),
 ('156', 'field', '27', 'ru_ru', ' 200 ml '),
 ('156', 'field', '28', 'ru_ru', ' 440 r '),
 ('156', 'field', '29', 'ru_ru', ''),
 ('156', 'field', '30', 'ru_ru', ''),
 ('156', 'slug', '0', 'ru_ru', ''),
 ('157', 'field', '26', 'ru_ru', ' long ajlend ajsti '),
 ('157', 'field', '27', 'ru_ru', ' 250 ml '),
 ('157', 'field', '28', 'ru_ru', ' 490 r '),
 ('157', 'field', '29', 'ru_ru', ''),
 ('157', 'field', '30', 'ru_ru', ''),
 ('157', 'slug', '0', 'ru_ru', ''),
 ('158', 'field', '26', 'ru_ru', ' b 52 ili b 53 '),
 ('158', 'field', '27', 'ru_ru', ' 45 ml '),
 ('158', 'field', '28', 'ru_ru', ' 390 r '),
 ('158', 'field', '29', 'ru_ru', ' b52 shot 157511324 58a472bd3df78c475860ce72 '),
 ('158', 'field', '30', 'ru_ru', ''),
 ('158', 'slug', '0', 'ru_ru', ''),
 ('159', 'field', '26', 'ru_ru', ' boyarskij '),
 ('159', 'field', '27', 'ru_ru', ' 45 ml '),
 ('159', 'field', '28', 'ru_ru', ' 290 r '),
 ('159', 'field', '29', 'ru_ru', ''),
 ('159', 'field', '30', 'ru_ru', ''),
 ('159', 'slug', '0', 'ru_ru', ''),
 ('160', 'field', '26', 'ru_ru', ' unesennye vetrom '),
 ('160', 'field', '27', 'ru_ru', ' 200 ml '),
 ('160', 'field', '28', 'ru_ru', ' 490 r '),
 ('160', 'field', '29', 'ru_ru', ''),
 ('160', 'field', '30', 'ru_ru', ''),
 ('160', 'slug', '0', 'ru_ru', ''),
 ('161', 'field', '26', 'ru_ru', ' pryzhok diavola '),
 ('161', 'field', '27', 'ru_ru', ' 250 ml '),
 ('161', 'field', '28', 'ru_ru', ' 490 r '),
 ('161', 'field', '29', 'ru_ru', ''),
 ('161', 'field', '30', 'ru_ru', ''),
 ('161', 'slug', '0', 'ru_ru', ''),
 ('162', 'field', '31', 'ru_ru', ' vodka '),
 ('162', 'field', '25', 'ru_ru', ' 130 r hrenovuha sobstvennogo prigotovleniya 130 r pyatь ozer 210 r haski 240 r belaya berezka 260 r russkij standart 280 r finlyandiya finlyandiya klyukva '),
 ('162', 'slug', '0', 'ru_ru', ' vodka '),
 ('162', 'title', '0', 'ru_ru', ' vodka 50 ml '),
 ('163', 'field', '26', 'ru_ru', ' hrenovuha '),
 ('163', 'field', '27', 'ru_ru', ' sobstvennogo prigotovleniya '),
 ('163', 'field', '28', 'ru_ru', ' 130 r '),
 ('163', 'field', '29', 'ru_ru', ''),
 ('163', 'field', '30', 'ru_ru', '');
INSERT INTO `brgsh_searchindex` (`elementId`, `attribute`, `fieldId`, `locale`, `keywords`) VALUES
 ('163', 'slug', '0', 'ru_ru', ''),
 ('164', 'field', '26', 'ru_ru', ' pyatь ozer '),
 ('164', 'field', '27', 'ru_ru', ''),
 ('164', 'field', '28', 'ru_ru', ' 130 r '),
 ('164', 'field', '29', 'ru_ru', ''),
 ('164', 'field', '30', 'ru_ru', ''),
 ('164', 'slug', '0', 'ru_ru', ''),
 ('165', 'field', '26', 'ru_ru', ' haski '),
 ('165', 'field', '27', 'ru_ru', ''),
 ('165', 'field', '28', 'ru_ru', ' 210 r '),
 ('165', 'field', '29', 'ru_ru', ''),
 ('165', 'field', '30', 'ru_ru', ''),
 ('165', 'slug', '0', 'ru_ru', ''),
 ('166', 'field', '26', 'ru_ru', ' belaya berezka '),
 ('166', 'field', '27', 'ru_ru', ''),
 ('166', 'field', '28', 'ru_ru', ' 240 r '),
 ('166', 'field', '29', 'ru_ru', ''),
 ('166', 'field', '30', 'ru_ru', ''),
 ('166', 'slug', '0', 'ru_ru', ''),
 ('167', 'field', '26', 'ru_ru', ' russkij standart '),
 ('167', 'field', '27', 'ru_ru', ''),
 ('167', 'field', '28', 'ru_ru', ' 260 r '),
 ('167', 'field', '29', 'ru_ru', ''),
 ('167', 'field', '30', 'ru_ru', ''),
 ('167', 'slug', '0', 'ru_ru', ''),
 ('168', 'field', '26', 'ru_ru', ' finlyandiya finlyandiya klyukva '),
 ('168', 'field', '27', 'ru_ru', ''),
 ('168', 'field', '28', 'ru_ru', ' 280 r '),
 ('168', 'field', '29', 'ru_ru', ''),
 ('168', 'field', '30', 'ru_ru', ''),
 ('168', 'slug', '0', 'ru_ru', ''),
 ('169', 'field', '31', 'ru_ru', ' whisky '),
 ('169', 'field', '25', 'ru_ru', ' 5802524e55c4071ec1d71324 290 r vilьyam lousons 340 r dyuars uajt lejbl glen grant bottle 2 550 r glen grant 5 let 330 r red label ballantines 350 r jameson 390 r jack daniels jim beam 490 r black label chivas regal 290 r 330 r armyanskij 3 5 490 r 890 r remy martin vs vsop '),
 ('169', 'slug', '0', 'ru_ru', ' viski konyak '),
 ('169', 'title', '0', 'ru_ru', ' viski konьyak 50 ml '),
 ('170', 'field', '26', 'ru_ru', ' vilьyam lousons '),
 ('170', 'field', '27', 'ru_ru', ''),
 ('170', 'field', '28', 'ru_ru', ' 290 r '),
 ('170', 'field', '29', 'ru_ru', ' 5802524e55c4071ec1d71324 '),
 ('170', 'field', '30', 'ru_ru', ''),
 ('170', 'slug', '0', 'ru_ru', ''),
 ('171', 'field', '26', 'ru_ru', ' dyuars uajt lejbl '),
 ('171', 'field', '27', 'ru_ru', ''),
 ('171', 'field', '28', 'ru_ru', ' 340 r '),
 ('171', 'field', '29', 'ru_ru', ''),
 ('171', 'field', '30', 'ru_ru', ''),
 ('171', 'slug', '0', 'ru_ru', ''),
 ('172', 'field', '26', 'ru_ru', ' glen grant 5 let '),
 ('172', 'field', '27', 'ru_ru', ''),
 ('172', 'field', '28', 'ru_ru', ' 550 r '),
 ('172', 'field', '29', 'ru_ru', ' glen grant bottle 2 '),
 ('172', 'field', '30', 'ru_ru', ''),
 ('172', 'slug', '0', 'ru_ru', ''),
 ('173', 'field', '26', 'ru_ru', ' red label ballantines '),
 ('173', 'field', '27', 'ru_ru', ''),
 ('173', 'field', '28', 'ru_ru', ' 330 r '),
 ('173', 'field', '29', 'ru_ru', ''),
 ('173', 'field', '30', 'ru_ru', ''),
 ('173', 'slug', '0', 'ru_ru', ''),
 ('174', 'field', '26', 'ru_ru', ' jameson '),
 ('174', 'field', '27', 'ru_ru', ''),
 ('174', 'field', '28', 'ru_ru', ' 350 r '),
 ('174', 'field', '29', 'ru_ru', ''),
 ('174', 'field', '30', 'ru_ru', ''),
 ('174', 'slug', '0', 'ru_ru', ''),
 ('175', 'field', '26', 'ru_ru', ' jack daniels jim beam '),
 ('175', 'field', '27', 'ru_ru', ''),
 ('175', 'field', '28', 'ru_ru', ' 390 r '),
 ('175', 'field', '29', 'ru_ru', ''),
 ('175', 'field', '30', 'ru_ru', ''),
 ('175', 'slug', '0', 'ru_ru', ''),
 ('176', 'field', '26', 'ru_ru', ' black label chivas regal '),
 ('176', 'field', '27', 'ru_ru', ''),
 ('176', 'field', '28', 'ru_ru', ' 490 r '),
 ('176', 'field', '29', 'ru_ru', ''),
 ('176', 'field', '30', 'ru_ru', ''),
 ('176', 'slug', '0', 'ru_ru', ''),
 ('177', 'field', '26', 'ru_ru', ' armyanskij 3 5 '),
 ('177', 'field', '27', 'ru_ru', ''),
 ('177', 'field', '28', 'ru_ru', ' 290 r 330 r '),
 ('177', 'field', '29', 'ru_ru', ''),
 ('177', 'field', '30', 'ru_ru', ''),
 ('177', 'slug', '0', 'ru_ru', ''),
 ('178', 'field', '26', 'ru_ru', ' remy martin vs vsop '),
 ('178', 'field', '27', 'ru_ru', ''),
 ('178', 'field', '28', 'ru_ru', ' 490 r 890 r '),
 ('178', 'field', '29', 'ru_ru', ''),
 ('178', 'field', '30', 'ru_ru', ''),
 ('178', 'slug', '0', 'ru_ru', ''),
 ('179', 'field', '31', 'ru_ru', ' rum '),
 ('179', 'field', '25', 'ru_ru', ' 290 r bacardi superior 330 r bacardi black oakheart spiced 320 r captain morgan black spiced gold 290 r messicano silver gold 330 r sauza olmeka silver gold 220 r bifiter '),
 ('179', 'slug', '0', 'ru_ru', ' rom tekila dzhin '),
 ('179', 'title', '0', 'ru_ru', ' rom tekila dzhin 50 ml '),
 ('180', 'field', '26', 'ru_ru', ' bacardi superior '),
 ('180', 'field', '27', 'ru_ru', ''),
 ('180', 'field', '28', 'ru_ru', ' 290 r '),
 ('180', 'field', '29', 'ru_ru', ''),
 ('180', 'field', '30', 'ru_ru', ''),
 ('180', 'slug', '0', 'ru_ru', ''),
 ('181', 'field', '26', 'ru_ru', ' bacardi black oakheart spiced ');
INSERT INTO `brgsh_searchindex` (`elementId`, `attribute`, `fieldId`, `locale`, `keywords`) VALUES
 ('181', 'field', '27', 'ru_ru', ''),
 ('181', 'field', '28', 'ru_ru', ' 330 r '),
 ('181', 'field', '29', 'ru_ru', ''),
 ('181', 'field', '30', 'ru_ru', ''),
 ('181', 'slug', '0', 'ru_ru', ''),
 ('182', 'field', '26', 'ru_ru', ' captain morgan '),
 ('182', 'field', '27', 'ru_ru', ' black spiced gold '),
 ('182', 'field', '28', 'ru_ru', ' 320 r '),
 ('182', 'field', '29', 'ru_ru', ''),
 ('182', 'field', '30', 'ru_ru', ''),
 ('182', 'slug', '0', 'ru_ru', ''),
 ('183', 'field', '26', 'ru_ru', ' messicano '),
 ('183', 'field', '27', 'ru_ru', ' silver gold '),
 ('183', 'field', '28', 'ru_ru', ' 290 r '),
 ('183', 'field', '29', 'ru_ru', ''),
 ('183', 'field', '30', 'ru_ru', ''),
 ('183', 'slug', '0', 'ru_ru', ''),
 ('184', 'field', '26', 'ru_ru', ' sauza olmeka '),
 ('184', 'field', '27', 'ru_ru', ' silver gold '),
 ('184', 'field', '28', 'ru_ru', ' 330 r '),
 ('184', 'field', '29', 'ru_ru', ''),
 ('184', 'field', '30', 'ru_ru', ''),
 ('184', 'slug', '0', 'ru_ru', ''),
 ('185', 'field', '26', 'ru_ru', ' bifiter '),
 ('185', 'field', '27', 'ru_ru', ''),
 ('185', 'field', '28', 'ru_ru', ' 220 r '),
 ('185', 'field', '29', 'ru_ru', ''),
 ('185', 'field', '30', 'ru_ru', ''),
 ('185', 'slug', '0', 'ru_ru', ''),
 ('186', 'field', '31', 'ru_ru', ' liq '),
 ('186', 'field', '25', 'ru_ru', ' 190 r martini v assortimente 250 r kampari aperol 290 r yagermajster beherovka 290 r sambuka 290 r bejlis kalua kuantro 290 r 390 r limonchello absent '),
 ('186', 'slug', '0', 'ru_ru', ' nastojki likery '),
 ('186', 'title', '0', 'ru_ru', ' nastojki likery 50 ml '),
 ('187', 'field', '26', 'ru_ru', ' martini '),
 ('187', 'field', '27', 'ru_ru', ' v assortimente '),
 ('187', 'field', '28', 'ru_ru', ' 190 r '),
 ('187', 'field', '29', 'ru_ru', ''),
 ('187', 'field', '30', 'ru_ru', ''),
 ('187', 'slug', '0', 'ru_ru', ''),
 ('188', 'field', '26', 'ru_ru', ' kampari aperol '),
 ('188', 'field', '27', 'ru_ru', ''),
 ('188', 'field', '28', 'ru_ru', ' 250 r '),
 ('188', 'field', '29', 'ru_ru', ''),
 ('188', 'field', '30', 'ru_ru', ''),
 ('188', 'slug', '0', 'ru_ru', ''),
 ('189', 'field', '26', 'ru_ru', ' yagermajster beherovka '),
 ('189', 'field', '27', 'ru_ru', ''),
 ('189', 'field', '28', 'ru_ru', ' 290 r '),
 ('189', 'field', '29', 'ru_ru', ''),
 ('189', 'field', '30', 'ru_ru', ''),
 ('189', 'slug', '0', 'ru_ru', ''),
 ('190', 'field', '26', 'ru_ru', ' sambuka '),
 ('190', 'field', '27', 'ru_ru', ''),
 ('190', 'field', '28', 'ru_ru', ' 290 r '),
 ('190', 'field', '29', 'ru_ru', ''),
 ('190', 'field', '30', 'ru_ru', ''),
 ('190', 'slug', '0', 'ru_ru', ''),
 ('191', 'field', '26', 'ru_ru', ' bejlis kalua kuantro '),
 ('191', 'field', '27', 'ru_ru', ''),
 ('191', 'field', '28', 'ru_ru', ' 290 r '),
 ('191', 'field', '29', 'ru_ru', ''),
 ('191', 'field', '30', 'ru_ru', ''),
 ('191', 'slug', '0', 'ru_ru', ''),
 ('192', 'field', '26', 'ru_ru', ' limonchello absent '),
 ('192', 'field', '27', 'ru_ru', ''),
 ('192', 'field', '28', 'ru_ru', ' 290 r 390 r '),
 ('192', 'field', '29', 'ru_ru', ''),
 ('192', 'field', '30', 'ru_ru', ''),
 ('192', 'slug', '0', 'ru_ru', ''),
 ('193', 'field', '31', 'ru_ru', ' champ '),
 ('193', 'field', '25', 'ru_ru', ' 1900 r prosekko italiya 1700 r lambrusko beloe krasnoe p sladkoe 180 r 900 r shampanskoe bok but '),
 ('193', 'slug', '0', 'ru_ru', ' igristoe vino '),
 ('193', 'title', '0', 'ru_ru', ' igristoe vino but '),
 ('194', 'field', '26', 'ru_ru', ' prosekko '),
 ('194', 'field', '27', 'ru_ru', ' italiya '),
 ('194', 'field', '28', 'ru_ru', ' 1900 r '),
 ('194', 'field', '29', 'ru_ru', ''),
 ('194', 'field', '30', 'ru_ru', ''),
 ('194', 'slug', '0', 'ru_ru', ''),
 ('195', 'field', '26', 'ru_ru', ' lambrusko '),
 ('195', 'field', '27', 'ru_ru', ' beloe krasnoe p sladkoe '),
 ('195', 'field', '28', 'ru_ru', ' 1700 r '),
 ('195', 'field', '29', 'ru_ru', ''),
 ('195', 'field', '30', 'ru_ru', ''),
 ('195', 'slug', '0', 'ru_ru', ''),
 ('196', 'field', '26', 'ru_ru', ' shampanskoe '),
 ('196', 'field', '27', 'ru_ru', ' bok but '),
 ('196', 'field', '28', 'ru_ru', ' 180 r 900 r '),
 ('196', 'field', '29', 'ru_ru', ''),
 ('196', 'field', '30', 'ru_ru', ''),
 ('196', 'slug', '0', 'ru_ru', ''),
 ('197', 'field', '31', 'ru_ru', ' white wine '),
 ('197', 'field', '25', 'ru_ru', ' 180 r 900 r vino po bokalam franciya italiya 1600 r nuragusdi kalьyari doc italiya suh 1800 r bordo blan suh polusladkoe 1800 r pino gridzhio italiya suh '),
 ('197', 'slug', '0', 'ru_ru', ' beloe vino '),
 ('197', 'title', '0', 'ru_ru', ' beloe vino but '),
 ('198', 'field', '26', 'ru_ru', ' vino po bokalam '),
 ('198', 'field', '27', 'ru_ru', ' franciya italiya '),
 ('198', 'field', '28', 'ru_ru', ' 180 r 900 r '),
 ('198', 'field', '29', 'ru_ru', ''),
 ('198', 'field', '30', 'ru_ru', '');
INSERT INTO `brgsh_searchindex` (`elementId`, `attribute`, `fieldId`, `locale`, `keywords`) VALUES
 ('198', 'slug', '0', 'ru_ru', ''),
 ('199', 'field', '26', 'ru_ru', ' nuragusdi kalьyari doc '),
 ('199', 'field', '27', 'ru_ru', ' italiya suh '),
 ('199', 'field', '28', 'ru_ru', ' 1600 r '),
 ('199', 'field', '29', 'ru_ru', ''),
 ('199', 'field', '30', 'ru_ru', ''),
 ('199', 'slug', '0', 'ru_ru', ''),
 ('200', 'field', '26', 'ru_ru', ' bordo blan '),
 ('200', 'field', '27', 'ru_ru', ' suh polusladkoe '),
 ('200', 'field', '28', 'ru_ru', ' 1800 r '),
 ('200', 'field', '29', 'ru_ru', ''),
 ('200', 'field', '30', 'ru_ru', ''),
 ('200', 'slug', '0', 'ru_ru', ''),
 ('201', 'field', '26', 'ru_ru', ' pino gridzhio '),
 ('201', 'field', '27', 'ru_ru', ' italiya suh '),
 ('201', 'field', '28', 'ru_ru', ' 1800 r '),
 ('201', 'field', '29', 'ru_ru', ''),
 ('201', 'field', '30', 'ru_ru', ''),
 ('201', 'slug', '0', 'ru_ru', ''),
 ('202', 'field', '31', 'ru_ru', ' red wine '),
 ('202', 'field', '25', 'ru_ru', ' 180 r 900 r vino po bokalam franciya italiya 1800 r montepulьchano italiya suh 1800 r bordo ruzh franciya suh 1900 r kindzmarauli gruziya polusladkoe '),
 ('202', 'slug', '0', 'ru_ru', ' krasnoe vino '),
 ('202', 'title', '0', 'ru_ru', ' krasnoe vino but '),
 ('203', 'field', '26', 'ru_ru', ' vino po bokalam '),
 ('203', 'field', '27', 'ru_ru', ' franciya italiya '),
 ('203', 'field', '28', 'ru_ru', ' 180 r 900 r '),
 ('203', 'field', '29', 'ru_ru', ''),
 ('203', 'field', '30', 'ru_ru', ''),
 ('203', 'slug', '0', 'ru_ru', ''),
 ('204', 'field', '26', 'ru_ru', ' montepulьchano '),
 ('204', 'field', '27', 'ru_ru', ' italiya suh '),
 ('204', 'field', '28', 'ru_ru', ' 1800 r '),
 ('204', 'field', '29', 'ru_ru', ''),
 ('204', 'field', '30', 'ru_ru', ''),
 ('204', 'slug', '0', 'ru_ru', ''),
 ('205', 'field', '26', 'ru_ru', ' bordo ruzh '),
 ('205', 'field', '27', 'ru_ru', ' franciya suh '),
 ('205', 'field', '28', 'ru_ru', ' 1800 r '),
 ('205', 'field', '29', 'ru_ru', ''),
 ('205', 'field', '30', 'ru_ru', ''),
 ('205', 'slug', '0', 'ru_ru', ''),
 ('206', 'field', '26', 'ru_ru', ' kindzmarauli '),
 ('206', 'field', '27', 'ru_ru', ' gruziya polusladkoe '),
 ('206', 'field', '28', 'ru_ru', ' 1900 r '),
 ('206', 'field', '29', 'ru_ru', ''),
 ('206', 'field', '30', 'ru_ru', ''),
 ('206', 'slug', '0', 'ru_ru', ''),
 ('207', 'field', '31', 'ru_ru', ' hot '),
 ('207', 'field', '25', 'ru_ru', ' 290 r glintvejn grog 320 r ajrish kofe bejlis kofe '),
 ('207', 'slug', '0', 'ru_ru', ' goryachie alkogolnye napitki '),
 ('207', 'title', '0', 'ru_ru', ' goryachie alkogolьnye napitki 200 ml '),
 ('208', 'field', '26', 'ru_ru', ' glintvejn grog '),
 ('208', 'field', '27', 'ru_ru', ''),
 ('208', 'field', '28', 'ru_ru', ' 290 r '),
 ('208', 'field', '29', 'ru_ru', ''),
 ('208', 'field', '30', 'ru_ru', ''),
 ('208', 'slug', '0', 'ru_ru', ''),
 ('209', 'field', '26', 'ru_ru', ' ajrish kofe bejlis kofe '),
 ('209', 'field', '27', 'ru_ru', ''),
 ('209', 'field', '28', 'ru_ru', ' 320 r '),
 ('209', 'field', '29', 'ru_ru', ''),
 ('209', 'field', '30', 'ru_ru', ''),
 ('209', 'slug', '0', 'ru_ru', ''),
 ('210', 'field', '31', 'ru_ru', ' drinks3 '),
 ('210', 'field', '25', 'ru_ru', ' 260 r trezvyj mohito 280 r trezvyj klubnichnyj mohito 220 r bebi kolada tropikana '),
 ('210', 'slug', '0', 'ru_ru', ' bezalkogolnye koktejli '),
 ('210', 'title', '0', 'ru_ru', ' bezalkogolьnye koktejli 300 ml '),
 ('211', 'field', '26', 'ru_ru', ' trezvyj mohito '),
 ('211', 'field', '27', 'ru_ru', ''),
 ('211', 'field', '28', 'ru_ru', ' 260 r '),
 ('211', 'field', '29', 'ru_ru', ''),
 ('211', 'field', '30', 'ru_ru', ''),
 ('211', 'slug', '0', 'ru_ru', ''),
 ('212', 'field', '26', 'ru_ru', ' trezvyj klubnichnyj mohito '),
 ('212', 'field', '27', 'ru_ru', ''),
 ('212', 'field', '28', 'ru_ru', ' 280 r '),
 ('212', 'field', '29', 'ru_ru', ''),
 ('212', 'field', '30', 'ru_ru', ''),
 ('212', 'slug', '0', 'ru_ru', ''),
 ('213', 'field', '26', 'ru_ru', ' bebi kolada tropikana '),
 ('213', 'field', '27', 'ru_ru', ''),
 ('213', 'field', '28', 'ru_ru', ' 220 r '),
 ('213', 'field', '29', 'ru_ru', ''),
 ('213', 'field', '30', 'ru_ru', ''),
 ('213', 'slug', '0', 'ru_ru', ''),
 ('214', 'field', '31', 'ru_ru', ' limo '),
 ('214', 'field', '25', 'ru_ru', ' 290 r citrusovyj myatno kokosovyj imbirno apelьsinovyj vinogradno yablochnyj '),
 ('214', 'slug', '0', 'ru_ru', ' domashnij limonad '),
 ('214', 'title', '0', 'ru_ru', ' domashnij limonad 330 ml '),
 ('215', 'field', '26', 'ru_ru', ' citrusovyj myatno kokosovyj imbirno apelьsinovyj vinogradno yablochnyj '),
 ('215', 'field', '27', 'ru_ru', ''),
 ('215', 'field', '28', 'ru_ru', ' 290 r '),
 ('215', 'field', '29', 'ru_ru', ''),
 ('215', 'field', '30', 'ru_ru', ''),
 ('215', 'slug', '0', 'ru_ru', ''),
 ('216', 'field', '31', 'ru_ru', ' drinks2 '),
 ('216', 'field', '25', 'ru_ru', ' 330 r apelьsinovyj grejpfrutovyj 360 r yablochnyj morkovnyj 490 r ananasovyj '),
 ('216', 'slug', '0', 'ru_ru', ' soki svezhevyzhatye '),
 ('216', 'title', '0', 'ru_ru', ' soki svezhevyzhatye 200 ml '),
 ('217', 'field', '26', 'ru_ru', ' apelьsinovyj grejpfrutovyj ');
INSERT INTO `brgsh_searchindex` (`elementId`, `attribute`, `fieldId`, `locale`, `keywords`) VALUES
 ('217', 'field', '27', 'ru_ru', ''),
 ('217', 'field', '28', 'ru_ru', ' 330 r '),
 ('217', 'field', '29', 'ru_ru', ''),
 ('217', 'field', '30', 'ru_ru', ''),
 ('217', 'slug', '0', 'ru_ru', ''),
 ('218', 'field', '26', 'ru_ru', ' yablochnyj morkovnyj '),
 ('218', 'field', '27', 'ru_ru', ''),
 ('218', 'field', '28', 'ru_ru', ' 360 r '),
 ('218', 'field', '29', 'ru_ru', ''),
 ('218', 'field', '30', 'ru_ru', ''),
 ('218', 'slug', '0', 'ru_ru', ''),
 ('219', 'field', '26', 'ru_ru', ' ananasovyj '),
 ('219', 'field', '27', 'ru_ru', ''),
 ('219', 'field', '28', 'ru_ru', ' 490 r '),
 ('219', 'field', '29', 'ru_ru', ''),
 ('219', 'field', '30', 'ru_ru', ''),
 ('219', 'slug', '0', 'ru_ru', ''),
 ('220', 'field', '31', 'ru_ru', ' drinks '),
 ('220', 'field', '25', 'ru_ru', ' 80 r koka kola 200 ml 120 r kola tonik sprajt but steklo 200 ml 90 r mors klyukvennyj oblepihovyj 200 ml 80 r soki v assortimente 200 ml 190 r narzan s g 500 ml 160 r bon akva s g b g 500 ml 280 r perьe s g vittelь b g 330 ml 280 r red bull 250 ml 330 r molochnyj koktejlь v ass 300 ml '),
 ('220', 'slug', '0', 'ru_ru', ' napitki '),
 ('220', 'title', '0', 'ru_ru', ' napitki '),
 ('221', 'field', '26', 'ru_ru', ' koka kola '),
 ('221', 'field', '27', 'ru_ru', ' 200 ml '),
 ('221', 'field', '28', 'ru_ru', ' 80 r '),
 ('221', 'field', '29', 'ru_ru', ''),
 ('221', 'field', '30', 'ru_ru', ''),
 ('221', 'slug', '0', 'ru_ru', ''),
 ('222', 'field', '26', 'ru_ru', ' kola tonik sprajt but steklo '),
 ('222', 'field', '27', 'ru_ru', ' 200 ml '),
 ('222', 'field', '28', 'ru_ru', ' 120 r '),
 ('222', 'field', '29', 'ru_ru', ''),
 ('222', 'field', '30', 'ru_ru', ''),
 ('222', 'slug', '0', 'ru_ru', ''),
 ('223', 'field', '26', 'ru_ru', ' mors klyukvennyj oblepihovyj '),
 ('223', 'field', '27', 'ru_ru', ' 200 ml '),
 ('223', 'field', '28', 'ru_ru', ' 90 r '),
 ('223', 'field', '29', 'ru_ru', ''),
 ('223', 'field', '30', 'ru_ru', ''),
 ('223', 'slug', '0', 'ru_ru', ''),
 ('224', 'field', '26', 'ru_ru', ' soki v assortimente '),
 ('224', 'field', '27', 'ru_ru', ' 200 ml '),
 ('224', 'field', '28', 'ru_ru', ' 80 r '),
 ('224', 'field', '29', 'ru_ru', ''),
 ('224', 'field', '30', 'ru_ru', ''),
 ('224', 'slug', '0', 'ru_ru', ''),
 ('225', 'field', '26', 'ru_ru', ' narzan s g '),
 ('225', 'field', '27', 'ru_ru', ' 500 ml '),
 ('225', 'field', '28', 'ru_ru', ' 190 r '),
 ('225', 'field', '29', 'ru_ru', ''),
 ('225', 'field', '30', 'ru_ru', ''),
 ('225', 'slug', '0', 'ru_ru', ''),
 ('226', 'field', '26', 'ru_ru', ' bon akva s g b g '),
 ('226', 'field', '27', 'ru_ru', ' 500 ml '),
 ('226', 'field', '28', 'ru_ru', ' 160 r '),
 ('226', 'field', '29', 'ru_ru', ''),
 ('226', 'field', '30', 'ru_ru', ''),
 ('226', 'slug', '0', 'ru_ru', ''),
 ('227', 'field', '26', 'ru_ru', ' perьe s g vittelь b g '),
 ('227', 'field', '27', 'ru_ru', ' 330 ml '),
 ('227', 'field', '28', 'ru_ru', ' 280 r '),
 ('227', 'field', '29', 'ru_ru', ''),
 ('227', 'field', '30', 'ru_ru', ''),
 ('227', 'slug', '0', 'ru_ru', ''),
 ('228', 'field', '26', 'ru_ru', ' red bull '),
 ('228', 'field', '27', 'ru_ru', ' 250 ml '),
 ('228', 'field', '28', 'ru_ru', ' 280 r '),
 ('228', 'field', '29', 'ru_ru', ''),
 ('228', 'field', '30', 'ru_ru', ''),
 ('228', 'slug', '0', 'ru_ru', ''),
 ('229', 'field', '26', 'ru_ru', ' molochnyj koktejlь v ass '),
 ('229', 'field', '27', 'ru_ru', ' 300 ml '),
 ('229', 'field', '28', 'ru_ru', ' 330 r '),
 ('229', 'field', '29', 'ru_ru', ''),
 ('229', 'field', '30', 'ru_ru', ''),
 ('229', 'slug', '0', 'ru_ru', ''),
 ('230', 'field', '31', 'ru_ru', ' tea '),
 ('230', 'field', '25', 'ru_ru', ' 190 r zelenaya sencha zhasmin 190 r cejlonskij s chabrecom myatoj 190 r erl grej puer ulun molochnyj 140 r espresso 50 ml 190 r dvojnoj espresso 100 ml 170 r amerikano 100 ml 220 r kapuchino 150 ml 240 r latte 150 ml '),
 ('230', 'slug', '0', 'ru_ru', ' chaj kofe '),
 ('230', 'title', '0', 'ru_ru', ' chaj 400 ml kofe '),
 ('231', 'field', '26', 'ru_ru', ' zelenaya sencha zhasmin '),
 ('231', 'field', '27', 'ru_ru', ''),
 ('231', 'field', '28', 'ru_ru', ' 190 r '),
 ('231', 'field', '29', 'ru_ru', ''),
 ('231', 'field', '30', 'ru_ru', ''),
 ('231', 'slug', '0', 'ru_ru', ''),
 ('232', 'field', '26', 'ru_ru', ' cejlonskij s chabrecom myatoj '),
 ('232', 'field', '27', 'ru_ru', ''),
 ('232', 'field', '28', 'ru_ru', ' 190 r '),
 ('232', 'field', '29', 'ru_ru', ''),
 ('232', 'field', '30', 'ru_ru', ''),
 ('232', 'slug', '0', 'ru_ru', ''),
 ('233', 'field', '26', 'ru_ru', ' erl grej puer ulun molochnyj '),
 ('233', 'field', '27', 'ru_ru', ''),
 ('233', 'field', '28', 'ru_ru', ' 190 r '),
 ('233', 'field', '29', 'ru_ru', ''),
 ('233', 'field', '30', 'ru_ru', ''),
 ('233', 'slug', '0', 'ru_ru', ''),
 ('234', 'field', '26', 'ru_ru', ' espresso '),
 ('234', 'field', '27', 'ru_ru', ' 50 ml '),
 ('234', 'field', '28', 'ru_ru', ' 140 r ');
INSERT INTO `brgsh_searchindex` (`elementId`, `attribute`, `fieldId`, `locale`, `keywords`) VALUES
 ('234', 'field', '29', 'ru_ru', ''),
 ('234', 'field', '30', 'ru_ru', ''),
 ('234', 'slug', '0', 'ru_ru', ''),
 ('235', 'field', '26', 'ru_ru', ' dvojnoj espresso '),
 ('235', 'field', '27', 'ru_ru', ' 100 ml '),
 ('235', 'field', '28', 'ru_ru', ' 190 r '),
 ('235', 'field', '29', 'ru_ru', ''),
 ('235', 'field', '30', 'ru_ru', ''),
 ('235', 'slug', '0', 'ru_ru', ''),
 ('236', 'field', '26', 'ru_ru', ' amerikano '),
 ('236', 'field', '27', 'ru_ru', ' 100 ml '),
 ('236', 'field', '28', 'ru_ru', ' 170 r '),
 ('236', 'field', '29', 'ru_ru', ''),
 ('236', 'field', '30', 'ru_ru', ''),
 ('236', 'slug', '0', 'ru_ru', ''),
 ('237', 'field', '26', 'ru_ru', ' kapuchino '),
 ('237', 'field', '27', 'ru_ru', ' 150 ml '),
 ('237', 'field', '28', 'ru_ru', ' 220 r '),
 ('237', 'field', '29', 'ru_ru', ''),
 ('237', 'field', '30', 'ru_ru', ''),
 ('237', 'slug', '0', 'ru_ru', ''),
 ('238', 'field', '26', 'ru_ru', ' latte '),
 ('238', 'field', '27', 'ru_ru', ' 150 ml '),
 ('238', 'field', '28', 'ru_ru', ' 240 r '),
 ('238', 'field', '29', 'ru_ru', ''),
 ('238', 'field', '30', 'ru_ru', ''),
 ('238', 'slug', '0', 'ru_ru', ''),
 ('239', 'field', '31', 'ru_ru', ' food 4 '),
 ('239', 'field', '25', 'ru_ru', ''),
 ('239', 'slug', '0', 'ru_ru', ' pivnaya tema '),
 ('239', 'title', '0', 'ru_ru', ' pivnaya tema '),
 ('240', 'field', '31', 'ru_ru', ' zakuski '),
 ('240', 'field', '25', 'ru_ru', ''),
 ('240', 'slug', '0', 'ru_ru', ' zakuski '),
 ('240', 'title', '0', 'ru_ru', ' zakuski '),
 ('241', 'field', '31', 'ru_ru', ' food 1 '),
 ('241', 'field', '25', 'ru_ru', ''),
 ('241', 'slug', '0', 'ru_ru', ' supy '),
 ('241', 'title', '0', 'ru_ru', ' supy 250 ml '),
 ('242', 'field', '31', 'ru_ru', ' food 3 '),
 ('242', 'field', '25', 'ru_ru', ''),
 ('242', 'slug', '0', 'ru_ru', ' pasta '),
 ('242', 'title', '0', 'ru_ru', ' pasta 290 20 '),
 ('243', 'field', '31', 'ru_ru', ' salad '),
 ('243', 'field', '25', 'ru_ru', ''),
 ('243', 'slug', '0', 'ru_ru', ' salaty '),
 ('243', 'title', '0', 'ru_ru', ' salaty '),
 ('244', 'field', '31', 'ru_ru', ' hot meal '),
 ('244', 'field', '25', 'ru_ru', ''),
 ('244', 'slug', '0', 'ru_ru', ' goryachie blyuda '),
 ('244', 'title', '0', 'ru_ru', ' goryachie blyuda '),
 ('245', 'field', '31', 'ru_ru', ' pan '),
 ('245', 'field', '25', 'ru_ru', ''),
 ('245', 'slug', '0', 'ru_ru', ' blyuda na skovorode '),
 ('245', 'title', '0', 'ru_ru', ' blyuda na skovorode '),
 ('246', 'field', '31', 'ru_ru', ' garnish '),
 ('246', 'field', '25', 'ru_ru', ''),
 ('246', 'slug', '0', 'ru_ru', ' garniry '),
 ('246', 'title', '0', 'ru_ru', ' garniry 150 50 '),
 ('247', 'field', '31', 'ru_ru', ' food 6 '),
 ('247', 'field', '25', 'ru_ru', ''),
 ('247', 'slug', '0', 'ru_ru', ' deserty sobstvennogo prigotovleniya '),
 ('247', 'title', '0', 'ru_ru', ' deserty sobstvennogo prigotovleniya '),
 ('248', 'field', '31', 'ru_ru', ' food 5 '),
 ('248', 'field', '25', 'ru_ru', ''),
 ('248', 'slug', '0', 'ru_ru', ' pizza '),
 ('248', 'title', '0', 'ru_ru', ' picca '),
 ('249', 'filename', '0', 'ru_ru', ' bigstock variety of alcoholic drinks be 61227248 817x560 jpg '),
 ('249', 'extension', '0', 'ru_ru', ' jpg '),
 ('249', 'kind', '0', 'ru_ru', ' image '),
 ('249', 'slug', '0', 'ru_ru', ' bigstock variety of alcoholic drinks be 61227248 817x560 '),
 ('249', 'title', '0', 'ru_ru', ' bigstock variety of alcoholic drinks be 61227248 817x560 '),
 ('253', 'filename', '0', 'ru_ru', ' whisky jpg '),
 ('250', 'filename', '0', 'ru_ru', ' 941eb76df5e128bd789fa154ac5f0beb jpg '),
 ('250', 'extension', '0', 'ru_ru', ' jpg '),
 ('250', 'kind', '0', 'ru_ru', ' image '),
 ('250', 'slug', '0', 'ru_ru', ' 941eb76df5e128bd789fa154ac5f0beb '),
 ('250', 'title', '0', 'ru_ru', ' 941eb76df5e128bd789fa154ac5f0beb '),
 ('251', 'filename', '0', 'ru_ru', ' vodka jpg '),
 ('251', 'extension', '0', 'ru_ru', ' jpg '),
 ('251', 'kind', '0', 'ru_ru', ' image '),
 ('251', 'slug', '0', 'ru_ru', ' vodka '),
 ('251', 'title', '0', 'ru_ru', ' vodka '),
 ('252', 'filename', '0', 'ru_ru', ' kokteyli jpg '),
 ('252', 'extension', '0', 'ru_ru', ' jpg '),
 ('252', 'kind', '0', 'ru_ru', ' image '),
 ('252', 'slug', '0', 'ru_ru', ' kokteyli '),
 ('252', 'title', '0', 'ru_ru', ' kokteyli '),
 ('253', 'extension', '0', 'ru_ru', ' jpg '),
 ('253', 'kind', '0', 'ru_ru', ' image '),
 ('253', 'slug', '0', 'ru_ru', ' whisky '),
 ('253', 'title', '0', 'ru_ru', ' whisky '),
 ('254', 'filename', '0', 'ru_ru', ' beer1 jpg '),
 ('254', 'extension', '0', 'ru_ru', ' jpg '),
 ('254', 'kind', '0', 'ru_ru', ' image '),
 ('254', 'slug', '0', 'ru_ru', ' beer1 '),
 ('254', 'title', '0', 'ru_ru', ' beer1 '),
 ('255', 'filename', '0', 'ru_ru', ' beer2 jpg '),
 ('255', 'extension', '0', 'ru_ru', ' jpg '),
 ('255', 'kind', '0', 'ru_ru', ' image ');
INSERT INTO `brgsh_searchindex` (`elementId`, `attribute`, `fieldId`, `locale`, `keywords`) VALUES
 ('255', 'slug', '0', 'ru_ru', ' beer2 '),
 ('255', 'title', '0', 'ru_ru', ' beer2 '),
 ('256', 'filename', '0', 'ru_ru', ' craft jpg '),
 ('256', 'extension', '0', 'ru_ru', ' jpg '),
 ('256', 'kind', '0', 'ru_ru', ' image '),
 ('256', 'slug', '0', 'ru_ru', ' craft '),
 ('256', 'title', '0', 'ru_ru', ' craft '),
 ('257', 'filename', '0', 'ru_ru', ' rum jpg '),
 ('257', 'extension', '0', 'ru_ru', ' jpg '),
 ('257', 'kind', '0', 'ru_ru', ' image '),
 ('257', 'slug', '0', 'ru_ru', ' rum '),
 ('257', 'title', '0', 'ru_ru', ' rum '),
 ('258', 'filename', '0', 'ru_ru', ' liq jpg '),
 ('258', 'extension', '0', 'ru_ru', ' jpg '),
 ('258', 'kind', '0', 'ru_ru', ' image '),
 ('258', 'slug', '0', 'ru_ru', ' liq '),
 ('258', 'title', '0', 'ru_ru', ' liq '),
 ('259', 'filename', '0', 'ru_ru', ' champ jpg '),
 ('259', 'extension', '0', 'ru_ru', ' jpg '),
 ('259', 'kind', '0', 'ru_ru', ' image '),
 ('259', 'slug', '0', 'ru_ru', ' champ '),
 ('259', 'title', '0', 'ru_ru', ' champ '),
 ('260', 'filename', '0', 'ru_ru', ' white wine jpg '),
 ('260', 'extension', '0', 'ru_ru', ' jpg '),
 ('260', 'kind', '0', 'ru_ru', ' image '),
 ('260', 'slug', '0', 'ru_ru', ' white wine '),
 ('260', 'title', '0', 'ru_ru', ' white wine '),
 ('261', 'filename', '0', 'ru_ru', ' red wine jpg '),
 ('261', 'extension', '0', 'ru_ru', ' jpg '),
 ('261', 'kind', '0', 'ru_ru', ' image '),
 ('261', 'slug', '0', 'ru_ru', ' red wine '),
 ('261', 'title', '0', 'ru_ru', ' red wine '),
 ('262', 'filename', '0', 'ru_ru', ' hot jpg '),
 ('262', 'extension', '0', 'ru_ru', ' jpg '),
 ('262', 'kind', '0', 'ru_ru', ' image '),
 ('262', 'slug', '0', 'ru_ru', ' hot '),
 ('262', 'title', '0', 'ru_ru', ' hot '),
 ('263', 'filename', '0', 'ru_ru', ' drinks3 jpg '),
 ('263', 'extension', '0', 'ru_ru', ' jpg '),
 ('263', 'kind', '0', 'ru_ru', ' image '),
 ('263', 'slug', '0', 'ru_ru', ' drinks3 '),
 ('263', 'title', '0', 'ru_ru', ' drinks3 '),
 ('264', 'filename', '0', 'ru_ru', ' limo jpg '),
 ('264', 'extension', '0', 'ru_ru', ' jpg '),
 ('264', 'kind', '0', 'ru_ru', ' image '),
 ('264', 'slug', '0', 'ru_ru', ' limo '),
 ('264', 'title', '0', 'ru_ru', ' limo '),
 ('265', 'filename', '0', 'ru_ru', ' drinks2 jpg '),
 ('265', 'extension', '0', 'ru_ru', ' jpg '),
 ('265', 'kind', '0', 'ru_ru', ' image '),
 ('265', 'slug', '0', 'ru_ru', ' drinks2 '),
 ('265', 'title', '0', 'ru_ru', ' drinks2 '),
 ('266', 'filename', '0', 'ru_ru', ' drinks jpg '),
 ('266', 'extension', '0', 'ru_ru', ' jpg '),
 ('266', 'kind', '0', 'ru_ru', ' image '),
 ('266', 'slug', '0', 'ru_ru', ' drinks '),
 ('266', 'title', '0', 'ru_ru', ' drinks '),
 ('267', 'filename', '0', 'ru_ru', ' tea jpg '),
 ('267', 'extension', '0', 'ru_ru', ' jpg '),
 ('267', 'kind', '0', 'ru_ru', ' image '),
 ('267', 'slug', '0', 'ru_ru', ' tea '),
 ('267', 'title', '0', 'ru_ru', ' tea '),
 ('268', 'filename', '0', 'ru_ru', ' zakuski jpg '),
 ('268', 'extension', '0', 'ru_ru', ' jpg '),
 ('268', 'kind', '0', 'ru_ru', ' image '),
 ('268', 'slug', '0', 'ru_ru', ' zakuski '),
 ('268', 'title', '0', 'ru_ru', ' zakuski '),
 ('269', 'filename', '0', 'ru_ru', ' salad jpg '),
 ('269', 'extension', '0', 'ru_ru', ' jpg '),
 ('269', 'kind', '0', 'ru_ru', ' image '),
 ('269', 'slug', '0', 'ru_ru', ' salad '),
 ('269', 'title', '0', 'ru_ru', ' salad '),
 ('270', 'filename', '0', 'ru_ru', ' hot meal jpg '),
 ('270', 'extension', '0', 'ru_ru', ' jpg '),
 ('270', 'kind', '0', 'ru_ru', ' image '),
 ('270', 'slug', '0', 'ru_ru', ' hot meal '),
 ('270', 'title', '0', 'ru_ru', ' hot meal '),
 ('271', 'filename', '0', 'ru_ru', ' pan jpg '),
 ('271', 'extension', '0', 'ru_ru', ' jpg '),
 ('271', 'kind', '0', 'ru_ru', ' image '),
 ('271', 'slug', '0', 'ru_ru', ' pan '),
 ('271', 'title', '0', 'ru_ru', ' pan '),
 ('272', 'filename', '0', 'ru_ru', ' garnish jpg '),
 ('272', 'extension', '0', 'ru_ru', ' jpg '),
 ('272', 'kind', '0', 'ru_ru', ' image '),
 ('272', 'slug', '0', 'ru_ru', ' garnish '),
 ('272', 'title', '0', 'ru_ru', ' garnish '),
 ('273', 'filename', '0', 'ru_ru', ' alcohol jpg '),
 ('273', 'extension', '0', 'ru_ru', ' jpg '),
 ('273', 'kind', '0', 'ru_ru', ' image '),
 ('273', 'slug', '0', 'ru_ru', ' alcohol '),
 ('273', 'title', '0', 'ru_ru', ' alcohol '),
 ('274', 'filename', '0', 'ru_ru', ' 1b0c212739ad93f9ed95469175546449 jpg '),
 ('274', 'extension', '0', 'ru_ru', ' jpg '),
 ('274', 'kind', '0', 'ru_ru', ' image '),
 ('274', 'slug', '0', 'ru_ru', ' 1b0c212739ad93f9ed95469175546449 '),
 ('274', 'title', '0', 'ru_ru', ' 1b0c212739ad93f9ed95469175546449 '),
 ('275', 'filename', '0', 'ru_ru', ' 10f92f1c208d3c5898d0afcb0fc8bb31 jpg '),
 ('275', 'extension', '0', 'ru_ru', ' jpg '),
 ('275', 'kind', '0', 'ru_ru', ' image ');
INSERT INTO `brgsh_searchindex` (`elementId`, `attribute`, `fieldId`, `locale`, `keywords`) VALUES
 ('275', 'slug', '0', 'ru_ru', ' 10f92f1c208d3c5898d0afcb0fc8bb31 '),
 ('275', 'title', '0', 'ru_ru', ' 10f92f1c208d3c5898d0afcb0fc8bb31 '),
 ('276', 'filename', '0', 'ru_ru', ' 434fa506aca537001a0bf0afd88716da jpg '),
 ('276', 'extension', '0', 'ru_ru', ' jpg '),
 ('276', 'kind', '0', 'ru_ru', ' image '),
 ('276', 'slug', '0', 'ru_ru', ' 434fa506aca537001a0bf0afd88716da '),
 ('276', 'title', '0', 'ru_ru', ' 434fa506aca537001a0bf0afd88716da '),
 ('277', 'filename', '0', 'ru_ru', ' 59734 jpg '),
 ('277', 'extension', '0', 'ru_ru', ' jpg '),
 ('277', 'kind', '0', 'ru_ru', ' image '),
 ('277', 'slug', '0', 'ru_ru', ' 59734 '),
 ('277', 'title', '0', 'ru_ru', ' 59734 '),
 ('278', 'filename', '0', 'ru_ru', ' 59740 jpg '),
 ('278', 'extension', '0', 'ru_ru', ' jpg '),
 ('278', 'kind', '0', 'ru_ru', ' image '),
 ('278', 'slug', '0', 'ru_ru', ' 59740 '),
 ('278', 'title', '0', 'ru_ru', ' 59740 '),
 ('279', 'filename', '0', 'ru_ru', ' 678f30a355bb56223f4993d54a6a886f jpg '),
 ('279', 'extension', '0', 'ru_ru', ' jpg '),
 ('279', 'kind', '0', 'ru_ru', ' image '),
 ('279', 'slug', '0', 'ru_ru', ' 678f30a355bb56223f4993d54a6a886f '),
 ('279', 'title', '0', 'ru_ru', ' 678f30a355bb56223f4993d54a6a886f '),
 ('280', 'filename', '0', 'ru_ru', ' 7a230c5ffa387cfa5b78 jpg '),
 ('280', 'extension', '0', 'ru_ru', ' jpg '),
 ('280', 'kind', '0', 'ru_ru', ' image '),
 ('280', 'slug', '0', 'ru_ru', ' 7a230c5ffa387cfa5b78 '),
 ('280', 'title', '0', 'ru_ru', ' 7a230c5ffa387cfa5b78 '),
 ('281', 'filename', '0', 'ru_ru', ' 829688 jpg '),
 ('281', 'extension', '0', 'ru_ru', ' jpg '),
 ('281', 'kind', '0', 'ru_ru', ' image '),
 ('281', 'slug', '0', 'ru_ru', ' 829688 '),
 ('281', 'title', '0', 'ru_ru', ' 829688 '),
 ('282', 'filename', '0', 'ru_ru', ' 829689 jpg '),
 ('282', 'extension', '0', 'ru_ru', ' jpg '),
 ('282', 'kind', '0', 'ru_ru', ' image '),
 ('282', 'slug', '0', 'ru_ru', ' 829689 '),
 ('282', 'title', '0', 'ru_ru', ' 829689 '),
 ('283', 'filename', '0', 'ru_ru', ' 829690 jpg '),
 ('283', 'extension', '0', 'ru_ru', ' jpg '),
 ('283', 'kind', '0', 'ru_ru', ' image '),
 ('283', 'slug', '0', 'ru_ru', ' 829690 '),
 ('283', 'title', '0', 'ru_ru', ' 829690 '),
 ('284', 'filename', '0', 'ru_ru', ' 829692 jpg '),
 ('284', 'extension', '0', 'ru_ru', ' jpg '),
 ('284', 'kind', '0', 'ru_ru', ' image '),
 ('284', 'slug', '0', 'ru_ru', ' 829692 '),
 ('284', 'title', '0', 'ru_ru', ' 829692 '),
 ('285', 'filename', '0', 'ru_ru', ' 829693 jpg '),
 ('285', 'extension', '0', 'ru_ru', ' jpg '),
 ('285', 'kind', '0', 'ru_ru', ' image '),
 ('285', 'slug', '0', 'ru_ru', ' 829693 '),
 ('285', 'title', '0', 'ru_ru', ' 829693 '),
 ('286', 'filename', '0', 'ru_ru', ' 829694 jpg '),
 ('286', 'extension', '0', 'ru_ru', ' jpg '),
 ('286', 'kind', '0', 'ru_ru', ' image '),
 ('286', 'slug', '0', 'ru_ru', ' 829694 '),
 ('286', 'title', '0', 'ru_ru', ' 829694 '),
 ('287', 'filename', '0', 'ru_ru', ' 829695 jpg '),
 ('287', 'extension', '0', 'ru_ru', ' jpg '),
 ('287', 'kind', '0', 'ru_ru', ' image '),
 ('287', 'slug', '0', 'ru_ru', ' 829695 '),
 ('287', 'title', '0', 'ru_ru', ' 829695 '),
 ('288', 'filename', '0', 'ru_ru', ' 829697 jpg '),
 ('288', 'extension', '0', 'ru_ru', ' jpg '),
 ('288', 'kind', '0', 'ru_ru', ' image '),
 ('288', 'slug', '0', 'ru_ru', ' 829697 '),
 ('288', 'title', '0', 'ru_ru', ' 829697 '),
 ('289', 'filename', '0', 'ru_ru', ' 829698 jpg '),
 ('289', 'extension', '0', 'ru_ru', ' jpg '),
 ('289', 'kind', '0', 'ru_ru', ' image '),
 ('289', 'slug', '0', 'ru_ru', ' 829698 '),
 ('289', 'title', '0', 'ru_ru', ' 829698 '),
 ('290', 'filename', '0', 'ru_ru', ' 9420ce1be58d1c9d18d06fe1e1beab87 1 jpg '),
 ('290', 'extension', '0', 'ru_ru', ' jpg '),
 ('290', 'kind', '0', 'ru_ru', ' image '),
 ('290', 'slug', '0', 'ru_ru', ' 9420ce1be58d1c9d18d06fe1e1beab87 1 '),
 ('290', 'title', '0', 'ru_ru', ' 9420ce1be58d1c9d18d06fe1e1beab87 1 '),
 ('291', 'filename', '0', 'ru_ru', ' 9420ce1be58d1c9d18d06fe1e1beab87 jpg '),
 ('291', 'extension', '0', 'ru_ru', ' jpg '),
 ('291', 'kind', '0', 'ru_ru', ' image '),
 ('291', 'slug', '0', 'ru_ru', ' 9420ce1be58d1c9d18d06fe1e1beab87 '),
 ('291', 'title', '0', 'ru_ru', ' 9420ce1be58d1c9d18d06fe1e1beab87 '),
 ('292', 'filename', '0', 'ru_ru', ' afd649587592e31367b084bcd1 jpg '),
 ('292', 'extension', '0', 'ru_ru', ' jpg '),
 ('292', 'kind', '0', 'ru_ru', ' image '),
 ('292', 'slug', '0', 'ru_ru', ' afd649587592e31367b084bcd1 '),
 ('292', 'title', '0', 'ru_ru', ' afd649587592e31367b084bcd1 '),
 ('293', 'filename', '0', 'ru_ru', ' d89f7ae890aefa446ad25b56ee381a9d 1 jpg '),
 ('293', 'extension', '0', 'ru_ru', ' jpg '),
 ('293', 'kind', '0', 'ru_ru', ' image '),
 ('293', 'slug', '0', 'ru_ru', ' d89f7ae890aefa446ad25b56ee381a9d 1 '),
 ('293', 'title', '0', 'ru_ru', ' d89f7ae890aefa446ad25b56ee381a9d 1 '),
 ('294', 'filename', '0', 'ru_ru', ' d89f7ae890aefa446ad25b56ee381a9d jpg '),
 ('294', 'extension', '0', 'ru_ru', ' jpg '),
 ('294', 'kind', '0', 'ru_ru', ' image '),
 ('294', 'slug', '0', 'ru_ru', ' d89f7ae890aefa446ad25b56ee381a9d '),
 ('294', 'title', '0', 'ru_ru', ' d89f7ae890aefa446ad25b56ee381a9d '),
 ('295', 'filename', '0', 'ru_ru', ' fa0ce40beeb91eec2869e4d1a106a9e9 jpg '),
 ('295', 'extension', '0', 'ru_ru', ' jpg '),
 ('295', 'kind', '0', 'ru_ru', ' image ');
INSERT INTO `brgsh_searchindex` (`elementId`, `attribute`, `fieldId`, `locale`, `keywords`) VALUES
 ('295', 'slug', '0', 'ru_ru', ' fa0ce40beeb91eec2869e4d1a106a9e9 '),
 ('295', 'title', '0', 'ru_ru', ' fa0ce40beeb91eec2869e4d1a106a9e9 '),
 ('296', 'slug', '0', 'ru_ru', ''),
 ('296', 'field', '8', 'ru_ru', ' ceny i assortiment v menyu mogut otlichatьsya menyu testiruetsya i dopolnyaetsyaprinosim svoi izvineniya '),
 ('297', 'filename', '0', 'ru_ru', ' 721 jpg '),
 ('298', 'filename', '0', 'ru_ru', ' 5802524e55c4071ec1d71324 jpg '),
 ('298', 'extension', '0', 'ru_ru', ' jpg '),
 ('298', 'kind', '0', 'ru_ru', ' image '),
 ('298', 'slug', '0', 'ru_ru', ' 5802524e55c4071ec1d71324 '),
 ('298', 'title', '0', 'ru_ru', ' 5802524e55c4071ec1d71324 '),
 ('299', 'filename', '0', 'ru_ru', ' glen grant bottle 2 jpg '),
 ('299', 'extension', '0', 'ru_ru', ' jpg '),
 ('299', 'kind', '0', 'ru_ru', ' image '),
 ('299', 'slug', '0', 'ru_ru', ' glen grant bottle 2 '),
 ('299', 'title', '0', 'ru_ru', ' glen grant bottle 2 '),
 ('300', 'filename', '0', 'ru_ru', ' 1448 whiskey e cola cocktail cocktail con il whiskey coca cola ghiacciata jpg '),
 ('300', 'extension', '0', 'ru_ru', ' jpg '),
 ('300', 'kind', '0', 'ru_ru', ' image '),
 ('300', 'slug', '0', 'ru_ru', ' 1448 whiskey e cola cocktail cocktail con il whiskey coca cola ghiacciata '),
 ('300', 'title', '0', 'ru_ru', ' 1448 whiskey e cola cocktail cocktail con il whiskey coca cola ghiacciata '),
 ('301', 'filename', '0', 'ru_ru', ' milano_campari jpg '),
 ('301', 'extension', '0', 'ru_ru', ' jpg '),
 ('301', 'kind', '0', 'ru_ru', ' image '),
 ('301', 'slug', '0', 'ru_ru', ' milano campari '),
 ('301', 'title', '0', 'ru_ru', ' milano campari '),
 ('302', 'filename', '0', 'ru_ru', ' b52shot 157511324 58a472bd3df78c475860ce72 jpg '),
 ('302', 'extension', '0', 'ru_ru', ' jpg '),
 ('302', 'kind', '0', 'ru_ru', ' image '),
 ('302', 'slug', '0', 'ru_ru', ' b52 shot 157511324 58a472bd3df78c475860ce72 '),
 ('302', 'title', '0', 'ru_ru', ' b52 shot 157511324 58a472bd3df78c475860ce72 '),
 ('303', 'filename', '0', 'ru_ru', ' aperol spritz easy living 5july13_bt_330x330 jpg '),
 ('303', 'extension', '0', 'ru_ru', ' jpg '),
 ('303', 'kind', '0', 'ru_ru', ' image '),
 ('303', 'slug', '0', 'ru_ru', ' aperol spritz easy living 5july13 bt 330x330 '),
 ('303', 'title', '0', 'ru_ru', ' aperol spritz easy living 5july13 bt 330x330 ');



DROP TABLE IF EXISTS `brgsh_sections`;


--
-- Schema for table `brgsh_sections`
--
CREATE TABLE `brgsh_sections` (
  `id` int(11) NOT NULL AUTO_INCREMENT,
  `structureId` int(11) DEFAULT NULL,
  `name` varchar(255) COLLATE utf8_unicode_ci NOT NULL,
  `handle` varchar(255) COLLATE utf8_unicode_ci NOT NULL,
  `type` enum('single','channel','structure') COLLATE utf8_unicode_ci NOT NULL DEFAULT 'channel',
  `hasUrls` tinyint(1) unsigned NOT NULL DEFAULT '1',
  `template` varchar(500) COLLATE utf8_unicode_ci DEFAULT NULL,
  `enableVersioning` tinyint(1) unsigned NOT NULL DEFAULT '0',
  `dateCreated` datetime NOT NULL,
  `dateUpdated` datetime NOT NULL,
  `uid` char(36) COLLATE utf8_unicode_ci NOT NULL DEFAULT '0',
  PRIMARY KEY (`id`),
  UNIQUE KEY `brgsh_sections_name_unq_idx` (`name`),
  UNIQUE KEY `brgsh_sections_handle_unq_idx` (`handle`),
  KEY `brgsh_sections_structureId_fk` (`structureId`)
) ENGINE=InnoDB AUTO_INCREMENT=9 DEFAULT CHARSET=utf8 COLLATE=utf8_unicode_ci;

--
-- Data for table `brgsh_sections`
--

INSERT INTO `brgsh_sections` (`id`, `structureId`, `name`, `handle`, `type`, `hasUrls`, `template`, `enableVersioning`, `dateCreated`, `dateUpdated`, `uid`) VALUES
 ('1', NULL, 'Homepage', 'homepage', 'single', '1', 'index', '1', '2017-05-27 01:12:23', '2017-05-27 01:12:23', 'c61f8e10-2f90-487b-8caf-2318047a3ab2'),
 ('2', NULL, 'Новости', 'news', 'channel', '1', 'news/_entry', '1', '2017-05-27 01:12:23', '2017-05-30 00:25:38', '140e5a1f-fa5c-44b6-9d8a-f123f5d2f880'),
 ('4', '3', 'Навигация', 'mainMenu', 'structure', '0', NULL, '1', '2017-05-28 16:06:50', '2017-05-28 23:40:13', '9c8cc431-74e5-4e43-9ba7-b9616b20f62f'),
 ('5', NULL, 'Слайдер', 'slider', 'channel', '0', NULL, '1', '2017-05-28 20:27:40', '2017-05-30 00:25:44', '207f09ad-4282-4895-93f8-91b4664347f1'),
 ('6', NULL, 'Контакты', 'contact', 'single', '1', 'contact', '1', '2017-05-29 23:56:22', '2017-05-30 00:25:19', 'd001c536-00b9-4d2e-86b5-b3ccee8ae958'),
 ('7', NULL, 'Отзывы', 'reviews', 'single', '1', 'reviews', '1', '2017-05-29 23:56:40', '2017-05-30 00:25:33', '06a97ec3-64e6-4e97-935e-52e5b78b3e81'),
 ('8', NULL, 'Фотогалерея', 'gallery', 'single', '1', 'gallery', '1', '2017-05-29 23:56:56', '2017-05-30 00:25:27', '1787f551-7f48-4374-8c9c-52950f2e2b7e');



DROP TABLE IF EXISTS `brgsh_sections_i18n`;


--
-- Schema for table `brgsh_sections_i18n`
--
CREATE TABLE `brgsh_sections_i18n` (
  `id` int(11) NOT NULL AUTO_INCREMENT,
  `sectionId` int(11) NOT NULL,
  `locale` char(12) COLLATE utf8_unicode_ci NOT NULL,
  `enabledByDefault` tinyint(1) unsigned NOT NULL DEFAULT '1',
  `urlFormat` text COLLATE utf8_unicode_ci,
  `nestedUrlFormat` text COLLATE utf8_unicode_ci,
  `dateCreated` datetime NOT NULL,
  `dateUpdated` datetime NOT NULL,
  `uid` char(36) COLLATE utf8_unicode_ci NOT NULL DEFAULT '0',
  PRIMARY KEY (`id`),
  UNIQUE KEY `brgsh_sections_i18n_sectionId_locale_unq_idx` (`sectionId`,`locale`),
  KEY `brgsh_sections_i18n_locale_fk` (`locale`)
) ENGINE=InnoDB AUTO_INCREMENT=9 DEFAULT CHARSET=utf8 COLLATE=utf8_unicode_ci;

--
-- Data for table `brgsh_sections_i18n`
--

INSERT INTO `brgsh_sections_i18n` (`id`, `sectionId`, `locale`, `enabledByDefault`, `urlFormat`, `nestedUrlFormat`, `dateCreated`, `dateUpdated`, `uid`) VALUES
 ('1', '1', 'ru_ru', '1', '__home__', NULL, '2017-05-27 01:12:23', '2017-05-27 01:12:23', '8978c8d6-23ff-48cc-9c59-4e1f37760b25'),
 ('2', '2', 'ru_ru', '1', 'news/{postDate.year}/{slug}', NULL, '2017-05-27 01:12:23', '2017-05-27 01:12:23', 'e6a6de1e-a468-477d-a5ea-f7729c435a2b'),
 ('4', '4', 'ru_ru', '1', NULL, NULL, '2017-05-28 16:06:50', '2017-05-28 16:06:50', 'e91cfd11-7214-4adb-ad89-a5abb8f5c484'),
 ('5', '5', 'ru_ru', '1', NULL, NULL, '2017-05-28 20:27:40', '2017-05-28 20:27:40', '63dfb4a1-63c2-4107-a939-0c898024b0ee'),
 ('6', '6', 'ru_ru', '1', 'contact', NULL, '2017-05-29 23:56:22', '2017-05-29 23:56:22', '5b3c9517-3f8e-40c5-86a2-7ceaa36a80b3'),
 ('7', '7', 'ru_ru', '1', 'reviews', NULL, '2017-05-29 23:56:40', '2017-05-29 23:56:40', 'f14be3a4-12c6-48dc-8068-63b12282482f'),
 ('8', '8', 'ru_ru', '1', 'gallery', NULL, '2017-05-29 23:56:56', '2017-05-29 23:56:56', '14d914f3-134e-42e2-bba2-da17e3f5fba1');



DROP TABLE IF EXISTS `brgsh_sessions`;


--
-- Schema for table `brgsh_sessions`
--
CREATE TABLE `brgsh_sessions` (
  `id` int(11) NOT NULL AUTO_INCREMENT,
  `userId` int(11) NOT NULL,
  `token` char(100) COLLATE utf8_unicode_ci NOT NULL,
  `dateCreated` datetime NOT NULL,
  `dateUpdated` datetime NOT NULL,
  `uid` char(36) COLLATE utf8_unicode_ci NOT NULL DEFAULT '0',
  PRIMARY KEY (`id`),
  KEY `brgsh_sessions_uid_idx` (`uid`),
  KEY `brgsh_sessions_token_idx` (`token`),
  KEY `brgsh_sessions_dateUpdated_idx` (`dateUpdated`),
  KEY `brgsh_sessions_userId_fk` (`userId`)
) ENGINE=InnoDB AUTO_INCREMENT=8 DEFAULT CHARSET=utf8 COLLATE=utf8_unicode_ci;

DROP TABLE IF EXISTS `brgsh_shunnedmessages`;


--
-- Schema for table `brgsh_shunnedmessages`
--
CREATE TABLE `brgsh_shunnedmessages` (
  `id` int(11) NOT NULL AUTO_INCREMENT,
  `userId` int(11) NOT NULL,
  `message` varchar(255) COLLATE utf8_unicode_ci NOT NULL,
  `expiryDate` datetime DEFAULT NULL,
  `dateCreated` datetime NOT NULL,
  `dateUpdated` datetime NOT NULL,
  `uid` char(36) COLLATE utf8_unicode_ci NOT NULL DEFAULT '0',
  PRIMARY KEY (`id`),
  UNIQUE KEY `brgsh_shunnedmessages_userId_message_unq_idx` (`userId`,`message`)
) ENGINE=InnoDB DEFAULT CHARSET=utf8 COLLATE=utf8_unicode_ci;

DROP TABLE IF EXISTS `brgsh_structureelements`;


--
-- Schema for table `brgsh_structureelements`
--
CREATE TABLE `brgsh_structureelements` (
  `id` int(11) NOT NULL AUTO_INCREMENT,
  `structureId` int(11) NOT NULL,
  `elementId` int(11) DEFAULT NULL,
  `root` int(11) unsigned DEFAULT NULL,
  `lft` int(11) unsigned NOT NULL,
  `rgt` int(11) unsigned NOT NULL,
  `level` smallint(6) unsigned NOT NULL,
  `dateCreated` datetime NOT NULL,
  `dateUpdated` datetime NOT NULL,
  `uid` char(36) COLLATE utf8_unicode_ci NOT NULL DEFAULT '0',
  PRIMARY KEY (`id`),
  UNIQUE KEY `brgsh_structureelements_structureId_elementId_unq_idx` (`structureId`,`elementId`),
  KEY `brgsh_structureelements_root_idx` (`root`),
  KEY `brgsh_structureelements_lft_idx` (`lft`),
  KEY `brgsh_structureelements_rgt_idx` (`rgt`),
  KEY `brgsh_structureelements_level_idx` (`level`),
  KEY `brgsh_structureelements_elementId_fk` (`elementId`)
) ENGINE=InnoDB AUTO_INCREMENT=73 DEFAULT CHARSET=utf8 COLLATE=utf8_unicode_ci;

--
-- Data for table `brgsh_structureelements`
--

INSERT INTO `brgsh_structureelements` (`id`, `structureId`, `elementId`, `root`, `lft`, `rgt`, `level`, `dateCreated`, `dateUpdated`, `uid`) VALUES
 ('1', '3', NULL, '1', '1', '14', '0', '2017-05-28 16:07:54', '2017-05-28 16:07:54', '0df3e453-3f85-4926-b79b-6ca44eef87b8'),
 ('2', '3', '4', '1', '2', '3', '1', '2017-05-28 16:07:54', '2017-05-28 16:07:54', 'b0461f6a-ca33-4c7e-bcae-54783b79ffd2'),
 ('3', '3', '5', '1', '4', '5', '1', '2017-05-28 16:08:00', '2017-05-28 16:08:00', 'c484d6fc-ecd1-4678-8e5d-fc246a785440'),
 ('4', '3', '6', '1', '8', '9', '1', '2017-05-28 16:08:15', '2017-05-28 16:08:15', '46d3d3ba-e2c9-4f74-9bcf-a4ea135c4654'),
 ('5', '3', '7', '1', '10', '11', '1', '2017-05-28 16:08:35', '2017-05-28 16:08:35', '9055b43a-7ff3-47b8-971f-f7196f0689bb'),
 ('6', '3', '8', '1', '12', '13', '1', '2017-05-28 16:08:43', '2017-05-28 16:08:43', '57f7e2ae-abc3-4963-bd0b-e626632a8357'),
 ('7', '2', NULL, '7', '1', '60', '0', '2017-05-28 16:10:53', '2017-05-28 16:10:53', '69fecf38-8a99-4501-80bb-7ada66f8a4c2'),
 ('8', '2', '9', '7', '2', '21', '1', '2017-05-28 16:10:53', '2017-05-28 16:10:53', '11dd877a-f024-4a8b-a816-01d19968e882'),
 ('11', '2', '12', '7', '22', '57', '1', '2017-05-28 18:37:08', '2017-05-28 18:37:08', 'b50284e0-1221-488b-8a30-2985bf84117e'),
 ('42', '3', '61', '1', '6', '7', '1', '2017-05-28 23:44:43', '2017-05-28 23:44:43', '1d717ab6-d964-47f9-8d78-29c075616bd3'),
 ('46', '2', '121', '7', '23', '24', '2', '2017-06-05 18:17:01', '2017-06-05 18:17:01', '95962fb0-66c4-423a-8a65-744661523dc2'),
 ('47', '2', '130', '7', '25', '26', '2', '2017-06-05 18:25:50', '2017-06-05 18:25:50', '824b3077-41df-4a34-9821-bd0faa577c64'),
 ('48', '2', '133', '7', '27', '28', '2', '2017-06-05 18:29:10', '2017-06-05 18:29:10', 'ece5b040-18f9-42eb-834d-4e9320e0bbe6'),
 ('49', '2', '138', '7', '29', '30', '2', '2017-06-05 18:41:04', '2017-06-05 18:41:04', '58a029ff-52b5-4198-9396-7d42d3da0e92'),
 ('50', '2', '162', '7', '31', '32', '2', '2017-06-05 18:43:53', '2017-06-05 18:43:53', '30bd9725-35b7-43b6-a0f7-1134d92f8a31'),
 ('51', '2', '169', '7', '33', '34', '2', '2017-06-05 18:48:22', '2017-06-05 18:48:22', 'cd95c25f-d7c2-401e-9b74-8073574368b6'),
 ('52', '2', '179', '7', '35', '36', '2', '2017-06-05 18:52:50', '2017-06-05 18:52:50', '63d058a7-f02a-4f2d-adb5-79af0f637039'),
 ('53', '2', '186', '7', '37', '38', '2', '2017-06-05 18:57:04', '2017-06-05 18:57:04', '93450324-94fc-476b-86e0-3bb9d62266cb'),
 ('54', '2', '193', '7', '39', '40', '2', '2017-06-05 18:59:41', '2017-06-05 18:59:41', '1e098f95-8daf-43d6-af00-2e8f3470529e'),
 ('55', '2', '197', '7', '41', '42', '2', '2017-06-05 19:02:47', '2017-06-05 19:02:47', '3b38d6ed-dd79-402f-9e8e-06c6d86b93c6'),
 ('56', '2', '202', '7', '43', '44', '2', '2017-06-05 19:05:22', '2017-06-05 19:05:22', 'f7505e55-d482-428d-b461-7a6ca2ae1b0e'),
 ('57', '2', '207', '7', '45', '46', '2', '2017-06-05 19:06:40', '2017-06-05 19:06:40', '2f57ac0f-8eac-4564-88b8-02fec6730a5c'),
 ('58', '2', '210', '7', '47', '48', '2', '2017-06-05 19:07:55', '2017-06-05 19:07:55', '2a468552-32c4-4acc-8682-bb727ebbf8c8'),
 ('59', '2', '214', '7', '49', '50', '2', '2017-06-05 19:09:11', '2017-06-05 19:09:11', 'cfde1e13-9c44-461b-8c2c-f20f8166ed00'),
 ('60', '2', '216', '7', '51', '52', '2', '2017-06-05 19:10:27', '2017-06-05 19:10:27', '51a3d018-fb51-473a-8403-c840cbc2cb74'),
 ('61', '2', '220', '7', '53', '54', '2', '2017-06-05 19:16:32', '2017-06-05 19:16:32', '2fba8884-d0e3-4e53-8040-e07473ab37f5'),
 ('62', '2', '230', '7', '55', '56', '2', '2017-06-05 19:22:12', '2017-06-05 19:22:12', '3d6911a5-f38f-4142-a780-1ca580dbfde0'),
 ('63', '2', '239', '7', '3', '4', '2', '2017-06-05 20:02:36', '2017-06-05 20:02:36', 'adad06bd-c7a5-44a8-8d93-8b0726447c20'),
 ('64', '2', '240', '7', '5', '6', '2', '2017-06-05 20:02:52', '2017-06-05 20:02:52', '9804db0f-7adf-415f-90b9-4964e408e80b'),
 ('65', '2', '241', '7', '7', '8', '2', '2017-06-05 20:03:19', '2017-06-05 20:03:19', 'feb85aab-1176-418c-bc89-3723ba3dbd91'),
 ('66', '2', '242', '7', '9', '10', '2', '2017-06-05 20:04:47', '2017-06-05 20:04:47', 'd185594d-fd01-4c4b-9694-5f3ed56462e3'),
 ('67', '2', '243', '7', '11', '12', '2', '2017-06-05 20:05:46', '2017-06-05 20:05:46', 'e9f35d33-b1ec-449d-9f89-49810bbe3498'),
 ('68', '2', '244', '7', '13', '14', '2', '2017-06-05 20:06:09', '2017-06-05 20:06:09', 'a361cc9b-7349-410f-8749-813792ad2b1f'),
 ('69', '2', '245', '7', '15', '16', '2', '2017-06-05 20:06:33', '2017-06-05 20:06:33', '6ea13aea-26ea-4a36-868e-babfc686eadd'),
 ('70', '2', '246', '7', '17', '18', '2', '2017-06-05 20:07:07', '2017-06-05 20:07:07', '8ba49f44-7af5-491b-956f-b9f3ae80220a'),
 ('71', '2', '247', '7', '19', '20', '2', '2017-06-05 20:08:06', '2017-06-05 20:08:06', '8950ea89-4595-4123-8d25-07910230af13'),
 ('72', '2', '248', '7', '58', '59', '1', '2017-06-05 20:21:25', '2017-06-05 20:21:25', '9c4732bf-8e9c-451c-8f6e-c8482f808554');



DROP TABLE IF EXISTS `brgsh_structures`;


--
-- Schema for table `brgsh_structures`
--
CREATE TABLE `brgsh_structures` (
  `id` int(11) NOT NULL AUTO_INCREMENT,
  `maxLevels` smallint(6) unsigned DEFAULT NULL,
  `dateCreated` datetime NOT NULL,
  `dateUpdated` datetime NOT NULL,
  `uid` char(36) COLLATE utf8_unicode_ci NOT NULL DEFAULT '0',
  PRIMARY KEY (`id`)
) ENGINE=InnoDB AUTO_INCREMENT=4 DEFAULT CHARSET=utf8 COLLATE=utf8_unicode_ci;

--
-- Data for table `brgsh_structures`
--

INSERT INTO `brgsh_structures` (`id`, `maxLevels`, `dateCreated`, `dateUpdated`, `uid`) VALUES
 ('1', NULL, '2017-05-28 16:05:16', '2017-05-28 16:05:16', '757100fd-3518-4711-992d-1605165818c6'),
 ('2', '2', '2017-05-28 16:05:47', '2017-06-07 00:17:12', '21de39c3-2583-40e2-a612-376e0b289a8f'),
 ('3', NULL, '2017-05-28 16:06:50', '2017-05-28 23:40:13', '230d4cb2-35ec-461b-b585-35ab5dd59824');



DROP TABLE IF EXISTS `brgsh_systemsettings`;


--
-- Schema for table `brgsh_systemsettings`
--
CREATE TABLE `brgsh_systemsettings` (
  `id` int(11) NOT NULL AUTO_INCREMENT,
  `category` varchar(15) COLLATE utf8_unicode_ci NOT NULL,
  `settings` text COLLATE utf8_unicode_ci,
  `dateCreated` datetime NOT NULL,
  `dateUpdated` datetime NOT NULL,
  `uid` char(36) COLLATE utf8_unicode_ci NOT NULL DEFAULT '0',
  PRIMARY KEY (`id`),
  UNIQUE KEY `brgsh_systemsettings_category_unq_idx` (`category`)
) ENGINE=InnoDB AUTO_INCREMENT=2 DEFAULT CHARSET=utf8 COLLATE=utf8_unicode_ci;

--
-- Data for table `brgsh_systemsettings`
--

INSERT INTO `brgsh_systemsettings` (`id`, `category`, `settings`, `dateCreated`, `dateUpdated`, `uid`) VALUES
 ('1', 'email', '{\"protocol\":\"smtp\",\"emailAddress\":\"no-reply@bergstein.bar\",\"senderName\":\"Bergstein.Bar\",\"smtpAuth\":1,\"username\":\"no-reply@bergstein.bar\",\"password\":\"Hbgyujn100g\",\"smtpSecureTransportType\":\"ssl\",\"port\":\"465\",\"host\":\"smtp.yandex.ru\",\"timeout\":\"30\"}', '2017-05-27 01:12:22', '2017-06-01 02:09:23', '831eec2e-142c-4be9-8435-81462cc58862');



DROP TABLE IF EXISTS `brgsh_taggroups`;


--
-- Schema for table `brgsh_taggroups`
--
CREATE TABLE `brgsh_taggroups` (
  `id` int(11) NOT NULL AUTO_INCREMENT,
  `name` varchar(255) COLLATE utf8_unicode_ci NOT NULL,
  `handle` varchar(255) COLLATE utf8_unicode_ci NOT NULL,
  `fieldLayoutId` int(10) DEFAULT NULL,
  `dateCreated` datetime NOT NULL,
  `dateUpdated` datetime NOT NULL,
  `uid` char(36) COLLATE utf8_unicode_ci NOT NULL DEFAULT '0',
  PRIMARY KEY (`id`),
  UNIQUE KEY `brgsh_taggroups_name_unq_idx` (`name`),
  UNIQUE KEY `brgsh_taggroups_handle_unq_idx` (`handle`),
  KEY `brgsh_taggroups_fieldLayoutId_fk` (`fieldLayoutId`)
) ENGINE=InnoDB AUTO_INCREMENT=2 DEFAULT CHARSET=utf8 COLLATE=utf8_unicode_ci;

--
-- Data for table `brgsh_taggroups`
--

INSERT INTO `brgsh_taggroups` (`id`, `name`, `handle`, `fieldLayoutId`, `dateCreated`, `dateUpdated`, `uid`) VALUES
 ('1', 'Default', 'default', '1', '2017-05-27 01:12:22', '2017-05-27 01:12:22', '913ab80c-0cd5-4944-81a0-f03d4326d14a');



DROP TABLE IF EXISTS `brgsh_tags`;


--
-- Schema for table `brgsh_tags`
--
CREATE TABLE `brgsh_tags` (
  `id` int(11) NOT NULL,
  `groupId` int(11) NOT NULL,
  `dateCreated` datetime NOT NULL,
  `dateUpdated` datetime NOT NULL,
  `uid` char(36) COLLATE utf8_unicode_ci NOT NULL DEFAULT '0',
  PRIMARY KEY (`id`),
  KEY `brgsh_tags_groupId_fk` (`groupId`)
) ENGINE=InnoDB DEFAULT CHARSET=utf8 COLLATE=utf8_unicode_ci;

--
-- Data for table `brgsh_tags`
--

INSERT INTO `brgsh_tags` (`id`, `groupId`, `dateCreated`, `dateUpdated`, `uid`) VALUES
 ('82', '1', '2017-05-30 20:43:57', '2017-05-30 20:43:57', '5957cd5a-e60d-40c2-bc7e-c578c6323fc6'),
 ('83', '1', '2017-05-30 20:44:02', '2017-05-30 20:44:02', 'eefd3429-346b-4323-9b1e-d148a59ffac7'),
 ('84', '1', '2017-05-30 20:44:05', '2017-05-30 20:44:05', 'f78b266d-391a-48da-8f97-72f53ae59d4e'),
 ('85', '1', '2017-05-30 20:44:10', '2017-05-30 20:44:10', 'f5843402-d7fe-4e56-9984-db4fe363c184'),
 ('86', '1', '2017-05-30 20:44:19', '2017-05-30 20:44:19', '9e21926b-d96a-4cf4-9a10-fb8fb91f7fc8');



DROP TABLE IF EXISTS `brgsh_tasks`;


--
-- Schema for table `brgsh_tasks`
--
CREATE TABLE `brgsh_tasks` (
  `id` int(11) NOT NULL AUTO_INCREMENT,
  `root` int(11) unsigned DEFAULT NULL,
  `lft` int(11) unsigned NOT NULL,
  `rgt` int(11) unsigned NOT NULL,
  `level` smallint(6) unsigned NOT NULL,
  `currentStep` int(11) unsigned DEFAULT NULL,
  `totalSteps` int(11) unsigned DEFAULT NULL,
  `status` enum('pending','error','running') COLLATE utf8_unicode_ci DEFAULT NULL,
  `type` varchar(150) COLLATE utf8_unicode_ci NOT NULL,
  `description` varchar(255) COLLATE utf8_unicode_ci DEFAULT NULL,
  `settings` mediumtext COLLATE utf8_unicode_ci,
  `dateCreated` datetime NOT NULL,
  `dateUpdated` datetime NOT NULL,
  `uid` char(36) COLLATE utf8_unicode_ci NOT NULL DEFAULT '0',
  PRIMARY KEY (`id`),
  KEY `brgsh_tasks_root_idx` (`root`),
  KEY `brgsh_tasks_lft_idx` (`lft`),
  KEY `brgsh_tasks_rgt_idx` (`rgt`),
  KEY `brgsh_tasks_level_idx` (`level`)
) ENGINE=InnoDB AUTO_INCREMENT=504 DEFAULT CHARSET=utf8 COLLATE=utf8_unicode_ci;

DROP TABLE IF EXISTS `brgsh_templatecachecriteria`;


--
-- Schema for table `brgsh_templatecachecriteria`
--
CREATE TABLE `brgsh_templatecachecriteria` (
  `id` int(11) NOT NULL AUTO_INCREMENT,
  `cacheId` int(11) NOT NULL,
  `type` varchar(150) COLLATE utf8_unicode_ci NOT NULL,
  `criteria` text COLLATE utf8_unicode_ci NOT NULL,
  PRIMARY KEY (`id`),
  KEY `brgsh_templatecachecriteria_cacheId_fk` (`cacheId`),
  KEY `brgsh_templatecachecriteria_type_idx` (`type`)
) ENGINE=InnoDB DEFAULT CHARSET=utf8 COLLATE=utf8_unicode_ci;

DROP TABLE IF EXISTS `brgsh_templatecacheelements`;


--
-- Schema for table `brgsh_templatecacheelements`
--
CREATE TABLE `brgsh_templatecacheelements` (
  `cacheId` int(11) NOT NULL,
  `elementId` int(11) NOT NULL,
  KEY `brgsh_templatecacheelements_cacheId_fk` (`cacheId`),
  KEY `brgsh_templatecacheelements_elementId_fk` (`elementId`)
) ENGINE=InnoDB DEFAULT CHARSET=utf8 COLLATE=utf8_unicode_ci;

DROP TABLE IF EXISTS `brgsh_templatecaches`;


--
-- Schema for table `brgsh_templatecaches`
--
CREATE TABLE `brgsh_templatecaches` (
  `id` int(11) NOT NULL AUTO_INCREMENT,
  `cacheKey` varchar(255) COLLATE utf8_unicode_ci NOT NULL,
  `locale` char(12) COLLATE utf8_unicode_ci NOT NULL,
  `path` varchar(255) COLLATE utf8_unicode_ci DEFAULT NULL,
  `expiryDate` datetime NOT NULL,
  `body` mediumtext COLLATE utf8_unicode_ci NOT NULL,
  PRIMARY KEY (`id`),
  KEY `brgsh_templatecaches_expiryDate_cacheKey_locale_path_idx` (`expiryDate`,`cacheKey`,`locale`,`path`),
  KEY `brgsh_templatecaches_locale_fk` (`locale`)
) ENGINE=InnoDB DEFAULT CHARSET=utf8 COLLATE=utf8_unicode_ci;

DROP TABLE IF EXISTS `brgsh_tokens`;


--
-- Schema for table `brgsh_tokens`
--
CREATE TABLE `brgsh_tokens` (
  `id` int(11) NOT NULL AUTO_INCREMENT,
  `token` char(32) COLLATE utf8_unicode_ci NOT NULL,
  `route` text COLLATE utf8_unicode_ci,
  `usageLimit` tinyint(3) unsigned DEFAULT NULL,
  `usageCount` tinyint(3) unsigned DEFAULT NULL,
  `expiryDate` datetime NOT NULL,
  `dateCreated` datetime NOT NULL,
  `dateUpdated` datetime NOT NULL,
  `uid` char(36) COLLATE utf8_unicode_ci NOT NULL DEFAULT '0',
  PRIMARY KEY (`id`),
  UNIQUE KEY `brgsh_tokens_token_unq_idx` (`token`),
  KEY `brgsh_tokens_expiryDate_idx` (`expiryDate`)
) ENGINE=InnoDB DEFAULT CHARSET=utf8 COLLATE=utf8_unicode_ci;

DROP TABLE IF EXISTS `brgsh_usergroups`;


--
-- Schema for table `brgsh_usergroups`
--
CREATE TABLE `brgsh_usergroups` (
  `id` int(11) NOT NULL AUTO_INCREMENT,
  `name` varchar(255) COLLATE utf8_unicode_ci NOT NULL,
  `handle` varchar(255) COLLATE utf8_unicode_ci NOT NULL,
  `dateCreated` datetime NOT NULL,
  `dateUpdated` datetime NOT NULL,
  `uid` char(36) COLLATE utf8_unicode_ci NOT NULL DEFAULT '0',
  PRIMARY KEY (`id`),
  UNIQUE KEY `brgsh_usergroups_name_unq_idx` (`name`),
  UNIQUE KEY `brgsh_usergroups_handle_unq_idx` (`handle`)
) ENGINE=InnoDB DEFAULT CHARSET=utf8 COLLATE=utf8_unicode_ci;

DROP TABLE IF EXISTS `brgsh_usergroups_users`;


--
-- Schema for table `brgsh_usergroups_users`
--
CREATE TABLE `brgsh_usergroups_users` (
  `id` int(11) NOT NULL AUTO_INCREMENT,
  `groupId` int(11) NOT NULL,
  `userId` int(11) NOT NULL,
  `dateCreated` datetime NOT NULL,
  `dateUpdated` datetime NOT NULL,
  `uid` char(36) COLLATE utf8_unicode_ci NOT NULL DEFAULT '0',
  PRIMARY KEY (`id`),
  UNIQUE KEY `brgsh_usergroups_users_groupId_userId_unq_idx` (`groupId`,`userId`),
  KEY `brgsh_usergroups_users_userId_fk` (`userId`)
) ENGINE=InnoDB DEFAULT CHARSET=utf8 COLLATE=utf8_unicode_ci;

DROP TABLE IF EXISTS `brgsh_userpermissions`;


--
-- Schema for table `brgsh_userpermissions`
--
CREATE TABLE `brgsh_userpermissions` (
  `id` int(11) NOT NULL AUTO_INCREMENT,
  `name` varchar(255) COLLATE utf8_unicode_ci NOT NULL,
  `dateCreated` datetime NOT NULL,
  `dateUpdated` datetime NOT NULL,
  `uid` char(36) COLLATE utf8_unicode_ci NOT NULL DEFAULT '0',
  PRIMARY KEY (`id`),
  UNIQUE KEY `brgsh_userpermissions_name_unq_idx` (`name`)
) ENGINE=InnoDB DEFAULT CHARSET=utf8 COLLATE=utf8_unicode_ci;

DROP TABLE IF EXISTS `brgsh_userpermissions_usergroups`;


--
-- Schema for table `brgsh_userpermissions_usergroups`
--
CREATE TABLE `brgsh_userpermissions_usergroups` (
  `id` int(11) NOT NULL AUTO_INCREMENT,
  `permissionId` int(11) NOT NULL,
  `groupId` int(11) NOT NULL,
  `dateCreated` datetime NOT NULL,
  `dateUpdated` datetime NOT NULL,
  `uid` char(36) COLLATE utf8_unicode_ci NOT NULL DEFAULT '0',
  PRIMARY KEY (`id`),
  UNIQUE KEY `brgsh_userpermissions_usergroups_permissionId_groupId_unq_idx` (`permissionId`,`groupId`),
  KEY `brgsh_userpermissions_usergroups_groupId_fk` (`groupId`)
) ENGINE=InnoDB DEFAULT CHARSET=utf8 COLLATE=utf8_unicode_ci;

DROP TABLE IF EXISTS `brgsh_userpermissions_users`;


--
-- Schema for table `brgsh_userpermissions_users`
--
CREATE TABLE `brgsh_userpermissions_users` (
  `id` int(11) NOT NULL AUTO_INCREMENT,
  `permissionId` int(11) NOT NULL,
  `userId` int(11) NOT NULL,
  `dateCreated` datetime NOT NULL,
  `dateUpdated` datetime NOT NULL,
  `uid` char(36) COLLATE utf8_unicode_ci NOT NULL DEFAULT '0',
  PRIMARY KEY (`id`),
  UNIQUE KEY `brgsh_userpermissions_users_permissionId_userId_unq_idx` (`permissionId`,`userId`),
  KEY `brgsh_userpermissions_users_userId_fk` (`userId`)
) ENGINE=InnoDB DEFAULT CHARSET=utf8 COLLATE=utf8_unicode_ci;

DROP TABLE IF EXISTS `brgsh_users`;


--
-- Schema for table `brgsh_users`
--
CREATE TABLE `brgsh_users` (
  `id` int(11) NOT NULL,
  `username` varchar(100) COLLATE utf8_unicode_ci NOT NULL,
  `photo` varchar(100) COLLATE utf8_unicode_ci DEFAULT NULL,
  `firstName` varchar(100) COLLATE utf8_unicode_ci DEFAULT NULL,
  `lastName` varchar(100) COLLATE utf8_unicode_ci DEFAULT NULL,
  `email` varchar(255) COLLATE utf8_unicode_ci NOT NULL,
  `password` char(255) COLLATE utf8_unicode_ci DEFAULT NULL,
  `preferredLocale` char(12) COLLATE utf8_unicode_ci DEFAULT NULL,
  `weekStartDay` tinyint(1) unsigned NOT NULL DEFAULT '0',
  `admin` tinyint(1) unsigned NOT NULL DEFAULT '0',
  `client` tinyint(1) unsigned NOT NULL DEFAULT '0',
  `locked` tinyint(1) unsigned NOT NULL DEFAULT '0',
  `suspended` tinyint(1) unsigned NOT NULL DEFAULT '0',
  `pending` tinyint(1) unsigned NOT NULL DEFAULT '0',
  `archived` tinyint(1) unsigned NOT NULL DEFAULT '0',
  `lastLoginDate` datetime DEFAULT NULL,
  `lastLoginAttemptIPAddress` varchar(45) COLLATE utf8_unicode_ci DEFAULT NULL,
  `invalidLoginWindowStart` datetime DEFAULT NULL,
  `invalidLoginCount` tinyint(4) unsigned DEFAULT NULL,
  `lastInvalidLoginDate` datetime DEFAULT NULL,
  `lockoutDate` datetime DEFAULT NULL,
  `verificationCode` char(100) COLLATE utf8_unicode_ci DEFAULT NULL,
  `verificationCodeIssuedDate` datetime DEFAULT NULL,
  `unverifiedEmail` varchar(255) COLLATE utf8_unicode_ci DEFAULT NULL,
  `passwordResetRequired` tinyint(1) unsigned NOT NULL DEFAULT '0',
  `lastPasswordChangeDate` datetime DEFAULT NULL,
  `dateCreated` datetime NOT NULL,
  `dateUpdated` datetime NOT NULL,
  `uid` char(36) COLLATE utf8_unicode_ci NOT NULL DEFAULT '0',
  PRIMARY KEY (`id`),
  UNIQUE KEY `brgsh_users_username_unq_idx` (`username`),
  UNIQUE KEY `brgsh_users_email_unq_idx` (`email`),
  KEY `brgsh_users_verificationCode_idx` (`verificationCode`),
  KEY `brgsh_users_uid_idx` (`uid`),
  KEY `brgsh_users_preferredLocale_fk` (`preferredLocale`)
) ENGINE=InnoDB DEFAULT CHARSET=utf8 COLLATE=utf8_unicode_ci;

--
-- Data for table `brgsh_users`
--

INSERT INTO `brgsh_users` (`id`, `username`, `photo`, `firstName`, `lastName`, `email`, `password`, `preferredLocale`, `weekStartDay`, `admin`, `client`, `locked`, `suspended`, `pending`, `archived`, `lastLoginDate`, `lastLoginAttemptIPAddress`, `invalidLoginWindowStart`, `invalidLoginCount`, `lastInvalidLoginDate`, `lockoutDate`, `verificationCode`, `verificationCodeIssuedDate`, `unverifiedEmail`, `passwordResetRequired`, `lastPasswordChangeDate`, `dateCreated`, `dateUpdated`, `uid`) VALUES
 ('1', 'brg_admin', NULL, '', '', 'info@bergstein.bar', '$2y$13$U/ZsO6ztlSpzHt9gZtiF8..RkScwSztky8BuxMh.LCzggTKOx25pG', NULL, '1', '1', '0', '0', '0', '0', '0', '2017-06-06 12:58:21', '94.127.219.131', NULL, NULL, NULL, NULL, NULL, NULL, NULL, '0', '2017-05-27 01:12:20', '2017-05-27 01:12:21', '2017-06-06 12:58:21', '4523be89-d99a-40a2-a9e9-fa6e6c241c21');



DROP TABLE IF EXISTS `brgsh_widgets`;


--
-- Schema for table `brgsh_widgets`
--
CREATE TABLE `brgsh_widgets` (
  `id` int(11) NOT NULL AUTO_INCREMENT,
  `userId` int(11) NOT NULL,
  `type` varchar(150) COLLATE utf8_unicode_ci NOT NULL,
  `sortOrder` smallint(6) unsigned DEFAULT NULL,
  `colspan` tinyint(4) unsigned DEFAULT NULL,
  `settings` text COLLATE utf8_unicode_ci,
  `enabled` tinyint(1) unsigned NOT NULL DEFAULT '1',
  `dateCreated` datetime NOT NULL,
  `dateUpdated` datetime NOT NULL,
  `uid` char(36) COLLATE utf8_unicode_ci NOT NULL DEFAULT '0',
  PRIMARY KEY (`id`),
  KEY `brgsh_widgets_userId_fk` (`userId`)
) ENGINE=InnoDB AUTO_INCREMENT=5 DEFAULT CHARSET=utf8 COLLATE=utf8_unicode_ci;

--
-- Data for table `brgsh_widgets`
--

INSERT INTO `brgsh_widgets` (`id`, `userId`, `type`, `sortOrder`, `colspan`, `settings`, `enabled`, `dateCreated`, `dateUpdated`, `uid`) VALUES
 ('1', '1', 'RecentEntries', '1', NULL, NULL, '1', '2017-05-27 01:12:30', '2017-05-27 01:12:30', 'a7d9a2ca-9f05-4aa5-b3a7-79665d5ab29a'),
 ('2', '1', 'GetHelp', '2', NULL, NULL, '1', '2017-05-27 01:12:30', '2017-05-27 01:12:30', '3d1d5231-20fc-42ac-8526-b6207bdf937e'),
 ('3', '1', 'Updates', '3', NULL, NULL, '1', '2017-05-27 01:12:30', '2017-05-27 01:12:30', 'c7bfad4e-8ed5-468a-9b59-cf30656bdb30'),
 ('4', '1', 'Feed', '4', NULL, '{\"url\":\"https:\\/\\/craftcms.com\\/news.rss\",\"title\":\"Craft News\"}', '1', '2017-05-27 01:12:30', '2017-05-27 01:12:30', 'f8224dd5-0bdf-4ae6-931f-fd7d5ad52f95');


--
-- Constraints for tables
--


--
-- Constraints for table `brgsh_assetfiles`
--
ALTER TABLE `brgsh_assetfiles`
	ADD CONSTRAINT `brgsh_assetfiles_folderId_fk` FOREIGN KEY (`folderId`) REFERENCES `brgsh_assetfolders` (`id`) ON DELETE CASCADE,
	ADD CONSTRAINT `brgsh_assetfiles_id_fk` FOREIGN KEY (`id`) REFERENCES `brgsh_elements` (`id`) ON DELETE CASCADE,
	ADD CONSTRAINT `brgsh_assetfiles_sourceId_fk` FOREIGN KEY (`sourceId`) REFERENCES `brgsh_assetsources` (`id`) ON DELETE CASCADE;

--
-- Constraints for table `brgsh_assetfolders`
--
ALTER TABLE `brgsh_assetfolders`
	ADD CONSTRAINT `brgsh_assetfolders_parentId_fk` FOREIGN KEY (`parentId`) REFERENCES `brgsh_assetfolders` (`id`) ON DELETE CASCADE,
	ADD CONSTRAINT `brgsh_assetfolders_sourceId_fk` FOREIGN KEY (`sourceId`) REFERENCES `brgsh_assetsources` (`id`) ON DELETE CASCADE;

--
-- Constraints for table `brgsh_assetindexdata`
--
ALTER TABLE `brgsh_assetindexdata`
	ADD CONSTRAINT `brgsh_assetindexdata_sourceId_fk` FOREIGN KEY (`sourceId`) REFERENCES `brgsh_assetsources` (`id`) ON DELETE CASCADE;

--
-- Constraints for table `brgsh_assetsources`
--
ALTER TABLE `brgsh_assetsources`
	ADD CONSTRAINT `brgsh_assetsources_fieldLayoutId_fk` FOREIGN KEY (`fieldLayoutId`) REFERENCES `brgsh_fieldlayouts` (`id`) ON DELETE SET NULL;

--
-- Constraints for table `brgsh_categories`
--
ALTER TABLE `brgsh_categories`
	ADD CONSTRAINT `brgsh_categories_groupId_fk` FOREIGN KEY (`groupId`) REFERENCES `brgsh_categorygroups` (`id`) ON DELETE CASCADE,
	ADD CONSTRAINT `brgsh_categories_id_fk` FOREIGN KEY (`id`) REFERENCES `brgsh_elements` (`id`) ON DELETE CASCADE;

--
-- Constraints for table `brgsh_categorygroups`
--
ALTER TABLE `brgsh_categorygroups`
	ADD CONSTRAINT `brgsh_categorygroups_fieldLayoutId_fk` FOREIGN KEY (`fieldLayoutId`) REFERENCES `brgsh_fieldlayouts` (`id`) ON DELETE SET NULL,
	ADD CONSTRAINT `brgsh_categorygroups_structureId_fk` FOREIGN KEY (`structureId`) REFERENCES `brgsh_structures` (`id`) ON DELETE CASCADE;

--
-- Constraints for table `brgsh_categorygroups_i18n`
--
ALTER TABLE `brgsh_categorygroups_i18n`
	ADD CONSTRAINT `brgsh_categorygroups_i18n_groupId_fk` FOREIGN KEY (`groupId`) REFERENCES `brgsh_categorygroups` (`id`) ON DELETE CASCADE,
	ADD CONSTRAINT `brgsh_categorygroups_i18n_locale_fk` FOREIGN KEY (`locale`) REFERENCES `brgsh_locales` (`locale`) ON DELETE CASCADE ON UPDATE CASCADE;

--
-- Constraints for table `brgsh_content`
--
ALTER TABLE `brgsh_content`
	ADD CONSTRAINT `brgsh_content_elementId_fk` FOREIGN KEY (`elementId`) REFERENCES `brgsh_elements` (`id`) ON DELETE CASCADE,
	ADD CONSTRAINT `brgsh_content_locale_fk` FOREIGN KEY (`locale`) REFERENCES `brgsh_locales` (`locale`) ON DELETE CASCADE ON UPDATE CASCADE;

--
-- Constraints for table `brgsh_elements_i18n`
--
ALTER TABLE `brgsh_elements_i18n`
	ADD CONSTRAINT `brgsh_elements_i18n_elementId_fk` FOREIGN KEY (`elementId`) REFERENCES `brgsh_elements` (`id`) ON DELETE CASCADE,
	ADD CONSTRAINT `brgsh_elements_i18n_locale_fk` FOREIGN KEY (`locale`) REFERENCES `brgsh_locales` (`locale`) ON DELETE CASCADE ON UPDATE CASCADE;

--
-- Constraints for table `brgsh_emailmessages`
--
ALTER TABLE `brgsh_emailmessages`
	ADD CONSTRAINT `brgsh_emailmessages_locale_fk` FOREIGN KEY (`locale`) REFERENCES `brgsh_locales` (`locale`) ON DELETE CASCADE ON UPDATE CASCADE;

--
-- Constraints for table `brgsh_entries`
--
ALTER TABLE `brgsh_entries`
	ADD CONSTRAINT `brgsh_entries_authorId_fk` FOREIGN KEY (`authorId`) REFERENCES `brgsh_users` (`id`) ON DELETE CASCADE,
	ADD CONSTRAINT `brgsh_entries_id_fk` FOREIGN KEY (`id`) REFERENCES `brgsh_elements` (`id`) ON DELETE CASCADE,
	ADD CONSTRAINT `brgsh_entries_sectionId_fk` FOREIGN KEY (`sectionId`) REFERENCES `brgsh_sections` (`id`) ON DELETE CASCADE,
	ADD CONSTRAINT `brgsh_entries_typeId_fk` FOREIGN KEY (`typeId`) REFERENCES `brgsh_entrytypes` (`id`) ON DELETE CASCADE;

--
-- Constraints for table `brgsh_entrydrafts`
--
ALTER TABLE `brgsh_entrydrafts`
	ADD CONSTRAINT `brgsh_entrydrafts_creatorId_fk` FOREIGN KEY (`creatorId`) REFERENCES `brgsh_users` (`id`) ON DELETE CASCADE,
	ADD CONSTRAINT `brgsh_entrydrafts_entryId_fk` FOREIGN KEY (`entryId`) REFERENCES `brgsh_entries` (`id`) ON DELETE CASCADE,
	ADD CONSTRAINT `brgsh_entrydrafts_locale_fk` FOREIGN KEY (`locale`) REFERENCES `brgsh_locales` (`locale`) ON DELETE CASCADE ON UPDATE CASCADE,
	ADD CONSTRAINT `brgsh_entrydrafts_sectionId_fk` FOREIGN KEY (`sectionId`) REFERENCES `brgsh_sections` (`id`) ON DELETE CASCADE;

--
-- Constraints for table `brgsh_entrytypes`
--
ALTER TABLE `brgsh_entrytypes`
	ADD CONSTRAINT `brgsh_entrytypes_fieldLayoutId_fk` FOREIGN KEY (`fieldLayoutId`) REFERENCES `brgsh_fieldlayouts` (`id`) ON DELETE SET NULL,
	ADD CONSTRAINT `brgsh_entrytypes_sectionId_fk` FOREIGN KEY (`sectionId`) REFERENCES `brgsh_sections` (`id`) ON DELETE CASCADE;

--
-- Constraints for table `brgsh_entryversions`
--
ALTER TABLE `brgsh_entryversions`
	ADD CONSTRAINT `brgsh_entryversions_creatorId_fk` FOREIGN KEY (`creatorId`) REFERENCES `brgsh_users` (`id`) ON DELETE SET NULL,
	ADD CONSTRAINT `brgsh_entryversions_entryId_fk` FOREIGN KEY (`entryId`) REFERENCES `brgsh_entries` (`id`) ON DELETE CASCADE,
	ADD CONSTRAINT `brgsh_entryversions_locale_fk` FOREIGN KEY (`locale`) REFERENCES `brgsh_locales` (`locale`) ON DELETE CASCADE ON UPDATE CASCADE,
	ADD CONSTRAINT `brgsh_entryversions_sectionId_fk` FOREIGN KEY (`sectionId`) REFERENCES `brgsh_sections` (`id`) ON DELETE CASCADE;

--
-- Constraints for table `brgsh_fieldlayoutfields`
--
ALTER TABLE `brgsh_fieldlayoutfields`
	ADD CONSTRAINT `brgsh_fieldlayoutfields_fieldId_fk` FOREIGN KEY (`fieldId`) REFERENCES `brgsh_fields` (`id`) ON DELETE CASCADE,
	ADD CONSTRAINT `brgsh_fieldlayoutfields_layoutId_fk` FOREIGN KEY (`layoutId`) REFERENCES `brgsh_fieldlayouts` (`id`) ON DELETE CASCADE,
	ADD CONSTRAINT `brgsh_fieldlayoutfields_tabId_fk` FOREIGN KEY (`tabId`) REFERENCES `brgsh_fieldlayouttabs` (`id`) ON DELETE CASCADE;

--
-- Constraints for table `brgsh_fieldlayouttabs`
--
ALTER TABLE `brgsh_fieldlayouttabs`
	ADD CONSTRAINT `brgsh_fieldlayouttabs_layoutId_fk` FOREIGN KEY (`layoutId`) REFERENCES `brgsh_fieldlayouts` (`id`) ON DELETE CASCADE;

--
-- Constraints for table `brgsh_fields`
--
ALTER TABLE `brgsh_fields`
	ADD CONSTRAINT `brgsh_fields_groupId_fk` FOREIGN KEY (`groupId`) REFERENCES `brgsh_fieldgroups` (`id`) ON DELETE CASCADE;

--
-- Constraints for table `brgsh_globalsets`
--
ALTER TABLE `brgsh_globalsets`
	ADD CONSTRAINT `brgsh_globalsets_fieldLayoutId_fk` FOREIGN KEY (`fieldLayoutId`) REFERENCES `brgsh_fieldlayouts` (`id`) ON DELETE SET NULL,
	ADD CONSTRAINT `brgsh_globalsets_id_fk` FOREIGN KEY (`id`) REFERENCES `brgsh_elements` (`id`) ON DELETE CASCADE;

--
-- Constraints for table `brgsh_matrixblocks`
--
ALTER TABLE `brgsh_matrixblocks`
	ADD CONSTRAINT `brgsh_matrixblocks_fieldId_fk` FOREIGN KEY (`fieldId`) REFERENCES `brgsh_fields` (`id`) ON DELETE CASCADE,
	ADD CONSTRAINT `brgsh_matrixblocks_id_fk` FOREIGN KEY (`id`) REFERENCES `brgsh_elements` (`id`) ON DELETE CASCADE,
	ADD CONSTRAINT `brgsh_matrixblocks_ownerId_fk` FOREIGN KEY (`ownerId`) REFERENCES `brgsh_elements` (`id`) ON DELETE CASCADE,
	ADD CONSTRAINT `brgsh_matrixblocks_ownerLocale_fk` FOREIGN KEY (`ownerLocale`) REFERENCES `brgsh_locales` (`locale`) ON DELETE CASCADE ON UPDATE CASCADE,
	ADD CONSTRAINT `brgsh_matrixblocks_typeId_fk` FOREIGN KEY (`typeId`) REFERENCES `brgsh_matrixblocktypes` (`id`) ON DELETE CASCADE;

--
-- Constraints for table `brgsh_matrixblocktypes`
--
ALTER TABLE `brgsh_matrixblocktypes`
	ADD CONSTRAINT `brgsh_matrixblocktypes_fieldId_fk` FOREIGN KEY (`fieldId`) REFERENCES `brgsh_fields` (`id`) ON DELETE CASCADE,
	ADD CONSTRAINT `brgsh_matrixblocktypes_fieldLayoutId_fk` FOREIGN KEY (`fieldLayoutId`) REFERENCES `brgsh_fieldlayouts` (`id`) ON DELETE SET NULL;

--
-- Constraints for table `brgsh_matrixcontent_menuitem`
--
ALTER TABLE `brgsh_matrixcontent_menuitem`
	ADD CONSTRAINT `brgsh_matrixcontent_menuitem_elementId_fk` FOREIGN KEY (`elementId`) REFERENCES `brgsh_elements` (`id`) ON DELETE CASCADE,
	ADD CONSTRAINT `brgsh_matrixcontent_menuitem_locale_fk` FOREIGN KEY (`locale`) REFERENCES `brgsh_locales` (`locale`) ON DELETE CASCADE ON UPDATE CASCADE;

--
-- Constraints for table `brgsh_matrixcontent_sliderlink`
--
ALTER TABLE `brgsh_matrixcontent_sliderlink`
	ADD CONSTRAINT `brgsh_matrixcontent_sliderlink_elementId_fk` FOREIGN KEY (`elementId`) REFERENCES `brgsh_elements` (`id`) ON DELETE CASCADE,
	ADD CONSTRAINT `brgsh_matrixcontent_sliderlink_locale_fk` FOREIGN KEY (`locale`) REFERENCES `brgsh_locales` (`locale`) ON DELETE CASCADE ON UPDATE CASCADE;

--
-- Constraints for table `brgsh_matrixcontent_specials`
--
ALTER TABLE `brgsh_matrixcontent_specials`
	ADD CONSTRAINT `brgsh_matrixcontent_specials_elementId_fk` FOREIGN KEY (`elementId`) REFERENCES `brgsh_elements` (`id`) ON DELETE CASCADE,
	ADD CONSTRAINT `brgsh_matrixcontent_specials_locale_fk` FOREIGN KEY (`locale`) REFERENCES `brgsh_locales` (`locale`) ON DELETE CASCADE ON UPDATE CASCADE;

--
-- Constraints for table `brgsh_migrations`
--
ALTER TABLE `brgsh_migrations`
	ADD CONSTRAINT `brgsh_migrations_pluginId_fk` FOREIGN KEY (`pluginId`) REFERENCES `brgsh_plugins` (`id`) ON DELETE CASCADE;

--
-- Constraints for table `brgsh_relations`
--
ALTER TABLE `brgsh_relations`
	ADD CONSTRAINT `brgsh_relations_fieldId_fk` FOREIGN KEY (`fieldId`) REFERENCES `brgsh_fields` (`id`) ON DELETE CASCADE,
	ADD CONSTRAINT `brgsh_relations_sourceId_fk` FOREIGN KEY (`sourceId`) REFERENCES `brgsh_elements` (`id`) ON DELETE CASCADE,
	ADD CONSTRAINT `brgsh_relations_sourceLocale_fk` FOREIGN KEY (`sourceLocale`) REFERENCES `brgsh_locales` (`locale`) ON DELETE CASCADE ON UPDATE CASCADE,
	ADD CONSTRAINT `brgsh_relations_targetId_fk` FOREIGN KEY (`targetId`) REFERENCES `brgsh_elements` (`id`) ON DELETE CASCADE;

--
-- Constraints for table `brgsh_routes`
--
ALTER TABLE `brgsh_routes`
	ADD CONSTRAINT `brgsh_routes_locale_fk` FOREIGN KEY (`locale`) REFERENCES `brgsh_locales` (`locale`) ON DELETE CASCADE ON UPDATE CASCADE;

--
-- Constraints for table `brgsh_sections`
--
ALTER TABLE `brgsh_sections`
	ADD CONSTRAINT `brgsh_sections_structureId_fk` FOREIGN KEY (`structureId`) REFERENCES `brgsh_structures` (`id`) ON DELETE SET NULL;

--
-- Constraints for table `brgsh_sections_i18n`
--
ALTER TABLE `brgsh_sections_i18n`
	ADD CONSTRAINT `brgsh_sections_i18n_locale_fk` FOREIGN KEY (`locale`) REFERENCES `brgsh_locales` (`locale`) ON DELETE CASCADE ON UPDATE CASCADE,
	ADD CONSTRAINT `brgsh_sections_i18n_sectionId_fk` FOREIGN KEY (`sectionId`) REFERENCES `brgsh_sections` (`id`) ON DELETE CASCADE;

--
-- Constraints for table `brgsh_sessions`
--
ALTER TABLE `brgsh_sessions`
	ADD CONSTRAINT `brgsh_sessions_userId_fk` FOREIGN KEY (`userId`) REFERENCES `brgsh_users` (`id`) ON DELETE CASCADE;

--
-- Constraints for table `brgsh_shunnedmessages`
--
ALTER TABLE `brgsh_shunnedmessages`
	ADD CONSTRAINT `brgsh_shunnedmessages_userId_fk` FOREIGN KEY (`userId`) REFERENCES `brgsh_users` (`id`) ON DELETE CASCADE;

--
-- Constraints for table `brgsh_structureelements`
--
ALTER TABLE `brgsh_structureelements`
	ADD CONSTRAINT `brgsh_structureelements_elementId_fk` FOREIGN KEY (`elementId`) REFERENCES `brgsh_elements` (`id`) ON DELETE CASCADE,
	ADD CONSTRAINT `brgsh_structureelements_structureId_fk` FOREIGN KEY (`structureId`) REFERENCES `brgsh_structures` (`id`) ON DELETE CASCADE;

--
-- Constraints for table `brgsh_taggroups`
--
ALTER TABLE `brgsh_taggroups`
	ADD CONSTRAINT `brgsh_taggroups_fieldLayoutId_fk` FOREIGN KEY (`fieldLayoutId`) REFERENCES `brgsh_fieldlayouts` (`id`) ON DELETE SET NULL;

--
-- Constraints for table `brgsh_tags`
--
ALTER TABLE `brgsh_tags`
	ADD CONSTRAINT `brgsh_tags_groupId_fk` FOREIGN KEY (`groupId`) REFERENCES `brgsh_taggroups` (`id`) ON DELETE CASCADE,
	ADD CONSTRAINT `brgsh_tags_id_fk` FOREIGN KEY (`id`) REFERENCES `brgsh_elements` (`id`) ON DELETE CASCADE;

--
-- Constraints for table `brgsh_templatecachecriteria`
--
ALTER TABLE `brgsh_templatecachecriteria`
	ADD CONSTRAINT `brgsh_templatecachecriteria_cacheId_fk` FOREIGN KEY (`cacheId`) REFERENCES `brgsh_templatecaches` (`id`) ON DELETE CASCADE;

--
-- Constraints for table `brgsh_templatecacheelements`
--
ALTER TABLE `brgsh_templatecacheelements`
	ADD CONSTRAINT `brgsh_templatecacheelements_cacheId_fk` FOREIGN KEY (`cacheId`) REFERENCES `brgsh_templatecaches` (`id`) ON DELETE CASCADE,
	ADD CONSTRAINT `brgsh_templatecacheelements_elementId_fk` FOREIGN KEY (`elementId`) REFERENCES `brgsh_elements` (`id`) ON DELETE CASCADE;

--
-- Constraints for table `brgsh_templatecaches`
--
ALTER TABLE `brgsh_templatecaches`
	ADD CONSTRAINT `brgsh_templatecaches_locale_fk` FOREIGN KEY (`locale`) REFERENCES `brgsh_locales` (`locale`) ON DELETE CASCADE ON UPDATE CASCADE;

--
-- Constraints for table `brgsh_usergroups_users`
--
ALTER TABLE `brgsh_usergroups_users`
	ADD CONSTRAINT `brgsh_usergroups_users_groupId_fk` FOREIGN KEY (`groupId`) REFERENCES `brgsh_usergroups` (`id`) ON DELETE CASCADE,
	ADD CONSTRAINT `brgsh_usergroups_users_userId_fk` FOREIGN KEY (`userId`) REFERENCES `brgsh_users` (`id`) ON DELETE CASCADE;

--
-- Constraints for table `brgsh_userpermissions_usergroups`
--
ALTER TABLE `brgsh_userpermissions_usergroups`
	ADD CONSTRAINT `brgsh_userpermissions_usergroups_groupId_fk` FOREIGN KEY (`groupId`) REFERENCES `brgsh_usergroups` (`id`) ON DELETE CASCADE,
	ADD CONSTRAINT `brgsh_userpermissions_usergroups_permissionId_fk` FOREIGN KEY (`permissionId`) REFERENCES `brgsh_userpermissions` (`id`) ON DELETE CASCADE;

--
-- Constraints for table `brgsh_userpermissions_users`
--
ALTER TABLE `brgsh_userpermissions_users`
	ADD CONSTRAINT `brgsh_userpermissions_users_permissionId_fk` FOREIGN KEY (`permissionId`) REFERENCES `brgsh_userpermissions` (`id`) ON DELETE CASCADE,
	ADD CONSTRAINT `brgsh_userpermissions_users_userId_fk` FOREIGN KEY (`userId`) REFERENCES `brgsh_users` (`id`) ON DELETE CASCADE;

--
-- Constraints for table `brgsh_users`
--
ALTER TABLE `brgsh_users`
	ADD CONSTRAINT `brgsh_users_id_fk` FOREIGN KEY (`id`) REFERENCES `brgsh_elements` (`id`) ON DELETE CASCADE,
	ADD CONSTRAINT `brgsh_users_preferredLocale_fk` FOREIGN KEY (`preferredLocale`) REFERENCES `brgsh_locales` (`locale`) ON DELETE SET NULL ON UPDATE CASCADE;

--
-- Constraints for table `brgsh_widgets`
--
ALTER TABLE `brgsh_widgets`
	ADD CONSTRAINT `brgsh_widgets_userId_fk` FOREIGN KEY (`userId`) REFERENCES `brgsh_users` (`id`) ON DELETE CASCADE;

SET FOREIGN_KEY_CHECKS = 1;
