-- Generated by Craft v2.6.2980 on 01 июня 2017 г., 0:18:12.

--
-- Disable foreign key checks and autocommit.
--

SET FOREIGN_KEY_CHECKS = 0;
SET SQL_MODE = "NO_AUTO_VALUE_ON_ZERO";
SET AUTOCOMMIT = 0;
SET NAMES utf8;


DROP TABLE IF EXISTS `brgsh_assetfiles`;


--
-- Schema for table `brgsh_assetfiles`
--
CREATE TABLE `brgsh_assetfiles` (
  `id` int(11) NOT NULL,
  `sourceId` int(11) DEFAULT NULL,
  `folderId` int(11) NOT NULL,
  `filename` varchar(255) COLLATE utf8_unicode_ci NOT NULL,
  `kind` varchar(50) COLLATE utf8_unicode_ci NOT NULL DEFAULT 'unknown',
  `width` int(11) unsigned DEFAULT NULL,
  `height` int(11) unsigned DEFAULT NULL,
  `size` bigint(20) unsigned DEFAULT NULL,
  `dateModified` datetime DEFAULT NULL,
  `dateCreated` datetime NOT NULL,
  `dateUpdated` datetime NOT NULL,
  `uid` char(36) COLLATE utf8_unicode_ci NOT NULL DEFAULT '0',
  PRIMARY KEY (`id`),
  UNIQUE KEY `brgsh_assetfiles_filename_folderId_unq_idx` (`filename`,`folderId`),
  KEY `brgsh_assetfiles_sourceId_fk` (`sourceId`),
  KEY `brgsh_assetfiles_folderId_fk` (`folderId`)
) ENGINE=InnoDB DEFAULT CHARSET=utf8 COLLATE=utf8_unicode_ci;

--
-- Data for table `brgsh_assetfiles`
--

INSERT INTO `brgsh_assetfiles` (`id`, `sourceId`, `folderId`, `filename`, `kind`, `width`, `height`, `size`, `dateModified`, `dateCreated`, `dateUpdated`, `uid`) VALUES
 ('43', '1', '1', 'vee6161_2_3_tonemapped.jpg', 'image', '945', '471', '93248', '2017-05-28 21:13:36', '2017-05-28 21:13:36', '2017-05-28 21:13:36', 'ef5b42c9-8b9c-4794-b383-e8d9a815864e'),
 ('44', '1', '1', 'vee6460.jpg', 'image', '945', '471', '60749', '2017-05-28 21:13:37', '2017-05-28 21:13:37', '2017-05-28 21:13:37', 'd83cb153-3dde-4a90-a718-6a78b1976eb1'),
 ('45', '1', '1', 'vee6676.jpg', 'image', '945', '471', '71747', '2017-05-28 21:13:37', '2017-05-28 21:13:37', '2017-05-28 21:13:37', 'a685047f-867c-4021-901b-19b6683aaa80'),
 ('46', '1', '1', 'vee6804_5_6_tonemapped.jpg', 'image', '945', '471', '77907', '2017-05-28 21:13:37', '2017-05-28 21:13:37', '2017-05-28 21:13:37', '255fb081-4e01-4d10-b305-5170bde3de8a'),
 ('47', '1', '1', 'vee6914_5_6_tonemapped.jpg', 'image', '945', '471', '67730', '2017-05-28 21:13:37', '2017-05-28 21:13:37', '2017-05-28 21:13:37', '045b1dc4-5da0-47bf-a340-32a124f6fae5'),
 ('48', '1', '1', '1.jpg', 'image', '945', '471', '85984', '2017-05-28 21:13:37', '2017-05-28 21:13:37', '2017-05-28 21:13:37', '00e02ab7-7c7d-45a2-a4f1-12167d90108e'),
 ('49', '1', '1', '3.jpg', 'image', '945', '471', '63528', '2017-05-28 21:13:38', '2017-05-28 21:13:38', '2017-05-28 21:13:38', '308c2256-ea5a-4706-bd11-6c8d5163e100'),
 ('50', '1', '1', '4.jpg', 'image', '945', '471', '62929', '2017-05-28 21:13:38', '2017-05-28 21:13:38', '2017-05-28 21:13:38', '48d42e7e-ead7-4c39-9030-9fa8a32ae572'),
 ('62', '2', '2', 'tasty_spotlight_cheese.jpg', 'image', '300', '200', '43004', '2017-05-29 01:17:17', '2017-05-29 01:17:17', '2017-05-29 01:17:17', '60561fc1-5aab-4a84-ad80-9ddbfe69fe91'),
 ('69', '3', '3', 'special-1.jpg', 'image', '800', '600', '59747', '2017-05-29 01:53:38', '2017-05-29 01:53:39', '2017-05-29 01:53:39', 'c9a1d5ce-e0b1-48a0-b9b9-6695e7d4d517'),
 ('73', '2', '2', 'bg-image-12.jpg', 'image', '1800', '835', '179575', '2017-05-30 15:07:24', '2017-05-30 15:07:24', '2017-05-30 15:07:24', '546ceb24-bd63-4cc3-b182-42acfbf56c42'),
 ('74', '4', '4', 'vee6161_2_3_tonemapped.jpg', 'image', '945', '471', '93248', '2017-05-30 20:30:43', '2017-05-30 20:30:43', '2017-05-30 20:30:43', '22c45daa-e6c8-4605-81a7-93a21a9c890f'),
 ('75', '4', '4', 'vee6460.jpg', 'image', '945', '471', '60749', '2017-05-30 20:30:44', '2017-05-30 20:30:44', '2017-05-30 20:30:44', 'c7ced75d-b65f-431a-be86-cdf33b1fb045'),
 ('76', '4', '4', 'vee6676.jpg', 'image', '945', '471', '71747', '2017-05-30 20:30:44', '2017-05-30 20:30:44', '2017-05-30 20:30:44', '83e783ca-a64b-4c0c-bd3c-61c791bcbfbb'),
 ('77', '4', '4', 'vee6804_5_6_tonemapped.jpg', 'image', '945', '471', '77907', '2017-05-30 20:30:45', '2017-05-30 20:30:45', '2017-05-30 20:30:45', 'b8c48288-3493-4c37-b56b-2bd3644ebf97'),
 ('78', '4', '4', 'vee6914_5_6_tonemapped.jpg', 'image', '945', '471', '67730', '2017-05-30 20:30:45', '2017-05-30 20:30:45', '2017-05-30 20:30:45', 'b7e2c436-d1ef-4369-8a26-176a6394211b'),
 ('79', '4', '4', '1.jpg', 'image', '945', '471', '85984', '2017-05-30 20:30:45', '2017-05-30 20:30:45', '2017-05-30 20:30:45', 'cd319428-916a-4147-82d6-56608f87909b'),
 ('80', '4', '4', '3.jpg', 'image', '945', '471', '63528', '2017-05-30 20:30:45', '2017-05-30 20:30:45', '2017-05-30 20:30:45', 'c4247a7a-e248-4aca-9c73-d6444defd13f'),
 ('81', '4', '4', '4.jpg', 'image', '945', '471', '62929', '2017-05-30 20:30:46', '2017-05-30 20:30:46', '2017-05-30 20:30:46', '46dd8027-d139-4de7-9318-d8b2f00476a7'),
 ('90', '5', '5', 'food-1.png', 'image', '300', '220', '17595', '2017-05-31 00:53:17', '2017-05-31 00:49:34', '2017-05-31 00:56:57', '95765df2-07fc-45e9-966a-0d2f3b7c208d'),
 ('91', '5', '5', 'food-2.png', 'image', '300', '200', '16692', '2017-05-31 00:56:48', '2017-05-31 00:56:57', '2017-05-31 00:56:57', '1a85ace4-e804-4719-b05d-1e8f9282c7af'),
 ('92', '5', '5', 'food-3.png', 'image', '300', '200', '17628', '2017-05-31 00:56:48', '2017-05-31 00:56:57', '2017-05-31 00:56:57', 'c2630da8-7b68-46a1-b8e2-53f3cf18d942'),
 ('93', '5', '5', 'food-4.png', 'image', '300', '200', '23100', '2017-05-31 00:56:48', '2017-05-31 00:56:57', '2017-05-31 00:56:57', '775e7c31-3c1d-49c8-a612-26bec2caa653'),
 ('94', '5', '5', 'food-5.png', 'image', '300', '200', '102194', '2017-05-31 00:56:48', '2017-05-31 00:56:57', '2017-05-31 00:56:57', '62a4ed4e-87c0-4156-928a-2606d2088926'),
 ('95', '5', '5', 'food-6.png', 'image', '300', '200', '92690', '2017-05-31 00:56:48', '2017-05-31 00:56:57', '2017-05-31 00:56:57', 'f7da5c4f-e32a-494a-a2fd-4412098622d7'),
 ('96', '2', '2', 'utleie.jpg', 'image', '680', '382', '141518', '2017-05-31 02:45:25', '2017-05-31 02:45:25', '2017-05-31 02:45:25', '39b229d9-d595-47af-9716-341b5e261b7f'),
 ('97', '2', '2', 'beer-back.jpg', 'image', '500', '500', '109244', '2017-05-31 02:47:04', '2017-05-31 02:47:05', '2017-05-31 02:47:05', '659ddb94-8b56-4597-b100-1e1f495ccfb7'),
 ('98', '2', '2', 'woocommerce-coupon-tracking-addon.png', 'image', '256', '256', '21747', '2017-05-31 02:49:32', '2017-05-31 02:49:32', '2017-05-31 02:49:32', '208c524c-0e93-4af2-8ed9-6303f48012cd'),
 ('99', '2', '2', '162f8f90c9897b80d23fcdcfc4e4036a.jpg', 'image', '736', '736', '77022', '2017-05-31 02:49:57', '2017-05-31 02:49:57', '2017-05-31 02:49:57', '21d6e6f9-23f1-45d1-abc9-9b4d8dee4086'),
 ('100', '3', '3', 'crispy-duck-salad-green-beans-superJumbo.jpg', 'image', '2048', '1365', '490006', '2017-05-31 02:53:32', '2017-05-31 02:53:32', '2017-05-31 02:53:32', '13deffb3-f4dc-4ce5-84a6-eebe606bea20'),
 ('101', '3', '3', 'krab__kamchatca.jpg', 'image', '690', '357', '90003', '2017-05-31 02:56:58', '2017-05-31 02:56:58', '2017-05-31 02:56:58', '2ce2a034-3a2c-4087-8bb1-3d57e3c3423d'),
 ('103', '3', '3', 'beer-1.jpg', 'image', '800', '500', '138886', '2017-05-31 03:00:07', '2017-05-31 03:00:07', '2017-05-31 03:00:07', 'f72d5fdd-40fc-4786-a8e8-5edd8f9ae89e');



DROP TABLE IF EXISTS `brgsh_assetfolders`;


--
-- Schema for table `brgsh_assetfolders`
--
CREATE TABLE `brgsh_assetfolders` (
  `id` int(11) NOT NULL AUTO_INCREMENT,
  `parentId` int(11) DEFAULT NULL,
  `sourceId` int(11) DEFAULT NULL,
  `name` varchar(255) COLLATE utf8_unicode_ci NOT NULL,
  `path` varchar(255) COLLATE utf8_unicode_ci DEFAULT NULL,
  `dateCreated` datetime NOT NULL,
  `dateUpdated` datetime NOT NULL,
  `uid` char(36) COLLATE utf8_unicode_ci NOT NULL DEFAULT '0',
  PRIMARY KEY (`id`),
  UNIQUE KEY `brgsh_assetfolders_name_parentId_sourceId_unq_idx` (`name`,`parentId`,`sourceId`),
  KEY `brgsh_assetfolders_parentId_fk` (`parentId`),
  KEY `brgsh_assetfolders_sourceId_fk` (`sourceId`)
) ENGINE=InnoDB AUTO_INCREMENT=6 DEFAULT CHARSET=utf8 COLLATE=utf8_unicode_ci;

--
-- Data for table `brgsh_assetfolders`
--

INSERT INTO `brgsh_assetfolders` (`id`, `parentId`, `sourceId`, `name`, `path`, `dateCreated`, `dateUpdated`, `uid`) VALUES
 ('1', NULL, '1', 'Слайдер', '', '2017-05-28 21:04:38', '2017-05-28 21:06:05', 'a9f786b6-b82e-4e45-88de-537d1d0e1d1a'),
 ('2', NULL, '2', 'Общие', '', '2017-05-28 21:05:14', '2017-05-28 21:06:11', 'f9ece9c3-c02d-4ee7-957e-0c895eeb1b91'),
 ('3', NULL, '3', 'Новости', '', '2017-05-28 21:05:27', '2017-05-28 21:06:26', '51345d64-ac75-4476-a233-db67935623f2'),
 ('4', NULL, '4', 'Фотогалерея', '', '2017-05-28 21:05:51', '2017-05-28 21:06:39', '46e2b368-1d07-49e9-bfba-2b4040373974'),
 ('5', NULL, '5', 'Меню', '', '2017-05-30 22:39:39', '2017-05-30 22:39:48', 'b772c308-a991-488a-b797-e10cdce207c7');



DROP TABLE IF EXISTS `brgsh_assetindexdata`;


--
-- Schema for table `brgsh_assetindexdata`
--
CREATE TABLE `brgsh_assetindexdata` (
  `id` int(11) NOT NULL AUTO_INCREMENT,
  `sessionId` varchar(36) COLLATE utf8_unicode_ci NOT NULL DEFAULT '',
  `sourceId` int(10) NOT NULL,
  `offset` int(10) NOT NULL,
  `uri` varchar(255) COLLATE utf8_unicode_ci DEFAULT NULL,
  `size` varchar(255) COLLATE utf8_unicode_ci DEFAULT NULL,
  `recordId` int(10) DEFAULT NULL,
  `dateCreated` datetime NOT NULL,
  `dateUpdated` datetime NOT NULL,
  `uid` char(36) COLLATE utf8_unicode_ci NOT NULL DEFAULT '0',
  PRIMARY KEY (`id`),
  UNIQUE KEY `brgsh_assetindexdata_sessionId_sourceId_offset_unq_idx` (`sessionId`,`sourceId`,`offset`),
  KEY `brgsh_assetindexdata_sourceId_fk` (`sourceId`)
) ENGINE=InnoDB AUTO_INCREMENT=8 DEFAULT CHARSET=utf8 COLLATE=utf8_unicode_ci;

DROP TABLE IF EXISTS `brgsh_assetsources`;


--
-- Schema for table `brgsh_assetsources`
--
CREATE TABLE `brgsh_assetsources` (
  `id` int(11) NOT NULL AUTO_INCREMENT,
  `name` varchar(255) COLLATE utf8_unicode_ci NOT NULL,
  `handle` varchar(255) COLLATE utf8_unicode_ci NOT NULL,
  `type` varchar(150) COLLATE utf8_unicode_ci NOT NULL,
  `settings` text COLLATE utf8_unicode_ci,
  `sortOrder` smallint(6) unsigned DEFAULT NULL,
  `fieldLayoutId` int(10) DEFAULT NULL,
  `dateCreated` datetime NOT NULL,
  `dateUpdated` datetime NOT NULL,
  `uid` char(36) COLLATE utf8_unicode_ci NOT NULL DEFAULT '0',
  PRIMARY KEY (`id`),
  UNIQUE KEY `brgsh_assetsources_name_unq_idx` (`name`),
  UNIQUE KEY `brgsh_assetsources_handle_unq_idx` (`handle`),
  KEY `brgsh_assetsources_fieldLayoutId_fk` (`fieldLayoutId`)
) ENGINE=InnoDB AUTO_INCREMENT=6 DEFAULT CHARSET=utf8 COLLATE=utf8_unicode_ci;

--
-- Data for table `brgsh_assetsources`
--

INSERT INTO `brgsh_assetsources` (`id`, `name`, `handle`, `type`, `settings`, `sortOrder`, `fieldLayoutId`, `dateCreated`, `dateUpdated`, `uid`) VALUES
 ('1', 'Слайдер', 'slider', 'Local', '{\"path\":\"\\/srv\\/users\\/serverpilot\\/apps\\/bergstein\\/public\\/images\\/slider\\/\",\"publicURLs\":\"1\",\"url\":\"\\/images\\/slider\\/\"}', '1', '15', '2017-05-28 21:04:38', '2017-05-28 21:06:05', '2ba0e792-87f5-4eed-b779-0b5112040fe8'),
 ('2', 'Общие', 'common', 'Local', '{\"path\":\"\\/srv\\/users\\/serverpilot\\/apps\\/bergstein\\/public\\/images\\/common\\/\",\"publicURLs\":\"1\",\"url\":\"\\/images\\/common\\/\"}', '2', '16', '2017-05-28 21:05:13', '2017-05-28 21:06:11', '2c35585a-b19f-4069-b12a-65e3430323ba'),
 ('3', 'Новости', 'news', 'Local', '{\"path\":\"\\/srv\\/users\\/serverpilot\\/apps\\/bergstein\\/public\\/images\\/news\\/\",\"publicURLs\":\"1\",\"url\":\"\\/images\\/news\\/\"}', '3', '17', '2017-05-28 21:05:27', '2017-05-28 21:06:26', '8899d0a4-fdd6-4bfd-af5f-c8d139af10b8'),
 ('4', 'Фотогалерея', 'gallery', 'Local', '{\"path\":\"\\/srv\\/users\\/serverpilot\\/apps\\/bergstein\\/public\\/images\\/gallery\\/\",\"publicURLs\":\"1\",\"url\":\"\\/images\\/gallery\\/\"}', '4', '18', '2017-05-28 21:05:51', '2017-05-28 21:06:39', 'be77fda2-c568-4c8f-9037-d18cf33e02a0'),
 ('5', 'Меню', 'menu', 'Local', '{\"path\":\"\\/srv\\/users\\/serverpilot\\/apps\\/bergstein\\/public\\/images\\/menu\\/\",\"publicURLs\":\"1\",\"url\":\"\\/images\\/menu\\/\"}', '5', '50', '2017-05-30 22:39:39', '2017-05-30 22:39:48', '951cf90f-3c66-4b83-8ed3-7b59a813a6ae');



DROP TABLE IF EXISTS `brgsh_assettransformindex`;


--
-- Schema for table `brgsh_assettransformindex`
--
CREATE TABLE `brgsh_assettransformindex` (
  `id` int(11) NOT NULL AUTO_INCREMENT,
  `fileId` int(11) NOT NULL,
  `filename` varchar(255) COLLATE utf8_unicode_ci DEFAULT NULL,
  `format` varchar(255) COLLATE utf8_unicode_ci DEFAULT NULL,
  `location` varchar(255) COLLATE utf8_unicode_ci NOT NULL,
  `sourceId` int(11) DEFAULT NULL,
  `fileExists` tinyint(1) DEFAULT NULL,
  `inProgress` tinyint(1) DEFAULT NULL,
  `dateIndexed` datetime DEFAULT NULL,
  `dateCreated` datetime NOT NULL,
  `dateUpdated` datetime NOT NULL,
  `uid` char(36) COLLATE utf8_unicode_ci NOT NULL DEFAULT '0',
  PRIMARY KEY (`id`),
  KEY `brgsh_assettransformindex_sourceId_fileId_location_idx` (`sourceId`,`fileId`,`location`)
) ENGINE=InnoDB AUTO_INCREMENT=18 DEFAULT CHARSET=utf8 COLLATE=utf8_unicode_ci;

DROP TABLE IF EXISTS `brgsh_assettransforms`;


--
-- Schema for table `brgsh_assettransforms`
--
CREATE TABLE `brgsh_assettransforms` (
  `id` int(11) NOT NULL AUTO_INCREMENT,
  `name` varchar(255) COLLATE utf8_unicode_ci NOT NULL,
  `handle` varchar(255) COLLATE utf8_unicode_ci NOT NULL,
  `mode` enum('stretch','fit','crop') COLLATE utf8_unicode_ci NOT NULL DEFAULT 'crop',
  `position` enum('top-left','top-center','top-right','center-left','center-center','center-right','bottom-left','bottom-center','bottom-right') COLLATE utf8_unicode_ci NOT NULL DEFAULT 'center-center',
  `height` int(10) DEFAULT NULL,
  `width` int(10) DEFAULT NULL,
  `format` varchar(255) COLLATE utf8_unicode_ci DEFAULT NULL,
  `quality` int(10) DEFAULT NULL,
  `dimensionChangeTime` datetime DEFAULT NULL,
  `dateCreated` datetime NOT NULL,
  `dateUpdated` datetime NOT NULL,
  `uid` char(36) COLLATE utf8_unicode_ci NOT NULL DEFAULT '0',
  PRIMARY KEY (`id`),
  UNIQUE KEY `brgsh_assettransforms_name_unq_idx` (`name`),
  UNIQUE KEY `brgsh_assettransforms_handle_unq_idx` (`handle`)
) ENGINE=InnoDB AUTO_INCREMENT=4 DEFAULT CHARSET=utf8 COLLATE=utf8_unicode_ci;

--
-- Data for table `brgsh_assettransforms`
--

INSERT INTO `brgsh_assettransforms` (`id`, `name`, `handle`, `mode`, `position`, `height`, `width`, `format`, `quality`, `dimensionChangeTime`, `dateCreated`, `dateUpdated`, `uid`) VALUES
 ('1', 'News400x300', 'news400x300', 'crop', 'center-center', '300', '400', NULL, NULL, '2017-05-29 01:57:02', '2017-05-29 01:57:02', '2017-05-29 01:57:02', 'e018ad07-2205-41ad-a66f-fbfcb0226410'),
 ('2', 'Gallery 800x800', 'gallery800x800', 'crop', 'center-center', '800', '800', NULL, NULL, '2017-05-30 20:33:49', '2017-05-30 20:33:49', '2017-05-30 20:33:49', '4f6a9036-fe40-4dd4-9959-48cb485eca76'),
 ('3', 'Special180x180', 'special180x180', 'crop', 'center-center', '180', '180', NULL, NULL, '2017-05-31 02:42:19', '2017-05-31 02:42:19', '2017-05-31 02:42:19', 'c56032a3-8065-4000-9e08-c43a93ec93fe');



DROP TABLE IF EXISTS `brgsh_categories`;


--
-- Schema for table `brgsh_categories`
--
CREATE TABLE `brgsh_categories` (
  `id` int(11) NOT NULL,
  `groupId` int(11) NOT NULL,
  `dateCreated` datetime NOT NULL,
  `dateUpdated` datetime NOT NULL,
  `uid` char(36) COLLATE utf8_unicode_ci NOT NULL DEFAULT '0',
  PRIMARY KEY (`id`),
  KEY `brgsh_categories_groupId_fk` (`groupId`)
) ENGINE=InnoDB DEFAULT CHARSET=utf8 COLLATE=utf8_unicode_ci;

--
-- Data for table `brgsh_categories`
--

INSERT INTO `brgsh_categories` (`id`, `groupId`, `dateCreated`, `dateUpdated`, `uid`) VALUES
 ('9', '2', '2017-05-28 16:10:53', '2017-05-31 00:49:40', '1475593b-0e49-49d3-a2f2-b8ef771d3dad'),
 ('10', '2', '2017-05-28 16:11:12', '2017-05-28 16:11:12', 'c684a66e-22fe-42e4-9577-149724dd2c05'),
 ('11', '2', '2017-05-28 16:11:34', '2017-05-31 00:57:11', 'fb217a89-2283-474f-8ec8-ab7381a83f63'),
 ('12', '2', '2017-05-28 18:37:08', '2017-05-31 00:57:38', '25e0adc2-0b10-4fff-a830-ea5fd01e04a8'),
 ('13', '2', '2017-05-28 18:37:22', '2017-05-31 00:57:48', '177b0a0c-bbee-4252-ba64-9f3eddc4bbcf'),
 ('14', '2', '2017-05-28 18:37:33', '2017-05-28 18:37:33', '85c9d149-4277-4f3c-a218-66ee839bd370'),
 ('15', '2', '2017-05-28 18:37:47', '2017-05-28 18:37:47', '8074fc29-4a13-4fc0-9985-f421e5561a74'),
 ('16', '2', '2017-05-28 18:37:58', '2017-05-28 18:37:58', '4db09c93-b484-448e-91b7-38440be206ab'),
 ('17', '2', '2017-05-28 18:38:07', '2017-05-28 18:38:07', '2c63b5a4-148f-48da-a16f-cb6dffa667c9'),
 ('18', '2', '2017-05-28 18:38:17', '2017-05-28 18:38:17', '8019c047-0b4a-4547-a7b1-68457f53cedd'),
 ('19', '2', '2017-05-28 18:38:28', '2017-05-28 18:38:28', 'e795fa81-a7f4-48ed-b8dc-123883d37307'),
 ('20', '2', '2017-05-28 18:38:40', '2017-05-31 00:57:56', 'bb9cca9f-87be-49d7-a8ce-010a0a33426a'),
 ('21', '2', '2017-05-28 18:38:51', '2017-05-28 18:38:51', 'c6d194c9-582f-495e-9117-8af24ce6df8d'),
 ('22', '2', '2017-05-28 18:38:59', '2017-05-31 00:58:04', '8c175870-92c1-4877-ada3-c15b37049cf2'),
 ('23', '2', '2017-05-28 18:39:09', '2017-05-28 18:39:09', 'e817e4b3-c0f0-43b6-b6b8-0b271f73d23b'),
 ('24', '2', '2017-05-28 18:39:22', '2017-05-28 18:39:22', 'f22bbb29-b214-4d65-8e4b-489b59dce736'),
 ('25', '2', '2017-05-28 18:39:34', '2017-05-28 18:39:34', '25d27a16-e933-47f6-ace2-da8efa94b51e'),
 ('26', '2', '2017-05-28 18:39:45', '2017-05-28 18:39:45', '42b5ecff-8ece-4128-94a4-963a336e6a33'),
 ('27', '2', '2017-05-28 18:40:14', '2017-05-28 18:40:14', '815f00a3-07bf-4d81-b1d0-9c1d7fcaa7cf'),
 ('28', '2', '2017-05-28 18:40:31', '2017-05-28 18:40:31', '0f38f3d6-0153-4c0a-b597-c517021c98c0'),
 ('29', '2', '2017-05-28 18:40:45', '2017-05-28 18:40:45', '68a73f3b-ab1c-453b-a4fa-0d0f6519f8f5'),
 ('30', '2', '2017-05-28 18:41:01', '2017-05-28 18:41:01', '2d7e81c1-7915-45e6-a8cd-b13f29d3c5a6'),
 ('31', '2', '2017-05-28 18:42:50', '2017-05-31 00:57:19', '58cf6de1-d961-41a3-95f0-095e93ff83a8'),
 ('32', '2', '2017-05-28 18:43:40', '2017-05-31 00:57:29', '2af4a2b0-7aee-4021-a160-69cafb891836'),
 ('33', '2', '2017-05-28 18:43:50', '2017-05-28 18:43:50', '21bd13bd-25ab-4a1c-ad7f-e0ae6f1bc79f'),
 ('34', '2', '2017-05-28 18:44:01', '2017-05-28 18:44:01', 'ba664c0b-1fb6-4414-b766-ceeade92bc9c'),
 ('35', '2', '2017-05-28 18:44:12', '2017-05-28 18:44:12', '50b51bf6-2664-4414-9f8a-5c657a5cfb7b'),
 ('36', '2', '2017-05-28 18:44:22', '2017-05-28 18:44:22', 'd847a2ad-30b4-4e05-a4e9-a9704b9cf979'),
 ('37', '2', '2017-05-28 18:44:32', '2017-05-28 18:44:32', 'ef154278-cf6b-41b2-8a03-d04deb6f1468'),
 ('38', '2', '2017-05-28 18:44:42', '2017-05-28 18:44:42', 'dcdcddca-7486-4241-a77a-d4bc6c47ad39'),
 ('39', '2', '2017-05-28 18:44:54', '2017-05-28 18:44:54', '40277cb4-ecc1-4a86-8fbb-c6f07985b812'),
 ('40', '2', '2017-05-28 18:45:02', '2017-05-28 18:45:02', '83213a7c-c826-49db-a0f2-e242cfad03b2'),
 ('41', '2', '2017-05-28 18:45:12', '2017-05-28 18:45:12', 'ddbd1466-9394-4471-8c68-4d13f4f8a561'),
 ('42', '2', '2017-05-28 18:45:22', '2017-05-28 18:45:22', '51eee154-d0eb-4ba9-b99e-0ad4f95ab163'),
 ('87', '2', '2017-05-31 00:29:14', '2017-05-31 00:58:13', '441132ea-3c6e-41f3-960b-a486e684229e'),
 ('88', '2', '2017-05-31 00:29:21', '2017-05-31 00:58:45', '29b4bd44-220e-4206-b3f4-937a50834738'),
 ('89', '2', '2017-05-31 00:29:33', '2017-05-31 00:59:00', '0f93da9c-8690-411c-a6c0-d0b4410e426e');



DROP TABLE IF EXISTS `brgsh_categorygroups`;


--
-- Schema for table `brgsh_categorygroups`
--
CREATE TABLE `brgsh_categorygroups` (
  `id` int(11) NOT NULL AUTO_INCREMENT,
  `structureId` int(11) NOT NULL,
  `fieldLayoutId` int(11) DEFAULT NULL,
  `name` varchar(255) COLLATE utf8_unicode_ci NOT NULL,
  `handle` varchar(255) COLLATE utf8_unicode_ci NOT NULL,
  `hasUrls` tinyint(1) unsigned NOT NULL DEFAULT '1',
  `template` varchar(500) COLLATE utf8_unicode_ci DEFAULT NULL,
  `dateCreated` datetime NOT NULL,
  `dateUpdated` datetime NOT NULL,
  `uid` char(36) COLLATE utf8_unicode_ci NOT NULL DEFAULT '0',
  PRIMARY KEY (`id`),
  UNIQUE KEY `brgsh_categorygroups_name_unq_idx` (`name`),
  UNIQUE KEY `brgsh_categorygroups_handle_unq_idx` (`handle`),
  KEY `brgsh_categorygroups_structureId_fk` (`structureId`),
  KEY `brgsh_categorygroups_fieldLayoutId_fk` (`fieldLayoutId`)
) ENGINE=InnoDB AUTO_INCREMENT=3 DEFAULT CHARSET=utf8 COLLATE=utf8_unicode_ci;

--
-- Data for table `brgsh_categorygroups`
--

INSERT INTO `brgsh_categorygroups` (`id`, `structureId`, `fieldLayoutId`, `name`, `handle`, `hasUrls`, `template`, `dateCreated`, `dateUpdated`, `uid`) VALUES
 ('2', '2', '57', 'Menu', 'menu', '1', '', '2017-05-28 16:05:47', '2017-05-31 00:49:23', 'fd50dda8-b064-4c39-8c4f-3e444ecb4b29');



DROP TABLE IF EXISTS `brgsh_categorygroups_i18n`;


--
-- Schema for table `brgsh_categorygroups_i18n`
--
CREATE TABLE `brgsh_categorygroups_i18n` (
  `id` int(11) NOT NULL AUTO_INCREMENT,
  `groupId` int(11) NOT NULL,
  `locale` char(12) COLLATE utf8_unicode_ci NOT NULL,
  `urlFormat` text COLLATE utf8_unicode_ci,
  `nestedUrlFormat` text COLLATE utf8_unicode_ci,
  `dateCreated` datetime NOT NULL,
  `dateUpdated` datetime NOT NULL,
  `uid` char(36) COLLATE utf8_unicode_ci NOT NULL DEFAULT '0',
  PRIMARY KEY (`id`),
  UNIQUE KEY `brgsh_categorygroups_i18n_groupId_locale_unq_idx` (`groupId`,`locale`),
  KEY `brgsh_categorygroups_i18n_locale_fk` (`locale`)
) ENGINE=InnoDB AUTO_INCREMENT=3 DEFAULT CHARSET=utf8 COLLATE=utf8_unicode_ci;

--
-- Data for table `brgsh_categorygroups_i18n`
--

INSERT INTO `brgsh_categorygroups_i18n` (`id`, `groupId`, `locale`, `urlFormat`, `nestedUrlFormat`, `dateCreated`, `dateUpdated`, `uid`) VALUES
 ('2', '2', 'ru_ru', 'menu/{slug}', '{parent.uri}/{slug}', '2017-05-28 16:05:47', '2017-05-28 16:05:47', '9582e4a4-e308-499e-8227-0f9aa642710b');



DROP TABLE IF EXISTS `brgsh_content`;


--
-- Schema for table `brgsh_content`
--
CREATE TABLE `brgsh_content` (
  `id` int(11) NOT NULL AUTO_INCREMENT,
  `elementId` int(11) NOT NULL,
  `locale` char(12) COLLATE utf8_unicode_ci NOT NULL,
  `title` varchar(255) COLLATE utf8_unicode_ci DEFAULT NULL,
  `field_body` text COLLATE utf8_unicode_ci,
  `field_sliderDescription` text COLLATE utf8_unicode_ci,
  `field_textFormatted` text COLLATE utf8_unicode_ci,
  `field_textUnformatted` text COLLATE utf8_unicode_ci,
  `field_mainMenuLink` text COLLATE utf8_unicode_ci,
  `field_slogan` text COLLATE utf8_unicode_ci,
  `field_menuDescription` text COLLATE utf8_unicode_ci,
  `field_menuPrice` text COLLATE utf8_unicode_ci,
  `field_menuExtra` varchar(255) COLLATE utf8_unicode_ci DEFAULT NULL,
  `dateCreated` datetime NOT NULL,
  `dateUpdated` datetime NOT NULL,
  `uid` char(36) COLLATE utf8_unicode_ci NOT NULL DEFAULT '0',
  PRIMARY KEY (`id`),
  UNIQUE KEY `brgsh_content_elementId_locale_unq_idx` (`elementId`,`locale`),
  KEY `brgsh_content_title_idx` (`title`),
  KEY `brgsh_content_locale_fk` (`locale`)
) ENGINE=InnoDB AUTO_INCREMENT=98 DEFAULT CHARSET=utf8 COLLATE=utf8_unicode_ci;

--
-- Data for table `brgsh_content`
--

INSERT INTO `brgsh_content` (`id`, `elementId`, `locale`, `title`, `field_body`, `field_sliderDescription`, `field_textFormatted`, `field_textUnformatted`, `field_mainMenuLink`, `field_slogan`, `field_menuDescription`, `field_menuPrice`, `field_menuExtra`, `dateCreated`, `dateUpdated`, `uid`) VALUES
 ('1', '1', 'ru_ru', NULL, NULL, NULL, NULL, NULL, NULL, NULL, NULL, NULL, NULL, '2017-05-27 01:12:21', '2017-05-27 01:12:21', 'b305c307-54a6-438c-86af-53563fecbb54'),
 ('2', '2', 'ru_ru', 'Bergstein.bar', '<p>Огромный ассортимент крафтового пива, разнообразная кухня и приятная музыка в уютном ресторане Бергштайн. У нас вы можете провести банкет или корпоратив, посмотреть спортивные трансляции или покурить кальян. В меню представлены итальянская, японская и традиционно русская кухни.</p>', NULL, NULL, NULL, NULL, NULL, NULL, NULL, NULL, '2017-05-27 01:12:23', '2017-05-31 02:49:59', '65d22d9a-d184-40f0-bf67-5dd256caeb7e'),
 ('4', '4', 'ru_ru', 'Главная', NULL, NULL, NULL, NULL, '/', NULL, NULL, NULL, NULL, '2017-05-28 16:07:54', '2017-05-28 23:40:39', '01f58f85-ace4-4483-bdb7-0550c4bbbb52'),
 ('5', '5', 'ru_ru', 'Меню', NULL, NULL, NULL, NULL, '/menu', NULL, NULL, NULL, NULL, '2017-05-28 16:08:00', '2017-05-28 23:40:55', '1a03131d-cf22-4a97-9cea-96ff4da5ecc8'),
 ('6', '6', 'ru_ru', 'Фотогалерея', NULL, NULL, NULL, NULL, '/gallery', NULL, NULL, NULL, NULL, '2017-05-28 16:08:15', '2017-05-28 23:41:11', '7735b14f-86b4-4260-b477-6d0074d18d56'),
 ('7', '7', 'ru_ru', 'Контакты', NULL, NULL, NULL, NULL, '/contact', NULL, NULL, NULL, NULL, '2017-05-28 16:08:35', '2017-05-28 23:41:21', '722f4eb4-5aa8-4f02-b4df-4c47346c4db9'),
 ('8', '8', 'ru_ru', 'Отзывы', NULL, NULL, NULL, NULL, '/reviews', NULL, NULL, NULL, NULL, '2017-05-28 16:08:43', '2017-05-28 23:41:31', '4df0a108-cfd4-4f6e-afe0-120a7b6266a4'),
 ('9', '9', 'ru_ru', 'Основное меню', NULL, NULL, NULL, NULL, NULL, NULL, NULL, NULL, NULL, '2017-05-28 16:10:53', '2017-05-31 00:49:40', '48b74a32-665b-43f8-938f-35b56be9ed31'),
 ('10', '10', 'ru_ru', 'Шеф рекомендует', NULL, NULL, NULL, NULL, NULL, NULL, NULL, NULL, NULL, '2017-05-28 16:11:12', '2017-05-28 16:11:12', '025cf177-882f-4079-9ca7-8121f67befc6'),
 ('11', '11', 'ru_ru', 'Аппетитная Италия', NULL, NULL, NULL, NULL, NULL, NULL, NULL, NULL, NULL, '2017-05-28 16:11:34', '2017-05-31 00:57:11', '6c232c30-7e21-4611-a816-f0e8e6f50808'),
 ('12', '12', 'ru_ru', 'Барное меню', NULL, NULL, NULL, NULL, NULL, NULL, NULL, NULL, NULL, '2017-05-28 18:37:08', '2017-05-31 00:57:37', 'f2e00100-4c62-4e22-a100-b68f1a267142'),
 ('13', '13', 'ru_ru', 'Пивная карта', NULL, NULL, NULL, NULL, NULL, NULL, NULL, NULL, NULL, '2017-05-28 18:37:22', '2017-05-31 00:57:48', 'f504f1a6-d237-4d42-bb36-4350f26f7aaf'),
 ('14', '14', 'ru_ru', 'Праздничное пиво', NULL, NULL, NULL, NULL, NULL, NULL, NULL, NULL, NULL, '2017-05-28 18:37:33', '2017-05-28 18:37:33', '1bf93878-2500-4808-a0b0-162196629d27'),
 ('15', '15', 'ru_ru', 'Пиво в бутылках', NULL, NULL, NULL, NULL, NULL, NULL, NULL, NULL, NULL, '2017-05-28 18:37:47', '2017-05-28 18:37:47', '6bd69338-a6bf-4f4f-bfa2-a9a8ae96f58d'),
 ('16', '16', 'ru_ru', 'Игристые вина', NULL, NULL, NULL, NULL, NULL, NULL, NULL, NULL, NULL, '2017-05-28 18:37:58', '2017-05-28 18:37:58', '13c0aa54-64cb-4c5c-961b-f21e3ba3392a'),
 ('17', '17', 'ru_ru', 'Белые вина', NULL, NULL, NULL, NULL, NULL, NULL, NULL, NULL, NULL, '2017-05-28 18:38:07', '2017-05-28 18:38:07', '11035769-ae61-428e-8197-08e462c20c69'),
 ('18', '18', 'ru_ru', 'Десертное вино', NULL, NULL, NULL, NULL, NULL, NULL, NULL, NULL, NULL, '2017-05-28 18:38:17', '2017-05-28 18:38:17', '2cded524-cd69-4b04-b6aa-7a0cb608728c'),
 ('19', '19', 'ru_ru', 'Вино по бокалам', NULL, NULL, NULL, NULL, NULL, NULL, NULL, NULL, NULL, '2017-05-28 18:38:28', '2017-05-28 18:38:28', 'd75f1055-3440-45ac-a32c-9a6f95299a85'),
 ('20', '20', 'ru_ru', 'Красные вина', NULL, NULL, NULL, NULL, NULL, NULL, NULL, NULL, NULL, '2017-05-28 18:38:40', '2017-05-31 00:57:56', 'a4215ee9-aa89-4d17-878b-68db91e52e1f'),
 ('21', '21', 'ru_ru', 'Розовые вина', NULL, NULL, NULL, NULL, NULL, NULL, NULL, NULL, NULL, '2017-05-28 18:38:50', '2017-05-28 18:38:50', 'c63b13e6-70af-454d-94dc-171eb7914c30'),
 ('22', '22', 'ru_ru', 'Коктейли', NULL, NULL, NULL, NULL, NULL, NULL, NULL, NULL, NULL, '2017-05-28 18:38:59', '2017-05-31 00:58:04', '4b26d180-1abe-41e8-b002-1875535d0654'),
 ('23', '23', 'ru_ru', 'Водка', NULL, NULL, NULL, NULL, NULL, NULL, NULL, NULL, NULL, '2017-05-28 18:39:09', '2017-05-28 18:39:09', '839e280a-f4bb-4fc1-8bb8-109848067e52'),
 ('24', '24', 'ru_ru', 'Диджестив, Домашние настойки', NULL, NULL, NULL, NULL, NULL, NULL, NULL, NULL, NULL, '2017-05-28 18:39:22', '2017-05-28 18:39:22', '30b78e82-f4d0-4582-b6f1-da5d81dd8613'),
 ('25', '25', 'ru_ru', 'Виски, коньяк', NULL, NULL, NULL, NULL, NULL, NULL, NULL, NULL, NULL, '2017-05-28 18:39:34', '2017-05-28 18:39:34', '20105988-3ae2-4a3c-9a48-825f4a35c8eb'),
 ('26', '26', 'ru_ru', 'Текила, ром', NULL, NULL, NULL, NULL, NULL, NULL, NULL, NULL, NULL, '2017-05-28 18:39:45', '2017-05-28 18:39:45', '910a5fd7-8fd8-4813-9442-b86dcf68ec6b'),
 ('27', '27', 'ru_ru', 'Аперитивы', NULL, NULL, NULL, NULL, NULL, NULL, NULL, NULL, NULL, '2017-05-28 18:40:14', '2017-05-28 18:40:14', '46ff5ab8-dfb6-4c71-82c2-57ded2a71b5e'),
 ('28', '28', 'ru_ru', 'Портвейн, джин, ликеры', NULL, NULL, NULL, NULL, NULL, NULL, NULL, NULL, NULL, '2017-05-28 18:40:31', '2017-05-28 18:40:31', 'ca453e10-37f4-459c-8423-7010b14cecaa'),
 ('29', '29', 'ru_ru', 'Горячие напитки', NULL, NULL, NULL, NULL, NULL, NULL, NULL, NULL, NULL, '2017-05-28 18:40:45', '2017-05-28 18:40:45', '2abbf740-f4d4-4cfc-8c31-1225550ca1a7'),
 ('30', '30', 'ru_ru', 'Прохладительные напитки', NULL, NULL, NULL, NULL, NULL, NULL, NULL, NULL, NULL, '2017-05-28 18:41:01', '2017-05-28 18:41:01', 'c1cce122-4e7a-4771-8798-7bfd1eef44f7'),
 ('31', '31', 'ru_ru', 'Закуски к пиву', NULL, NULL, NULL, NULL, NULL, NULL, NULL, NULL, NULL, '2017-05-28 18:42:50', '2017-05-31 00:57:19', '32f50783-d6b9-456e-a87f-56da2b904d16'),
 ('32', '32', 'ru_ru', 'Холодные закуски', NULL, NULL, NULL, NULL, NULL, NULL, NULL, NULL, NULL, '2017-05-28 18:43:40', '2017-05-31 00:57:29', 'cca04989-c8c1-4aa1-b679-3e031658eeef'),
 ('33', '33', 'ru_ru', 'Горячие закуски', NULL, NULL, NULL, NULL, NULL, NULL, NULL, NULL, NULL, '2017-05-28 18:43:50', '2017-05-28 18:43:50', '9d3d79ba-e4f0-4b87-acb6-e58372662d30'),
 ('34', '34', 'ru_ru', 'Салаты', NULL, NULL, NULL, NULL, NULL, NULL, NULL, NULL, NULL, '2017-05-28 18:44:01', '2017-05-28 18:44:01', 'aeff5242-717a-41b0-8cfc-a5862824cc93'),
 ('35', '35', 'ru_ru', 'Фирменные блюда «Бергштайна»', NULL, NULL, NULL, NULL, NULL, NULL, NULL, NULL, NULL, '2017-05-28 18:44:12', '2017-05-28 18:44:12', '3e472dda-69c6-45d6-a560-e2a4c686ba52'),
 ('36', '36', 'ru_ru', 'Супы', NULL, NULL, NULL, NULL, NULL, NULL, NULL, NULL, NULL, '2017-05-28 18:44:22', '2017-05-28 18:44:22', 'ee37a944-94a6-4f4b-b5f3-690ce0946dfb'),
 ('37', '37', 'ru_ru', 'Горячие рыбные блюда', NULL, NULL, NULL, NULL, NULL, NULL, NULL, NULL, NULL, '2017-05-28 18:44:32', '2017-05-28 18:44:32', '025d69d3-ed4f-4156-a0f1-c73f7a19235c'),
 ('38', '38', 'ru_ru', 'Горячие мясные блюда', NULL, NULL, NULL, NULL, NULL, NULL, NULL, NULL, NULL, '2017-05-28 18:44:42', '2017-05-28 18:44:42', 'feb99e29-be2a-4811-b4ea-751ed5727f05'),
 ('39', '39', 'ru_ru', 'Гарниры', NULL, NULL, NULL, NULL, NULL, NULL, NULL, NULL, NULL, '2017-05-28 18:44:54', '2017-05-28 18:44:54', '4429a308-d8ce-40df-b1ab-7f095d12bddb'),
 ('40', '40', 'ru_ru', 'Десерты', NULL, NULL, NULL, NULL, NULL, NULL, NULL, NULL, NULL, '2017-05-28 18:45:02', '2017-05-28 18:45:02', '2b28ca69-a8fe-4050-80b8-925214ddc21f'),
 ('41', '41', 'ru_ru', 'Солнечные завтраки', NULL, NULL, NULL, NULL, NULL, NULL, NULL, NULL, NULL, '2017-05-28 18:45:12', '2017-05-28 18:45:12', '09cd010b-1603-4e93-8547-dac4b29c4363'),
 ('42', '42', 'ru_ru', 'Бизнес-ланчи', NULL, NULL, NULL, NULL, NULL, NULL, NULL, NULL, NULL, '2017-05-28 18:45:22', '2017-05-28 18:45:22', 'cbf62c95-37f5-4fd5-b78e-d138fe49056a'),
 ('43', '43', 'ru_ru', 'Vee6161 2 3 Tonemapped', NULL, NULL, NULL, NULL, NULL, NULL, NULL, NULL, NULL, '2017-05-28 21:13:36', '2017-05-28 21:13:36', '5235b932-8298-4029-897f-820c7dabcf16'),
 ('44', '44', 'ru_ru', 'Vee6460', NULL, NULL, NULL, NULL, NULL, NULL, NULL, NULL, NULL, '2017-05-28 21:13:37', '2017-05-28 21:13:37', '09bb9798-5ba1-41b9-b3ed-fcf82607aede'),
 ('45', '45', 'ru_ru', 'Vee6676', NULL, NULL, NULL, NULL, NULL, NULL, NULL, NULL, NULL, '2017-05-28 21:13:37', '2017-05-28 21:13:37', '35465e5d-6549-48ea-8a84-2276b36e84d8'),
 ('46', '46', 'ru_ru', 'Vee6804 5 6 Tonemapped', NULL, NULL, NULL, NULL, NULL, NULL, NULL, NULL, NULL, '2017-05-28 21:13:37', '2017-05-28 21:13:37', 'd54a0b3f-c1fd-48f8-aeff-246fd0eb69e3'),
 ('47', '47', 'ru_ru', 'Vee6914 5 6 Tonemapped', NULL, NULL, NULL, NULL, NULL, NULL, NULL, NULL, NULL, '2017-05-28 21:13:37', '2017-05-28 21:13:37', '1c859cf0-8c5b-4970-b37f-ac68156c8ec7'),
 ('48', '48', 'ru_ru', '1', NULL, NULL, NULL, NULL, NULL, NULL, NULL, NULL, NULL, '2017-05-28 21:13:37', '2017-05-28 21:13:37', 'a551c84d-8f17-490d-b723-1ee44b3a4c19'),
 ('49', '49', 'ru_ru', '3', NULL, NULL, NULL, NULL, NULL, NULL, NULL, NULL, NULL, '2017-05-28 21:13:38', '2017-05-28 21:13:38', '40ffe30a-036f-4a40-89f8-1ea6d8e5985b'),
 ('50', '50', 'ru_ru', '4', NULL, NULL, NULL, NULL, NULL, NULL, NULL, NULL, NULL, '2017-05-28 21:13:38', '2017-05-28 21:13:38', '4df709d8-d4bc-4524-a45f-edc8408d70a4'),
 ('51', '51', 'ru_ru', 'Мы открылись!', NULL, 'Фотографии интерьера', NULL, NULL, NULL, NULL, NULL, NULL, NULL, '2017-05-28 21:14:16', '2017-05-31 03:01:58', '3908e429-aa00-4415-9651-ea6ebfe62ae3'),
 ('52', '53', 'ru_ru', NULL, NULL, NULL, 'г. Москва, ул. Большая Пироговская, д.37 (м. Спортивная)', NULL, NULL, NULL, NULL, NULL, NULL, '2017-05-28 21:25:58', '2017-05-28 21:37:00', '369e1cd6-678a-400e-a0e0-0bce7e9876c6'),
 ('53', '54', 'ru_ru', NULL, NULL, NULL, '+74992482497', '+7 (499) 248-24-97', NULL, NULL, NULL, NULL, NULL, '2017-05-28 21:26:17', '2017-05-29 11:11:55', '4e28846f-1d98-425c-a1ea-813a01618c97'),
 ('54', '55', 'ru_ru', NULL, NULL, NULL, '+79776474753', '+7 (977) 647-47-53', NULL, NULL, NULL, NULL, NULL, '2017-05-28 21:26:32', '2017-05-29 11:12:24', '45f5e778-2f2b-4fc5-bae4-7abd377a6b78'),
 ('55', '56', 'ru_ru', NULL, NULL, NULL, 'info@bergstein.bar', NULL, NULL, NULL, NULL, NULL, NULL, '2017-05-28 21:26:47', '2017-05-28 21:32:37', 'a0320e0d-05f3-4afe-81d5-6062d266939a'),
 ('56', '57', 'ru_ru', NULL, NULL, NULL, NULL, '<script type=\"text/javascript\" charset=\"utf-8\" async src=\"https://api-maps.yandex.ru/services/constructor/1.0/js/?um=constructor%3A3e2732d058ff544a8fe8ed510c5352f15b167c7730b8673c26d246cd8a8ba5b8&amp;width=100%25&amp;height=400&amp;lang=ru_RU&amp;scroll=true\"></script>', NULL, NULL, NULL, NULL, NULL, '2017-05-28 21:28:01', '2017-05-28 21:36:39', '37252389-6012-42fe-a844-0794bd50f0d2'),
 ('57', '58', 'ru_ru', NULL, NULL, NULL, 'Ежедневно с 12:00 до 23:00', NULL, NULL, NULL, NULL, NULL, NULL, '2017-05-28 21:28:37', '2017-05-28 21:37:18', '44348b93-5cb1-41ed-b35f-993cea90ac1e'),
 ('58', '59', 'ru_ru', 'Мы открылись!', NULL, 'Ознакомьтесь с новым меню', NULL, NULL, NULL, NULL, NULL, NULL, NULL, '2017-05-28 23:00:11', '2017-05-31 03:01:28', '77fc0571-1e46-433e-8468-1409f349e2cc'),
 ('59', '61', 'ru_ru', 'Новости', NULL, NULL, NULL, NULL, '/news', NULL, NULL, NULL, NULL, '2017-05-28 23:44:43', '2017-05-28 23:44:43', '2e02bdc4-78a9-427b-b44d-0925aa64b57f'),
 ('60', '62', 'ru_ru', 'Tasty Spotlight Cheese', NULL, NULL, NULL, NULL, NULL, NULL, NULL, NULL, NULL, '2017-05-29 01:17:17', '2017-05-29 01:17:17', '6752b477-96fc-43fc-9f6a-a6d604c4218b'),
 ('61', '67', 'ru_ru', 'Крафтовое пиво от пивоварен Jaws, Knightberg, Brew Dog, De Molen', '<p>Крафтовое - Ремесленное пивоварение — это процесс производства пива небольшими, независимыми организациями, которые придерживаются традиционных рецептов. Данный термин пришёл из США, английское слово англ. craft означает ремесло, профессия, поэтому дословно англ. craft brewer можно перевести как ремесленный пивовар. Крафтовые пивовары - небольшие независимые производители, которые варят качественное пиво с насыщенным вкусом и постоянно эксперементируют комбинируя стили и ингредиенты со всего мира в своей продукции.</p>', NULL, NULL, NULL, NULL, NULL, NULL, NULL, NULL, '2017-05-29 01:40:46', '2017-05-31 03:00:10', '3af81a97-0caf-4fc9-bbed-244be01dd281'),
 ('62', '68', 'ru_ru', 'Новое меню', '<p>Новое летнее меню. Чизбургер с олениной, ассорти из вяленого мяса оленя, утиная грудка по - швейцарски, три новых салата с телятиной, уткой, сыром дор-блю и пикантное мясо на сковороде по-таёжному. Гиннесс 0,5 за 296 рублей каждый четверг и воскресенье в ресторане Бергштайн.</p>', NULL, NULL, NULL, NULL, NULL, NULL, NULL, NULL, '2017-05-29 01:41:02', '2017-05-31 02:55:00', 'df54c1d6-bb4f-4924-81b7-13cd36893dc3'),
 ('63', '69', 'ru_ru', 'Special 1', NULL, NULL, NULL, NULL, NULL, NULL, NULL, NULL, NULL, '2017-05-29 01:53:39', '2017-05-29 01:53:39', '7efbd6c4-497e-44b6-854e-8d7d621274c5'),
 ('64', '70', 'ru_ru', 'Контакты', NULL, NULL, NULL, NULL, NULL, 'Свяжитесь с нами, если у вас остались вопросы', NULL, NULL, NULL, '2017-05-29 23:56:22', '2017-05-30 15:21:16', '746e75cb-0c9a-46f1-ad0c-74fbf713f38c'),
 ('65', '71', 'ru_ru', 'Отзывы', NULL, NULL, NULL, NULL, NULL, 'Мы совершенствуемся ради Вас. Пожалуйста оставьте отзыв с предложениями и замечаниями', NULL, NULL, NULL, '2017-05-29 23:56:40', '2017-05-30 15:11:33', '9ad5ef64-9e4b-4138-b5d3-a6e2594feb39'),
 ('66', '72', 'ru_ru', 'Фотогалерея', NULL, NULL, NULL, NULL, NULL, 'Фотографии интерьера и прошедших мероприятий', NULL, NULL, NULL, '2017-05-29 23:56:56', '2017-05-30 20:31:02', 'd5591fc8-1ad2-4c90-859f-12824fb0e5d2'),
 ('67', '73', 'ru_ru', 'Bg Image 12', NULL, NULL, NULL, NULL, NULL, NULL, NULL, NULL, NULL, '2017-05-30 15:07:24', '2017-05-30 15:07:24', 'a11ee320-da5c-40d9-836f-1e342e95bfa5'),
 ('68', '74', 'ru_ru', 'Vee6161 2 3 Tonemapped', NULL, NULL, NULL, NULL, NULL, NULL, NULL, NULL, NULL, '2017-05-30 20:30:43', '2017-05-30 20:30:43', '4386b2c2-92e4-4d30-8a8d-2ed944874a0d'),
 ('69', '75', 'ru_ru', 'Vee6460', NULL, NULL, NULL, NULL, NULL, NULL, NULL, NULL, NULL, '2017-05-30 20:30:44', '2017-05-30 20:30:44', 'cd58d642-3aea-4ac3-8c46-63b67893e214'),
 ('70', '76', 'ru_ru', 'Vee6676', NULL, NULL, NULL, NULL, NULL, NULL, NULL, NULL, NULL, '2017-05-30 20:30:44', '2017-05-30 20:30:44', '0a298f90-a960-40b5-a6c8-fd4136fdd6cb'),
 ('71', '77', 'ru_ru', 'Vee6804 5 6 Tonemapped', NULL, NULL, NULL, NULL, NULL, NULL, NULL, NULL, NULL, '2017-05-30 20:30:45', '2017-05-30 20:30:45', '20f4e0bf-b944-4d7f-9980-e1243885186c'),
 ('72', '78', 'ru_ru', 'Vee6914 5 6 Tonemapped', NULL, NULL, NULL, NULL, NULL, NULL, NULL, NULL, NULL, '2017-05-30 20:30:45', '2017-05-30 20:30:45', 'fe171d5d-8a58-49e9-b863-be472258aea0'),
 ('73', '79', 'ru_ru', '1', NULL, NULL, NULL, NULL, NULL, NULL, NULL, NULL, NULL, '2017-05-30 20:30:45', '2017-05-30 20:30:45', '771f194f-8196-4ba9-be71-0752ee2f4e9c'),
 ('74', '80', 'ru_ru', '3', NULL, NULL, NULL, NULL, NULL, NULL, NULL, NULL, NULL, '2017-05-30 20:30:45', '2017-05-30 20:30:45', 'd0156f66-e76d-4112-88f1-c9053c7db01c'),
 ('75', '81', 'ru_ru', '4', NULL, NULL, NULL, NULL, NULL, NULL, NULL, NULL, NULL, '2017-05-30 20:30:46', '2017-05-30 20:30:46', 'c8aac2b9-c838-4764-a338-cb7126d4e571'),
 ('76', '82', 'ru_ru', 'новинки', NULL, NULL, NULL, NULL, NULL, NULL, NULL, NULL, NULL, '2017-05-30 20:43:57', '2017-05-30 20:43:57', '64915737-0b34-416b-84ef-d1a1aab04750'),
 ('77', '83', 'ru_ru', 'скидки', NULL, NULL, NULL, NULL, NULL, NULL, NULL, NULL, NULL, '2017-05-30 20:44:01', '2017-05-30 20:44:01', '43976eb0-54ad-4e95-a939-9277e3584666'),
 ('78', '84', 'ru_ru', 'купоны', NULL, NULL, NULL, NULL, NULL, NULL, NULL, NULL, NULL, '2017-05-30 20:44:05', '2017-05-30 20:44:05', 'e8296f7c-4b93-4b9f-a008-8f227a09eb15'),
 ('79', '85', 'ru_ru', 'трансл', NULL, NULL, NULL, NULL, NULL, NULL, NULL, NULL, NULL, '2017-05-30 20:44:10', '2017-05-30 20:44:10', '96296b44-cc3e-4413-b432-f659f99280c8'),
 ('80', '86', 'ru_ru', 'трансляции', NULL, NULL, NULL, NULL, NULL, NULL, NULL, NULL, NULL, '2017-05-30 20:44:19', '2017-05-30 20:44:19', '6eef03c3-f081-4f85-9aea-c951f8d14569'),
 ('81', '87', 'ru_ru', 'Пицца', NULL, NULL, NULL, NULL, NULL, NULL, NULL, NULL, NULL, '2017-05-31 00:29:14', '2017-05-31 00:58:13', '2d6e2cf3-ad30-4b4c-87b3-b75c849d2672'),
 ('82', '88', 'ru_ru', 'Суши', NULL, NULL, NULL, NULL, NULL, NULL, NULL, NULL, NULL, '2017-05-31 00:29:21', '2017-05-31 00:58:45', '0fbaf208-fbc0-42ff-937a-db07c4e3fbfb'),
 ('83', '89', 'ru_ru', 'Кальяны', NULL, NULL, NULL, NULL, NULL, NULL, NULL, NULL, NULL, '2017-05-31 00:29:33', '2017-05-31 00:59:00', '452dcceb-5492-46f0-8c53-99ee628e64c2'),
 ('84', '90', 'ru_ru', 'Food 1', NULL, NULL, NULL, NULL, NULL, NULL, NULL, NULL, NULL, '2017-05-31 00:49:34', '2017-05-31 00:56:57', '8f4cd099-ecd9-41b7-b410-46ffb52a75b8'),
 ('85', '91', 'ru_ru', 'Food 2', NULL, NULL, NULL, NULL, NULL, NULL, NULL, NULL, NULL, '2017-05-31 00:56:57', '2017-05-31 00:56:57', '206c6e91-8927-4958-b334-afc396af8f55'),
 ('86', '92', 'ru_ru', 'Food 3', NULL, NULL, NULL, NULL, NULL, NULL, NULL, NULL, NULL, '2017-05-31 00:56:57', '2017-05-31 00:56:57', 'f80586c1-c7cb-4a08-9725-7baf701a7b19'),
 ('87', '93', 'ru_ru', 'Food 4', NULL, NULL, NULL, NULL, NULL, NULL, NULL, NULL, NULL, '2017-05-31 00:56:57', '2017-05-31 00:56:57', '4e263394-391d-4125-b53b-ea7be92762d2'),
 ('88', '94', 'ru_ru', 'Food 5', NULL, NULL, NULL, NULL, NULL, NULL, NULL, NULL, NULL, '2017-05-31 00:56:57', '2017-05-31 00:56:57', '7ca71120-c885-43d2-b089-c4cb121f953b'),
 ('89', '95', 'ru_ru', 'Food 6', NULL, NULL, NULL, NULL, NULL, NULL, NULL, NULL, NULL, '2017-05-31 00:56:57', '2017-05-31 00:56:57', '1e89fc58-f172-4993-b3ab-1fabd9293399'),
 ('90', '96', 'ru_ru', 'Utleie', NULL, NULL, NULL, NULL, NULL, NULL, NULL, NULL, NULL, '2017-05-31 02:45:25', '2017-05-31 02:45:25', '69910307-5d5c-4b5d-9dea-2a7a291351ca'),
 ('91', '97', 'ru_ru', 'Beer Back', NULL, NULL, NULL, NULL, NULL, NULL, NULL, NULL, NULL, '2017-05-31 02:47:05', '2017-05-31 02:47:05', '3c05c5b2-c850-48d0-b07c-4429cb3e707a'),
 ('92', '98', 'ru_ru', 'Woocommerce Coupon Tracking Addon', NULL, NULL, NULL, NULL, NULL, NULL, NULL, NULL, NULL, '2017-05-31 02:49:32', '2017-05-31 02:49:32', '80440a6f-4885-4fca-accd-bffa910a7f12'),
 ('93', '99', 'ru_ru', '162F8F90C9897B80D23Fcdcfc4E4036A', NULL, NULL, NULL, NULL, NULL, NULL, NULL, NULL, NULL, '2017-05-31 02:49:57', '2017-05-31 02:49:57', '30607867-8fd1-4d35-ba69-737788b20fd0'),
 ('94', '100', 'ru_ru', 'Crispy Duck Salad Green Beans Super Jumbo', NULL, NULL, NULL, NULL, NULL, NULL, NULL, NULL, NULL, '2017-05-31 02:53:32', '2017-05-31 02:53:32', 'b6cde4c7-99da-4e22-b352-33b162574268'),
 ('95', '101', 'ru_ru', 'Krab Kamchatca', NULL, NULL, NULL, NULL, NULL, NULL, NULL, NULL, NULL, '2017-05-31 02:56:58', '2017-05-31 02:56:58', 'ee33c991-2594-4fbc-8b21-ec714cacb02d'),
 ('96', '102', 'ru_ru', 'В меню появился камчатский краб', '<p>На выбор клешни, плечо и кулаки! Химический состав краба камчатского содержит витамины группы А, В, С, а также РР. Помимо того, краб камчатский обогащен значительным количеством цинка, селена, калия, магния, кальция, железа, а также фосфора и натрия.</p>', NULL, NULL, NULL, NULL, NULL, NULL, NULL, NULL, '2017-05-31 02:57:01', '2017-05-31 02:57:01', '34a3a9ee-3c65-40c5-8770-3dc876d9f42f'),
 ('97', '103', 'ru_ru', 'Beer 1', NULL, NULL, NULL, NULL, NULL, NULL, NULL, NULL, NULL, '2017-05-31 03:00:07', '2017-05-31 03:00:07', 'bfbd2a09-6d61-4071-9636-0b3dc4415627');



DROP TABLE IF EXISTS `brgsh_deprecationerrors`;


--
-- Schema for table `brgsh_deprecationerrors`
--
CREATE TABLE `brgsh_deprecationerrors` (
  `id` int(11) NOT NULL AUTO_INCREMENT,
  `key` varchar(255) COLLATE utf8_unicode_ci NOT NULL,
  `fingerprint` varchar(255) COLLATE utf8_unicode_ci NOT NULL,
  `lastOccurrence` datetime NOT NULL,
  `file` varchar(255) COLLATE utf8_unicode_ci NOT NULL,
  `line` smallint(6) unsigned NOT NULL,
  `class` varchar(255) COLLATE utf8_unicode_ci DEFAULT NULL,
  `method` varchar(255) COLLATE utf8_unicode_ci DEFAULT NULL,
  `template` varchar(255) COLLATE utf8_unicode_ci DEFAULT NULL,
  `templateLine` smallint(6) unsigned DEFAULT NULL,
  `message` varchar(255) COLLATE utf8_unicode_ci DEFAULT NULL,
  `traces` text COLLATE utf8_unicode_ci,
  `dateCreated` datetime NOT NULL,
  `dateUpdated` datetime NOT NULL,
  `uid` char(36) COLLATE utf8_unicode_ci NOT NULL DEFAULT '0',
  PRIMARY KEY (`id`),
  UNIQUE KEY `brgsh_deprecationerrors_key_fingerprint_unq_idx` (`key`,`fingerprint`)
) ENGINE=InnoDB AUTO_INCREMENT=16 DEFAULT CHARSET=utf8 COLLATE=utf8_unicode_ci;

--
-- Data for table `brgsh_deprecationerrors`
--

INSERT INTO `brgsh_deprecationerrors` (`id`, `key`, `fingerprint`, `lastOccurrence`, `file`, `line`, `class`, `method`, `template`, `templateLine`, `message`, `traces`, `dateCreated`, `dateUpdated`, `uid`) VALUES
 ('1', 'TagModel::name', '/srv/users/serverpilot/apps/bergstein/craft/templates/news/index.html:74', '2017-05-30 20:45:53', '/srv/users/serverpilot/apps/bergstein/craft/app/models/TagModel.php', '112', 'Craft\\TagModel', 'getName', '/srv/users/serverpilot/apps/bergstein/craft/templates/news/index.html', '74', 'The Tag ‘name’ property has been deprecated. Use ‘title’ instead.', '[{\"objectClass\":\"Craft\\\\DeprecatorService\",\"file\":\"\\/srv\\/users\\/serverpilot\\/apps\\/bergstein\\/craft\\/app\\/models\\/TagModel.php\",\"line\":112,\"class\":\"Craft\\\\DeprecatorService\",\"method\":\"log\",\"args\":\"\\\"TagModel::name\\\", \\\"The Tag \\u2018name\\u2019 property has been deprecated. Use \\u2018title\\u2019...\\\"\"},{\"objectClass\":\"Craft\\\\TagModel\",\"file\":\"\\/srv\\/users\\/serverpilot\\/apps\\/bergstein\\/craft\\/app\\/framework\\/base\\/CComponent.php\",\"line\":188,\"class\":\"Craft\\\\TagModel\",\"method\":\"getName\",\"args\":null},{\"objectClass\":\"Craft\\\\TagModel\",\"file\":\"\\/srv\\/users\\/serverpilot\\/apps\\/bergstein\\/craft\\/app\\/models\\/BaseModel.php\",\"line\":153,\"class\":\"CComponent\",\"method\":\"__isset\",\"args\":\"\\\"name\\\"\"},{\"objectClass\":\"Craft\\\\TagModel\",\"file\":\"\\/srv\\/users\\/serverpilot\\/apps\\/bergstein\\/craft\\/app\\/models\\/BaseElementModel.php\",\"line\":118,\"class\":\"Craft\\\\BaseModel\",\"method\":\"__isset\",\"args\":\"\\\"name\\\"\"},{\"objectClass\":\"Craft\\\\TagModel\",\"file\":\"\\/srv\\/users\\/serverpilot\\/apps\\/bergstein\\/craft\\/app\\/vendor\\/twig\\/twig\\/lib\\/Twig\\/Template.php\",\"line\":580,\"class\":\"Craft\\\\BaseElementModel\",\"method\":\"__isset\",\"args\":\"\\\"name\\\"\"},{\"objectClass\":\"__TwigTemplate_cda91aa24c0f40360fb81bf8f180d80acfa028d0ed2692bd840fb9e5e12f3256\",\"file\":\"\\/srv\\/users\\/serverpilot\\/apps\\/bergstein\\/craft\\/app\\/etc\\/templating\\/BaseTemplate.php\",\"line\":64,\"class\":\"Twig_Template\",\"method\":\"getAttribute\",\"args\":\"Craft\\\\TagModel, \\\"name\\\", array(), \\\"any\\\"\"},{\"objectClass\":\"__TwigTemplate_cda91aa24c0f40360fb81bf8f180d80acfa028d0ed2692bd840fb9e5e12f3256\",\"file\":\"\\/srv\\/users\\/serverpilot\\/apps\\/bergstein\\/craft\\/storage\\/runtime\\/compiled_templates\\/63\\/63dc17225de36b45899ce0151b14f486bcbb71f2a654e8d82f2aa91bda6de33f.php\",\"line\":158,\"class\":\"Craft\\\\BaseTemplate\",\"method\":\"getAttribute\",\"args\":\"Craft\\\\TagModel, \\\"name\\\", array()\",\"template\":\"news\",\"templateLine\":74},{\"objectClass\":\"__TwigTemplate_cda91aa24c0f40360fb81bf8f180d80acfa028d0ed2692bd840fb9e5e12f3256\",\"file\":\"\\/srv\\/users\\/serverpilot\\/apps\\/bergstein\\/craft\\/app\\/vendor\\/twig\\/twig\\/lib\\/Twig\\/Template.php\",\"line\":215,\"class\":\"__TwigTemplate_cda91aa24c0f40360fb81bf8f180d80acfa028d0ed2692bd840fb9e5e12f3256\",\"method\":\"block_content\",\"args\":\"array(\\\"user\\\" => Craft\\\\UserModel, \\\"currentUser\\\" => Craft\\\\UserModel, \\\"craft\\\" => Craft\\\\CraftVariable, \\\"blx\\\" => Craft\\\\CraftVariable), array(\\\"content\\\" => array(__TwigTemplate_cda91aa24c0f40360fb81bf8f180d80acfa028d0ed2692bd840fb9e5e12f3256, \\\"block_content\\\"))\"},{\"objectClass\":\"__TwigTemplate_877d64418f6be1bb0a8573a1004c8a3a38af51c325dd9e6e4c41650c2a367ff6\",\"file\":\"\\/srv\\/users\\/serverpilot\\/apps\\/bergstein\\/craft\\/storage\\/runtime\\/compiled_templates\\/38\\/38cdfb669dbfbaf6ce26802630ac38c68103a923514ffa38b1e5c022e40a875b.php\",\"line\":216,\"class\":\"Twig_Template\",\"method\":\"displayBlock\",\"args\":\"\\\"content\\\", array(\\\"user\\\" => Craft\\\\UserModel, \\\"currentUser\\\" => Craft\\\\UserModel, \\\"craft\\\" => Craft\\\\CraftVariable, \\\"blx\\\" => Craft\\\\CraftVariable), array(\\\"content\\\" => array(__TwigTemplate_cda91aa24c0f40360fb81bf8f180d80acfa028d0ed2692bd840fb9e5e12f3256, \\\"block_content\\\"))\",\"template\":\"_layout\",\"templateLine\":103},{\"objectClass\":\"__TwigTemplate_877d64418f6be1bb0a8573a1004c8a3a38af51c325dd9e6e4c41650c2a367ff6\",\"file\":\"\\/srv\\/users\\/serverpilot\\/apps\\/bergstein\\/craft\\/app\\/vendor\\/twig\\/twig\\/lib\\/Twig\\/Template.php\",\"line\":432,\"class\":\"__TwigTemplate_877d64418f6be1bb0a8573a1004c8a3a38af51c325dd9e6e4c41650c2a367ff6\",\"method\":\"doDisplay\",\"args\":\"array(\\\"user\\\" => Craft\\\\UserModel, \\\"currentUser\\\" => Craft\\\\UserModel, \\\"craft\\\" => Craft\\\\CraftVariable, \\\"blx\\\" => Craft\\\\CraftVariable), array(\\\"content\\\" => array(__TwigTemplate_cda91aa24c0f40360fb81bf8f180d80acfa028d0ed2692bd840fb9e5e12f3256, \\\"block_content\\\"))\"},{\"objectClass\":\"__TwigTemplate_877d64418f6be1bb0a8573a1004c8a3a38af51c325dd9e6e4c41650c2a367ff6\",\"file\":\"\\/srv\\/users\\/serverpilot\\/apps\\/bergstein\\/craft\\/app\\/etc\\/templating\\/BaseTemplate.php\",\"line\":26,\"class\":\"Twig_Template\",\"method\":\"displayWithErrorHandling\",\"args\":\"array(\\\"user\\\" => Craft\\\\UserModel, \\\"currentUser\\\" => Craft\\\\UserModel, \\\"craft\\\" => Craft\\\\CraftVariable, \\\"blx\\\" => Craft\\\\CraftVariable), array(\\\"content\\\" => array(__TwigTemplate_cda91aa24c0f40360fb81bf8f180d80acfa028d0ed2692bd840fb9e5e12f3256, \\\"block_content\\\"))\"},{\"objectClass\":\"__TwigTemplate_877d64418f6be1bb0a8573a1004c8a3a38af51c325dd9e6e4c41650c2a367ff6\",\"file\":\"\\/srv\\/users\\/serverpilot\\/apps\\/bergstein\\/craft\\/app\\/vendor\\/twig\\/twig\\/lib\\/Twig\\/Template.php\",\"line\":403,\"class\":\"Craft\\\\BaseTemplate\",\"method\":\"displayWithErrorHandling\",\"args\":\"array(\\\"user\\\" => Craft\\\\UserModel, \\\"currentUser\\\" => Craft\\\\UserModel, \\\"craft\\\" => Craft\\\\CraftVariable, \\\"blx\\\" => Craft\\\\CraftVariable), array(\\\"content\\\" => array(__TwigTemplate_cda91aa24c0f40360fb81bf8f180d80acfa028d0ed2692bd840fb9e5e12f3256, \\\"block_content\\\"))\"},{\"objectClass\":\"__TwigTemplate_877d64418f6be1bb0a8573a1004c8a3a38af51c325dd9e6e4c41650c2a367ff6\",\"file\":\"\\/srv\\/users\\/serverpilot\\/apps\\/bergstein\\/craft\\/storage\\/runtime\\/compiled_templates\\/63\\/63dc17225de36b45899ce0151b14f486bcbb71f2a654e8d82f2aa91bda6de33f.php\",\"line\":27,\"class\":\"Twig_Template\",\"method\":\"display\",\"args\":\"array(\\\"user\\\" => Craft\\\\UserModel, \\\"currentUser\\\" => Craft\\\\UserModel, \\\"craft\\\" => Craft\\\\CraftVariable, \\\"blx\\\" => Craft\\\\CraftVariable), array(\\\"content\\\" => array(__TwigTemplate_cda91aa24c0f40360fb81bf8f180d80acfa028d0ed2692bd840fb9e5e12f3256, \\\"block_content\\\"))\",\"template\":\"_layout\",\"templateLine\":1},{\"objectClass\":\"__TwigTemplate_cda91aa24c0f40360fb81bf8f180d80acfa028d0ed2692bd840fb9e5e12f3256\",\"file\":\"\\/srv\\/users\\/serverpilot\\/apps\\/bergstein\\/craft\\/app\\/vendor\\/twig\\/twig\\/lib\\/Twig\\/Template.php\",\"line\":432,\"class\":\"__TwigTemplate_cda91aa24c0f40360fb81bf8f180d80acfa028d0ed2692bd840fb9e5e12f3256\",\"method\":\"doDisplay\",\"args\":\"array(\\\"user\\\" => Craft\\\\UserModel, \\\"currentUser\\\" => Craft\\\\UserModel, \\\"craft\\\" => Craft\\\\CraftVariable, \\\"blx\\\" => Craft\\\\CraftVariable), array(\\\"content\\\" => array(__TwigTemplate_cda91aa24c0f40360fb81bf8f180d80acfa028d0ed2692bd840fb9e5e12f3256, \\\"block_content\\\"))\"},{\"objectClass\":\"__TwigTemplate_cda91aa24c0f40360fb81bf8f180d80acfa028d0ed2692bd840fb9e5e12f3256\",\"file\":\"\\/srv\\/users\\/serverpilot\\/apps\\/bergstein\\/craft\\/app\\/etc\\/templating\\/BaseTemplate.php\",\"line\":26,\"class\":\"Twig_Template\",\"method\":\"displayWithErrorHandling\",\"args\":\"array(\\\"user\\\" => Craft\\\\UserModel, \\\"currentUser\\\" => Craft\\\\UserModel, \\\"craft\\\" => Craft\\\\CraftVariable, \\\"blx\\\" => Craft\\\\CraftVariable), array(\\\"content\\\" => array(__TwigTemplate_cda91aa24c0f40360fb81bf8f180d80acfa028d0ed2692bd840fb9e5e12f3256, \\\"block_content\\\"))\"},{\"objectClass\":\"__TwigTemplate_cda91aa24c0f40360fb81bf8f180d80acfa028d0ed2692bd840fb9e5e12f3256\",\"file\":\"\\/srv\\/users\\/serverpilot\\/apps\\/bergstein\\/craft\\/app\\/vendor\\/twig\\/twig\\/lib\\/Twig\\/Template.php\",\"line\":403,\"class\":\"Craft\\\\BaseTemplate\",\"method\":\"displayWithErrorHandling\",\"args\":\"array(\\\"user\\\" => Craft\\\\UserModel, \\\"currentUser\\\" => Craft\\\\UserModel, \\\"craft\\\" => Craft\\\\CraftVariable, \\\"blx\\\" => Craft\\\\CraftVariable), array(\\\"content\\\" => array(__TwigTemplate_cda91aa24c0f40360fb81bf8f180d80acfa028d0ed2692bd840fb9e5e12f3256, \\\"block_content\\\"))\"},{\"objectClass\":\"__TwigTemplate_cda91aa24c0f40360fb81bf8f180d80acfa028d0ed2692bd840fb9e5e12f3256\",\"file\":\"\\/srv\\/users\\/serverpilot\\/apps\\/bergstein\\/craft\\/app\\/vendor\\/twig\\/twig\\/lib\\/Twig\\/Template.php\",\"line\":411,\"class\":\"Twig_Template\",\"method\":\"display\",\"args\":\"array()\"},{\"objectClass\":\"__TwigTemplate_cda91aa24c0f40360fb81bf8f180d80acfa028d0ed2692bd840fb9e5e12f3256\",\"file\":\"\\/srv\\/users\\/serverpilot\\/apps\\/bergstein\\/craft\\/app\\/vendor\\/twig\\/twig\\/lib\\/Twig\\/Environment.php\",\"line\":362,\"class\":\"Twig_Template\",\"method\":\"render\",\"args\":\"array()\"},{\"objectClass\":\"Craft\\\\TwigEnvironment\",\"file\":\"\\/srv\\/users\\/serverpilot\\/apps\\/bergstein\\/craft\\/app\\/services\\/TemplatesService.php\",\"line\":256,\"class\":\"Twig_Environment\",\"method\":\"render\",\"args\":\"\\\"news\\\", array()\"},{\"objectClass\":\"Craft\\\\TemplatesService\",\"file\":\"\\/srv\\/users\\/serverpilot\\/apps\\/bergstein\\/craft\\/app\\/controllers\\/BaseController.php\",\"line\":74,\"class\":\"Craft\\\\TemplatesService\",\"method\":\"render\",\"args\":\"\\\"news\\\", array()\"},{\"objectClass\":\"Craft\\\\TemplatesController\",\"file\":\"\\/srv\\/users\\/serverpilot\\/apps\\/bergstein\\/craft\\/app\\/controllers\\/TemplatesController.php\",\"line\":68,\"class\":\"Craft\\\\BaseController\",\"method\":\"renderTemplate\",\"args\":\"\\\"news\\\", array()\"},{\"objectClass\":\"Craft\\\\TemplatesController\",\"file\":null,\"line\":null,\"class\":\"Craft\\\\TemplatesController\",\"method\":\"actionRender\",\"args\":\"\\\"news\\\", array()\"},{\"objectClass\":\"ReflectionMethod\",\"file\":\"\\/srv\\/users\\/serverpilot\\/apps\\/bergstein\\/craft\\/app\\/framework\\/web\\/actions\\/CAction.php\",\"line\":109,\"class\":\"ReflectionMethod\",\"method\":\"invokeArgs\",\"args\":\"Craft\\\\TemplatesController, array(\\\"news\\\", array())\"},{\"objectClass\":\"CInlineAction\",\"file\":\"\\/srv\\/users\\/serverpilot\\/apps\\/bergstein\\/craft\\/app\\/framework\\/web\\/actions\\/CInlineAction.php\",\"line\":47,\"class\":\"CAction\",\"method\":\"runWithParamsInternal\",\"args\":\"Craft\\\\TemplatesController, ReflectionMethod, array(\\\"p\\\" => \\\"news\\\", \\\"variables\\\" => array(), \\\"template\\\" => \\\"news\\\")\"},{\"objectClass\":\"CInlineAction\",\"file\":\"\\/srv\\/users\\/serverpilot\\/apps\\/bergstein\\/craft\\/app\\/framework\\/web\\/CController.php\",\"line\":308,\"class\":\"CInlineAction\",\"method\":\"runWithParams\",\"args\":\"array(\\\"p\\\" => \\\"news\\\", \\\"variables\\\" => array(), \\\"template\\\" => \\\"news\\\")\"},{\"objectClass\":\"Craft\\\\TemplatesController\",\"file\":\"\\/srv\\/users\\/serverpilot\\/apps\\/bergstein\\/craft\\/app\\/framework\\/web\\/CController.php\",\"line\":286,\"class\":\"CController\",\"method\":\"runAction\",\"args\":\"CInlineAction\"},{\"objectClass\":\"Craft\\\\TemplatesController\",\"file\":\"\\/srv\\/users\\/serverpilot\\/apps\\/bergstein\\/craft\\/app\\/framework\\/web\\/CController.php\",\"line\":265,\"class\":\"CController\",\"method\":\"runActionWithFilters\",\"args\":\"CInlineAction, array()\"},{\"objectClass\":\"Craft\\\\TemplatesController\",\"file\":\"\\/srv\\/users\\/serverpilot\\/apps\\/bergstein\\/craft\\/app\\/framework\\/web\\/CWebApplication.php\",\"line\":282,\"class\":\"CController\",\"method\":\"run\",\"args\":\"\\\"render\\\"\"},{\"objectClass\":\"Craft\\\\WebApp\",\"file\":\"\\/srv\\/users\\/serverpilot\\/apps\\/bergstein\\/craft\\/app\\/framework\\/web\\/CWebApplication.php\",\"line\":141,\"class\":\"CWebApplication\",\"method\":\"runController\",\"args\":\"\\\"templates\\/render\\\"\"},{\"objectClass\":\"Craft\\\\WebApp\",\"file\":\"\\/srv\\/users\\/serverpilot\\/apps\\/bergstein\\/craft\\/app\\/etc\\/web\\/WebApp.php\",\"line\":290,\"class\":\"CWebApplication\",\"method\":\"processRequest\",\"args\":null},{\"objectClass\":\"Craft\\\\WebApp\",\"file\":\"\\/srv\\/users\\/serverpilot\\/apps\\/bergstein\\/craft\\/app\\/framework\\/base\\/CApplication.php\",\"line\":185,\"class\":\"Craft\\\\WebApp\",\"method\":\"processRequest\",\"args\":null},{\"objectClass\":\"Craft\\\\WebApp\",\"file\":\"\\/srv\\/users\\/serverpilot\\/apps\\/bergstein\\/craft\\/app\\/index.php\",\"line\":62,\"class\":\"CApplication\",\"method\":\"run\",\"args\":null},{\"objectClass\":null,\"file\":\"\\/srv\\/users\\/serverpilot\\/apps\\/bergstein\\/public\\/index.php\",\"line\":19,\"class\":null,\"method\":\"require_once\",\"args\":\"\\\"\\/srv\\/users\\/serverpilot\\/apps\\/bergstein\\/craft\\/app\\/index.php\\\"\"}]', '2017-05-30 20:44:26', '2017-05-30 20:45:53', '1005ad55-37d0-44e6-bd92-606a851ca596'),
 ('4', 'TagModel::name', '/srv/users/serverpilot/apps/bergstein/craft/templates/news/index.html:75', '2017-05-30 20:47:00', '/srv/users/serverpilot/apps/bergstein/craft/app/models/TagModel.php', '112', 'Craft\\TagModel', 'getName', '/srv/users/serverpilot/apps/bergstein/craft/templates/news/index.html', '75', 'The Tag ‘name’ property has been deprecated. Use ‘title’ instead.', '[{\"objectClass\":\"Craft\\\\DeprecatorService\",\"file\":\"\\/srv\\/users\\/serverpilot\\/apps\\/bergstein\\/craft\\/app\\/models\\/TagModel.php\",\"line\":112,\"class\":\"Craft\\\\DeprecatorService\",\"method\":\"log\",\"args\":\"\\\"TagModel::name\\\", \\\"The Tag \\u2018name\\u2019 property has been deprecated. Use \\u2018title\\u2019...\\\"\"},{\"objectClass\":\"Craft\\\\TagModel\",\"file\":\"\\/srv\\/users\\/serverpilot\\/apps\\/bergstein\\/craft\\/app\\/framework\\/base\\/CComponent.php\",\"line\":188,\"class\":\"Craft\\\\TagModel\",\"method\":\"getName\",\"args\":null},{\"objectClass\":\"Craft\\\\TagModel\",\"file\":\"\\/srv\\/users\\/serverpilot\\/apps\\/bergstein\\/craft\\/app\\/models\\/BaseModel.php\",\"line\":153,\"class\":\"CComponent\",\"method\":\"__isset\",\"args\":\"\\\"name\\\"\"},{\"objectClass\":\"Craft\\\\TagModel\",\"file\":\"\\/srv\\/users\\/serverpilot\\/apps\\/bergstein\\/craft\\/app\\/models\\/BaseElementModel.php\",\"line\":118,\"class\":\"Craft\\\\BaseModel\",\"method\":\"__isset\",\"args\":\"\\\"name\\\"\"},{\"objectClass\":\"Craft\\\\TagModel\",\"file\":\"\\/srv\\/users\\/serverpilot\\/apps\\/bergstein\\/craft\\/app\\/vendor\\/twig\\/twig\\/lib\\/Twig\\/Template.php\",\"line\":580,\"class\":\"Craft\\\\BaseElementModel\",\"method\":\"__isset\",\"args\":\"\\\"name\\\"\"},{\"objectClass\":\"__TwigTemplate_cda91aa24c0f40360fb81bf8f180d80acfa028d0ed2692bd840fb9e5e12f3256\",\"file\":\"\\/srv\\/users\\/serverpilot\\/apps\\/bergstein\\/craft\\/app\\/etc\\/templating\\/BaseTemplate.php\",\"line\":64,\"class\":\"Twig_Template\",\"method\":\"getAttribute\",\"args\":\"Craft\\\\TagModel, \\\"name\\\", array(), \\\"any\\\"\"},{\"objectClass\":\"__TwigTemplate_cda91aa24c0f40360fb81bf8f180d80acfa028d0ed2692bd840fb9e5e12f3256\",\"file\":\"\\/srv\\/users\\/serverpilot\\/apps\\/bergstein\\/craft\\/storage\\/runtime\\/compiled_templates\\/63\\/63dc17225de36b45899ce0151b14f486bcbb71f2a654e8d82f2aa91bda6de33f.php\",\"line\":161,\"class\":\"Craft\\\\BaseTemplate\",\"method\":\"getAttribute\",\"args\":\"Craft\\\\TagModel, \\\"name\\\", array()\",\"template\":\"news\",\"templateLine\":75},{\"objectClass\":\"__TwigTemplate_cda91aa24c0f40360fb81bf8f180d80acfa028d0ed2692bd840fb9e5e12f3256\",\"file\":\"\\/srv\\/users\\/serverpilot\\/apps\\/bergstein\\/craft\\/app\\/vendor\\/twig\\/twig\\/lib\\/Twig\\/Template.php\",\"line\":215,\"class\":\"__TwigTemplate_cda91aa24c0f40360fb81bf8f180d80acfa028d0ed2692bd840fb9e5e12f3256\",\"method\":\"block_content\",\"args\":\"array(\\\"user\\\" => Craft\\\\UserModel, \\\"currentUser\\\" => Craft\\\\UserModel, \\\"craft\\\" => Craft\\\\CraftVariable, \\\"blx\\\" => Craft\\\\CraftVariable), array(\\\"content\\\" => array(__TwigTemplate_cda91aa24c0f40360fb81bf8f180d80acfa028d0ed2692bd840fb9e5e12f3256, \\\"block_content\\\"))\"},{\"objectClass\":\"__TwigTemplate_877d64418f6be1bb0a8573a1004c8a3a38af51c325dd9e6e4c41650c2a367ff6\",\"file\":\"\\/srv\\/users\\/serverpilot\\/apps\\/bergstein\\/craft\\/storage\\/runtime\\/compiled_templates\\/38\\/38cdfb669dbfbaf6ce26802630ac38c68103a923514ffa38b1e5c022e40a875b.php\",\"line\":216,\"class\":\"Twig_Template\",\"method\":\"displayBlock\",\"args\":\"\\\"content\\\", array(\\\"user\\\" => Craft\\\\UserModel, \\\"currentUser\\\" => Craft\\\\UserModel, \\\"craft\\\" => Craft\\\\CraftVariable, \\\"blx\\\" => Craft\\\\CraftVariable), array(\\\"content\\\" => array(__TwigTemplate_cda91aa24c0f40360fb81bf8f180d80acfa028d0ed2692bd840fb9e5e12f3256, \\\"block_content\\\"))\",\"template\":\"_layout\",\"templateLine\":103},{\"objectClass\":\"__TwigTemplate_877d64418f6be1bb0a8573a1004c8a3a38af51c325dd9e6e4c41650c2a367ff6\",\"file\":\"\\/srv\\/users\\/serverpilot\\/apps\\/bergstein\\/craft\\/app\\/vendor\\/twig\\/twig\\/lib\\/Twig\\/Template.php\",\"line\":432,\"class\":\"__TwigTemplate_877d64418f6be1bb0a8573a1004c8a3a38af51c325dd9e6e4c41650c2a367ff6\",\"method\":\"doDisplay\",\"args\":\"array(\\\"user\\\" => Craft\\\\UserModel, \\\"currentUser\\\" => Craft\\\\UserModel, \\\"craft\\\" => Craft\\\\CraftVariable, \\\"blx\\\" => Craft\\\\CraftVariable), array(\\\"content\\\" => array(__TwigTemplate_cda91aa24c0f40360fb81bf8f180d80acfa028d0ed2692bd840fb9e5e12f3256, \\\"block_content\\\"))\"},{\"objectClass\":\"__TwigTemplate_877d64418f6be1bb0a8573a1004c8a3a38af51c325dd9e6e4c41650c2a367ff6\",\"file\":\"\\/srv\\/users\\/serverpilot\\/apps\\/bergstein\\/craft\\/app\\/etc\\/templating\\/BaseTemplate.php\",\"line\":26,\"class\":\"Twig_Template\",\"method\":\"displayWithErrorHandling\",\"args\":\"array(\\\"user\\\" => Craft\\\\UserModel, \\\"currentUser\\\" => Craft\\\\UserModel, \\\"craft\\\" => Craft\\\\CraftVariable, \\\"blx\\\" => Craft\\\\CraftVariable), array(\\\"content\\\" => array(__TwigTemplate_cda91aa24c0f40360fb81bf8f180d80acfa028d0ed2692bd840fb9e5e12f3256, \\\"block_content\\\"))\"},{\"objectClass\":\"__TwigTemplate_877d64418f6be1bb0a8573a1004c8a3a38af51c325dd9e6e4c41650c2a367ff6\",\"file\":\"\\/srv\\/users\\/serverpilot\\/apps\\/bergstein\\/craft\\/app\\/vendor\\/twig\\/twig\\/lib\\/Twig\\/Template.php\",\"line\":403,\"class\":\"Craft\\\\BaseTemplate\",\"method\":\"displayWithErrorHandling\",\"args\":\"array(\\\"user\\\" => Craft\\\\UserModel, \\\"currentUser\\\" => Craft\\\\UserModel, \\\"craft\\\" => Craft\\\\CraftVariable, \\\"blx\\\" => Craft\\\\CraftVariable), array(\\\"content\\\" => array(__TwigTemplate_cda91aa24c0f40360fb81bf8f180d80acfa028d0ed2692bd840fb9e5e12f3256, \\\"block_content\\\"))\"},{\"objectClass\":\"__TwigTemplate_877d64418f6be1bb0a8573a1004c8a3a38af51c325dd9e6e4c41650c2a367ff6\",\"file\":\"\\/srv\\/users\\/serverpilot\\/apps\\/bergstein\\/craft\\/storage\\/runtime\\/compiled_templates\\/63\\/63dc17225de36b45899ce0151b14f486bcbb71f2a654e8d82f2aa91bda6de33f.php\",\"line\":27,\"class\":\"Twig_Template\",\"method\":\"display\",\"args\":\"array(\\\"user\\\" => Craft\\\\UserModel, \\\"currentUser\\\" => Craft\\\\UserModel, \\\"craft\\\" => Craft\\\\CraftVariable, \\\"blx\\\" => Craft\\\\CraftVariable), array(\\\"content\\\" => array(__TwigTemplate_cda91aa24c0f40360fb81bf8f180d80acfa028d0ed2692bd840fb9e5e12f3256, \\\"block_content\\\"))\",\"template\":\"_layout\",\"templateLine\":1},{\"objectClass\":\"__TwigTemplate_cda91aa24c0f40360fb81bf8f180d80acfa028d0ed2692bd840fb9e5e12f3256\",\"file\":\"\\/srv\\/users\\/serverpilot\\/apps\\/bergstein\\/craft\\/app\\/vendor\\/twig\\/twig\\/lib\\/Twig\\/Template.php\",\"line\":432,\"class\":\"__TwigTemplate_cda91aa24c0f40360fb81bf8f180d80acfa028d0ed2692bd840fb9e5e12f3256\",\"method\":\"doDisplay\",\"args\":\"array(\\\"user\\\" => Craft\\\\UserModel, \\\"currentUser\\\" => Craft\\\\UserModel, \\\"craft\\\" => Craft\\\\CraftVariable, \\\"blx\\\" => Craft\\\\CraftVariable), array(\\\"content\\\" => array(__TwigTemplate_cda91aa24c0f40360fb81bf8f180d80acfa028d0ed2692bd840fb9e5e12f3256, \\\"block_content\\\"))\"},{\"objectClass\":\"__TwigTemplate_cda91aa24c0f40360fb81bf8f180d80acfa028d0ed2692bd840fb9e5e12f3256\",\"file\":\"\\/srv\\/users\\/serverpilot\\/apps\\/bergstein\\/craft\\/app\\/etc\\/templating\\/BaseTemplate.php\",\"line\":26,\"class\":\"Twig_Template\",\"method\":\"displayWithErrorHandling\",\"args\":\"array(\\\"user\\\" => Craft\\\\UserModel, \\\"currentUser\\\" => Craft\\\\UserModel, \\\"craft\\\" => Craft\\\\CraftVariable, \\\"blx\\\" => Craft\\\\CraftVariable), array(\\\"content\\\" => array(__TwigTemplate_cda91aa24c0f40360fb81bf8f180d80acfa028d0ed2692bd840fb9e5e12f3256, \\\"block_content\\\"))\"},{\"objectClass\":\"__TwigTemplate_cda91aa24c0f40360fb81bf8f180d80acfa028d0ed2692bd840fb9e5e12f3256\",\"file\":\"\\/srv\\/users\\/serverpilot\\/apps\\/bergstein\\/craft\\/app\\/vendor\\/twig\\/twig\\/lib\\/Twig\\/Template.php\",\"line\":403,\"class\":\"Craft\\\\BaseTemplate\",\"method\":\"displayWithErrorHandling\",\"args\":\"array(\\\"user\\\" => Craft\\\\UserModel, \\\"currentUser\\\" => Craft\\\\UserModel, \\\"craft\\\" => Craft\\\\CraftVariable, \\\"blx\\\" => Craft\\\\CraftVariable), array(\\\"content\\\" => array(__TwigTemplate_cda91aa24c0f40360fb81bf8f180d80acfa028d0ed2692bd840fb9e5e12f3256, \\\"block_content\\\"))\"},{\"objectClass\":\"__TwigTemplate_cda91aa24c0f40360fb81bf8f180d80acfa028d0ed2692bd840fb9e5e12f3256\",\"file\":\"\\/srv\\/users\\/serverpilot\\/apps\\/bergstein\\/craft\\/app\\/vendor\\/twig\\/twig\\/lib\\/Twig\\/Template.php\",\"line\":411,\"class\":\"Twig_Template\",\"method\":\"display\",\"args\":\"array()\"},{\"objectClass\":\"__TwigTemplate_cda91aa24c0f40360fb81bf8f180d80acfa028d0ed2692bd840fb9e5e12f3256\",\"file\":\"\\/srv\\/users\\/serverpilot\\/apps\\/bergstein\\/craft\\/app\\/vendor\\/twig\\/twig\\/lib\\/Twig\\/Environment.php\",\"line\":362,\"class\":\"Twig_Template\",\"method\":\"render\",\"args\":\"array()\"},{\"objectClass\":\"Craft\\\\TwigEnvironment\",\"file\":\"\\/srv\\/users\\/serverpilot\\/apps\\/bergstein\\/craft\\/app\\/services\\/TemplatesService.php\",\"line\":256,\"class\":\"Twig_Environment\",\"method\":\"render\",\"args\":\"\\\"news\\\", array()\"},{\"objectClass\":\"Craft\\\\TemplatesService\",\"file\":\"\\/srv\\/users\\/serverpilot\\/apps\\/bergstein\\/craft\\/app\\/controllers\\/BaseController.php\",\"line\":74,\"class\":\"Craft\\\\TemplatesService\",\"method\":\"render\",\"args\":\"\\\"news\\\", array()\"},{\"objectClass\":\"Craft\\\\TemplatesController\",\"file\":\"\\/srv\\/users\\/serverpilot\\/apps\\/bergstein\\/craft\\/app\\/controllers\\/TemplatesController.php\",\"line\":68,\"class\":\"Craft\\\\BaseController\",\"method\":\"renderTemplate\",\"args\":\"\\\"news\\\", array()\"},{\"objectClass\":\"Craft\\\\TemplatesController\",\"file\":null,\"line\":null,\"class\":\"Craft\\\\TemplatesController\",\"method\":\"actionRender\",\"args\":\"\\\"news\\\", array()\"},{\"objectClass\":\"ReflectionMethod\",\"file\":\"\\/srv\\/users\\/serverpilot\\/apps\\/bergstein\\/craft\\/app\\/framework\\/web\\/actions\\/CAction.php\",\"line\":109,\"class\":\"ReflectionMethod\",\"method\":\"invokeArgs\",\"args\":\"Craft\\\\TemplatesController, array(\\\"news\\\", array())\"},{\"objectClass\":\"CInlineAction\",\"file\":\"\\/srv\\/users\\/serverpilot\\/apps\\/bergstein\\/craft\\/app\\/framework\\/web\\/actions\\/CInlineAction.php\",\"line\":47,\"class\":\"CAction\",\"method\":\"runWithParamsInternal\",\"args\":\"Craft\\\\TemplatesController, ReflectionMethod, array(\\\"p\\\" => \\\"news\\\", \\\"variables\\\" => array(), \\\"template\\\" => \\\"news\\\")\"},{\"objectClass\":\"CInlineAction\",\"file\":\"\\/srv\\/users\\/serverpilot\\/apps\\/bergstein\\/craft\\/app\\/framework\\/web\\/CController.php\",\"line\":308,\"class\":\"CInlineAction\",\"method\":\"runWithParams\",\"args\":\"array(\\\"p\\\" => \\\"news\\\", \\\"variables\\\" => array(), \\\"template\\\" => \\\"news\\\")\"},{\"objectClass\":\"Craft\\\\TemplatesController\",\"file\":\"\\/srv\\/users\\/serverpilot\\/apps\\/bergstein\\/craft\\/app\\/framework\\/web\\/CController.php\",\"line\":286,\"class\":\"CController\",\"method\":\"runAction\",\"args\":\"CInlineAction\"},{\"objectClass\":\"Craft\\\\TemplatesController\",\"file\":\"\\/srv\\/users\\/serverpilot\\/apps\\/bergstein\\/craft\\/app\\/framework\\/web\\/CController.php\",\"line\":265,\"class\":\"CController\",\"method\":\"runActionWithFilters\",\"args\":\"CInlineAction, array()\"},{\"objectClass\":\"Craft\\\\TemplatesController\",\"file\":\"\\/srv\\/users\\/serverpilot\\/apps\\/bergstein\\/craft\\/app\\/framework\\/web\\/CWebApplication.php\",\"line\":282,\"class\":\"CController\",\"method\":\"run\",\"args\":\"\\\"render\\\"\"},{\"objectClass\":\"Craft\\\\WebApp\",\"file\":\"\\/srv\\/users\\/serverpilot\\/apps\\/bergstein\\/craft\\/app\\/framework\\/web\\/CWebApplication.php\",\"line\":141,\"class\":\"CWebApplication\",\"method\":\"runController\",\"args\":\"\\\"templates\\/render\\\"\"},{\"objectClass\":\"Craft\\\\WebApp\",\"file\":\"\\/srv\\/users\\/serverpilot\\/apps\\/bergstein\\/craft\\/app\\/etc\\/web\\/WebApp.php\",\"line\":290,\"class\":\"CWebApplication\",\"method\":\"processRequest\",\"args\":null},{\"objectClass\":\"Craft\\\\WebApp\",\"file\":\"\\/srv\\/users\\/serverpilot\\/apps\\/bergstein\\/craft\\/app\\/framework\\/base\\/CApplication.php\",\"line\":185,\"class\":\"Craft\\\\WebApp\",\"method\":\"processRequest\",\"args\":null},{\"objectClass\":\"Craft\\\\WebApp\",\"file\":\"\\/srv\\/users\\/serverpilot\\/apps\\/bergstein\\/craft\\/app\\/index.php\",\"line\":62,\"class\":\"CApplication\",\"method\":\"run\",\"args\":null},{\"objectClass\":null,\"file\":\"\\/srv\\/users\\/serverpilot\\/apps\\/bergstein\\/public\\/index.php\",\"line\":19,\"class\":null,\"method\":\"require_once\",\"args\":\"\\\"\\/srv\\/users\\/serverpilot\\/apps\\/bergstein\\/craft\\/app\\/index.php\\\"\"}]', '2017-05-30 20:47:00', '2017-05-30 20:47:00', '18b220f0-260b-4f26-bc0a-4b88b9600848'),
 ('5', 'TagModel::name', '/srv/users/serverpilot/apps/bergstein/craft/templates/news/index.html:24', '2017-05-31 01:43:51', '/srv/users/serverpilot/apps/bergstein/craft/app/models/TagModel.php', '112', 'Craft\\TagModel', 'getName', '/srv/users/serverpilot/apps/bergstein/craft/templates/news/index.html', '24', 'The Tag ‘name’ property has been deprecated. Use ‘title’ instead.', '[{\"objectClass\":\"Craft\\\\DeprecatorService\",\"file\":\"\\/srv\\/users\\/serverpilot\\/apps\\/bergstein\\/craft\\/app\\/models\\/TagModel.php\",\"line\":112,\"class\":\"Craft\\\\DeprecatorService\",\"method\":\"log\",\"args\":\"\\\"TagModel::name\\\", \\\"The Tag \\u2018name\\u2019 property has been deprecated. Use \\u2018title\\u2019...\\\"\"},{\"objectClass\":\"Craft\\\\TagModel\",\"file\":\"\\/srv\\/users\\/serverpilot\\/apps\\/bergstein\\/craft\\/app\\/framework\\/base\\/CComponent.php\",\"line\":188,\"class\":\"Craft\\\\TagModel\",\"method\":\"getName\",\"args\":null},{\"objectClass\":\"Craft\\\\TagModel\",\"file\":\"\\/srv\\/users\\/serverpilot\\/apps\\/bergstein\\/craft\\/app\\/models\\/BaseModel.php\",\"line\":153,\"class\":\"CComponent\",\"method\":\"__isset\",\"args\":\"\\\"name\\\"\"},{\"objectClass\":\"Craft\\\\TagModel\",\"file\":\"\\/srv\\/users\\/serverpilot\\/apps\\/bergstein\\/craft\\/app\\/models\\/BaseElementModel.php\",\"line\":118,\"class\":\"Craft\\\\BaseModel\",\"method\":\"__isset\",\"args\":\"\\\"name\\\"\"},{\"objectClass\":\"Craft\\\\TagModel\",\"file\":\"\\/srv\\/users\\/serverpilot\\/apps\\/bergstein\\/craft\\/app\\/vendor\\/twig\\/twig\\/lib\\/Twig\\/Template.php\",\"line\":580,\"class\":\"Craft\\\\BaseElementModel\",\"method\":\"__isset\",\"args\":\"\\\"name\\\"\"},{\"objectClass\":\"__TwigTemplate_d30ec01b1b31cad08654a95ba71c510c89b60f4077d54c560a0dd9e9b1031c51\",\"file\":\"\\/srv\\/users\\/serverpilot\\/apps\\/bergstein\\/craft\\/app\\/etc\\/templating\\/BaseTemplate.php\",\"line\":64,\"class\":\"Twig_Template\",\"method\":\"getAttribute\",\"args\":\"Craft\\\\TagModel, \\\"name\\\", array(), \\\"any\\\"\"},{\"objectClass\":\"__TwigTemplate_d30ec01b1b31cad08654a95ba71c510c89b60f4077d54c560a0dd9e9b1031c51\",\"file\":\"\\/srv\\/users\\/serverpilot\\/apps\\/bergstein\\/craft\\/storage\\/runtime\\/compiled_templates\\/ba\\/ba647e3d464ed9fa60e9250d3ba447b2f6f82980335ce15f11c89ca6441bffbe.php\",\"line\":64,\"class\":\"Craft\\\\BaseTemplate\",\"method\":\"getAttribute\",\"args\":\"Craft\\\\TagModel, \\\"name\\\", array()\",\"template\":\"_includes\\/sidebar.html\",\"templateLine\":24},{\"objectClass\":\"__TwigTemplate_d30ec01b1b31cad08654a95ba71c510c89b60f4077d54c560a0dd9e9b1031c51\",\"file\":\"\\/srv\\/users\\/serverpilot\\/apps\\/bergstein\\/craft\\/app\\/vendor\\/twig\\/twig\\/lib\\/Twig\\/Template.php\",\"line\":432,\"class\":\"__TwigTemplate_d30ec01b1b31cad08654a95ba71c510c89b60f4077d54c560a0dd9e9b1031c51\",\"method\":\"doDisplay\",\"args\":\"array(\\\"user\\\" => Craft\\\\UserModel, \\\"currentUser\\\" => Craft\\\\UserModel, \\\"craft\\\" => Craft\\\\CraftVariable, \\\"blx\\\" => Craft\\\\CraftVariable), array()\"},{\"objectClass\":\"__TwigTemplate_d30ec01b1b31cad08654a95ba71c510c89b60f4077d54c560a0dd9e9b1031c51\",\"file\":\"\\/srv\\/users\\/serverpilot\\/apps\\/bergstein\\/craft\\/app\\/etc\\/templating\\/BaseTemplate.php\",\"line\":26,\"class\":\"Twig_Template\",\"method\":\"displayWithErrorHandling\",\"args\":\"array(\\\"user\\\" => Craft\\\\UserModel, \\\"currentUser\\\" => Craft\\\\UserModel, \\\"craft\\\" => Craft\\\\CraftVariable, \\\"blx\\\" => Craft\\\\CraftVariable), array()\"},{\"objectClass\":\"__TwigTemplate_d30ec01b1b31cad08654a95ba71c510c89b60f4077d54c560a0dd9e9b1031c51\",\"file\":\"\\/srv\\/users\\/serverpilot\\/apps\\/bergstein\\/craft\\/app\\/vendor\\/twig\\/twig\\/lib\\/Twig\\/Template.php\",\"line\":403,\"class\":\"Craft\\\\BaseTemplate\",\"method\":\"displayWithErrorHandling\",\"args\":\"array(\\\"user\\\" => Craft\\\\UserModel, \\\"currentUser\\\" => Craft\\\\UserModel, \\\"craft\\\" => Craft\\\\CraftVariable, \\\"blx\\\" => Craft\\\\CraftVariable), array()\"},{\"objectClass\":\"__TwigTemplate_d30ec01b1b31cad08654a95ba71c510c89b60f4077d54c560a0dd9e9b1031c51\",\"file\":\"\\/srv\\/users\\/serverpilot\\/apps\\/bergstein\\/craft\\/storage\\/runtime\\/compiled_templates\\/63\\/63dc17225de36b45899ce0151b14f486bcbb71f2a654e8d82f2aa91bda6de33f.php\",\"line\":117,\"class\":\"Twig_Template\",\"method\":\"display\",\"args\":\"array(\\\"user\\\" => Craft\\\\UserModel, \\\"currentUser\\\" => Craft\\\\UserModel, \\\"craft\\\" => Craft\\\\CraftVariable, \\\"blx\\\" => Craft\\\\CraftVariable)\",\"template\":\"_includes\\/sidebar.html\",\"templateLine\":36},{\"objectClass\":\"__TwigTemplate_cda91aa24c0f40360fb81bf8f180d80acfa028d0ed2692bd840fb9e5e12f3256\",\"file\":\"\\/srv\\/users\\/serverpilot\\/apps\\/bergstein\\/craft\\/app\\/vendor\\/twig\\/twig\\/lib\\/Twig\\/Template.php\",\"line\":215,\"class\":\"__TwigTemplate_cda91aa24c0f40360fb81bf8f180d80acfa028d0ed2692bd840fb9e5e12f3256\",\"method\":\"block_content\",\"args\":\"array(\\\"user\\\" => Craft\\\\UserModel, \\\"currentUser\\\" => Craft\\\\UserModel, \\\"craft\\\" => Craft\\\\CraftVariable, \\\"blx\\\" => Craft\\\\CraftVariable), array(\\\"content\\\" => array(__TwigTemplate_cda91aa24c0f40360fb81bf8f180d80acfa028d0ed2692bd840fb9e5e12f3256, \\\"block_content\\\"))\"},{\"objectClass\":\"__TwigTemplate_877d64418f6be1bb0a8573a1004c8a3a38af51c325dd9e6e4c41650c2a367ff6\",\"file\":\"\\/srv\\/users\\/serverpilot\\/apps\\/bergstein\\/craft\\/storage\\/runtime\\/compiled_templates\\/38\\/38cdfb669dbfbaf6ce26802630ac38c68103a923514ffa38b1e5c022e40a875b.php\",\"line\":216,\"class\":\"Twig_Template\",\"method\":\"displayBlock\",\"args\":\"\\\"content\\\", array(\\\"user\\\" => Craft\\\\UserModel, \\\"currentUser\\\" => Craft\\\\UserModel, \\\"craft\\\" => Craft\\\\CraftVariable, \\\"blx\\\" => Craft\\\\CraftVariable), array(\\\"content\\\" => array(__TwigTemplate_cda91aa24c0f40360fb81bf8f180d80acfa028d0ed2692bd840fb9e5e12f3256, \\\"block_content\\\"))\",\"template\":\"_layout\",\"templateLine\":103},{\"objectClass\":\"__TwigTemplate_877d64418f6be1bb0a8573a1004c8a3a38af51c325dd9e6e4c41650c2a367ff6\",\"file\":\"\\/srv\\/users\\/serverpilot\\/apps\\/bergstein\\/craft\\/app\\/vendor\\/twig\\/twig\\/lib\\/Twig\\/Template.php\",\"line\":432,\"class\":\"__TwigTemplate_877d64418f6be1bb0a8573a1004c8a3a38af51c325dd9e6e4c41650c2a367ff6\",\"method\":\"doDisplay\",\"args\":\"array(\\\"user\\\" => Craft\\\\UserModel, \\\"currentUser\\\" => Craft\\\\UserModel, \\\"craft\\\" => Craft\\\\CraftVariable, \\\"blx\\\" => Craft\\\\CraftVariable), array(\\\"content\\\" => array(__TwigTemplate_cda91aa24c0f40360fb81bf8f180d80acfa028d0ed2692bd840fb9e5e12f3256, \\\"block_content\\\"))\"},{\"objectClass\":\"__TwigTemplate_877d64418f6be1bb0a8573a1004c8a3a38af51c325dd9e6e4c41650c2a367ff6\",\"file\":\"\\/srv\\/users\\/serverpilot\\/apps\\/bergstein\\/craft\\/app\\/etc\\/templating\\/BaseTemplate.php\",\"line\":26,\"class\":\"Twig_Template\",\"method\":\"displayWithErrorHandling\",\"args\":\"array(\\\"user\\\" => Craft\\\\UserModel, \\\"currentUser\\\" => Craft\\\\UserModel, \\\"craft\\\" => Craft\\\\CraftVariable, \\\"blx\\\" => Craft\\\\CraftVariable), array(\\\"content\\\" => array(__TwigTemplate_cda91aa24c0f40360fb81bf8f180d80acfa028d0ed2692bd840fb9e5e12f3256, \\\"block_content\\\"))\"},{\"objectClass\":\"__TwigTemplate_877d64418f6be1bb0a8573a1004c8a3a38af51c325dd9e6e4c41650c2a367ff6\",\"file\":\"\\/srv\\/users\\/serverpilot\\/apps\\/bergstein\\/craft\\/app\\/vendor\\/twig\\/twig\\/lib\\/Twig\\/Template.php\",\"line\":403,\"class\":\"Craft\\\\BaseTemplate\",\"method\":\"displayWithErrorHandling\",\"args\":\"array(\\\"user\\\" => Craft\\\\UserModel, \\\"currentUser\\\" => Craft\\\\UserModel, \\\"craft\\\" => Craft\\\\CraftVariable, \\\"blx\\\" => Craft\\\\CraftVariable), array(\\\"content\\\" => array(__TwigTemplate_cda91aa24c0f40360fb81bf8f180d80acfa028d0ed2692bd840fb9e5e12f3256, \\\"block_content\\\"))\"},{\"objectClass\":\"__TwigTemplate_877d64418f6be1bb0a8573a1004c8a3a38af51c325dd9e6e4c41650c2a367ff6\",\"file\":\"\\/srv\\/users\\/serverpilot\\/apps\\/bergstein\\/craft\\/storage\\/runtime\\/compiled_templates\\/63\\/63dc17225de36b45899ce0151b14f486bcbb71f2a654e8d82f2aa91bda6de33f.php\",\"line\":27,\"class\":\"Twig_Template\",\"method\":\"display\",\"args\":\"array(\\\"user\\\" => Craft\\\\UserModel, \\\"currentUser\\\" => Craft\\\\UserModel, \\\"craft\\\" => Craft\\\\CraftVariable, \\\"blx\\\" => Craft\\\\CraftVariable), array(\\\"content\\\" => array(__TwigTemplate_cda91aa24c0f40360fb81bf8f180d80acfa028d0ed2692bd840fb9e5e12f3256, \\\"block_content\\\"))\",\"template\":\"_layout\",\"templateLine\":1},{\"objectClass\":\"__TwigTemplate_cda91aa24c0f40360fb81bf8f180d80acfa028d0ed2692bd840fb9e5e12f3256\",\"file\":\"\\/srv\\/users\\/serverpilot\\/apps\\/bergstein\\/craft\\/app\\/vendor\\/twig\\/twig\\/lib\\/Twig\\/Template.php\",\"line\":432,\"class\":\"__TwigTemplate_cda91aa24c0f40360fb81bf8f180d80acfa028d0ed2692bd840fb9e5e12f3256\",\"method\":\"doDisplay\",\"args\":\"array(\\\"user\\\" => Craft\\\\UserModel, \\\"currentUser\\\" => Craft\\\\UserModel, \\\"craft\\\" => Craft\\\\CraftVariable, \\\"blx\\\" => Craft\\\\CraftVariable), array(\\\"content\\\" => array(__TwigTemplate_cda91aa24c0f40360fb81bf8f180d80acfa028d0ed2692bd840fb9e5e12f3256, \\\"block_content\\\"))\"},{\"objectClass\":\"__TwigTemplate_cda91aa24c0f40360fb81bf8f180d80acfa028d0ed2692bd840fb9e5e12f3256\",\"file\":\"\\/srv\\/users\\/serverpilot\\/apps\\/bergstein\\/craft\\/app\\/etc\\/templating\\/BaseTemplate.php\",\"line\":26,\"class\":\"Twig_Template\",\"method\":\"displayWithErrorHandling\",\"args\":\"array(\\\"user\\\" => Craft\\\\UserModel, \\\"currentUser\\\" => Craft\\\\UserModel, \\\"craft\\\" => Craft\\\\CraftVariable, \\\"blx\\\" => Craft\\\\CraftVariable), array(\\\"content\\\" => array(__TwigTemplate_cda91aa24c0f40360fb81bf8f180d80acfa028d0ed2692bd840fb9e5e12f3256, \\\"block_content\\\"))\"},{\"objectClass\":\"__TwigTemplate_cda91aa24c0f40360fb81bf8f180d80acfa028d0ed2692bd840fb9e5e12f3256\",\"file\":\"\\/srv\\/users\\/serverpilot\\/apps\\/bergstein\\/craft\\/app\\/vendor\\/twig\\/twig\\/lib\\/Twig\\/Template.php\",\"line\":403,\"class\":\"Craft\\\\BaseTemplate\",\"method\":\"displayWithErrorHandling\",\"args\":\"array(\\\"user\\\" => Craft\\\\UserModel, \\\"currentUser\\\" => Craft\\\\UserModel, \\\"craft\\\" => Craft\\\\CraftVariable, \\\"blx\\\" => Craft\\\\CraftVariable), array(\\\"content\\\" => array(__TwigTemplate_cda91aa24c0f40360fb81bf8f180d80acfa028d0ed2692bd840fb9e5e12f3256, \\\"block_content\\\"))\"},{\"objectClass\":\"__TwigTemplate_cda91aa24c0f40360fb81bf8f180d80acfa028d0ed2692bd840fb9e5e12f3256\",\"file\":\"\\/srv\\/users\\/serverpilot\\/apps\\/bergstein\\/craft\\/app\\/vendor\\/twig\\/twig\\/lib\\/Twig\\/Template.php\",\"line\":411,\"class\":\"Twig_Template\",\"method\":\"display\",\"args\":\"array()\"},{\"objectClass\":\"__TwigTemplate_cda91aa24c0f40360fb81bf8f180d80acfa028d0ed2692bd840fb9e5e12f3256\",\"file\":\"\\/srv\\/users\\/serverpilot\\/apps\\/bergstein\\/craft\\/app\\/vendor\\/twig\\/twig\\/lib\\/Twig\\/Environment.php\",\"line\":362,\"class\":\"Twig_Template\",\"method\":\"render\",\"args\":\"array()\"},{\"objectClass\":\"Craft\\\\TwigEnvironment\",\"file\":\"\\/srv\\/users\\/serverpilot\\/apps\\/bergstein\\/craft\\/app\\/services\\/TemplatesService.php\",\"line\":256,\"class\":\"Twig_Environment\",\"method\":\"render\",\"args\":\"\\\"news\\\", array()\"},{\"objectClass\":\"Craft\\\\TemplatesService\",\"file\":\"\\/srv\\/users\\/serverpilot\\/apps\\/bergstein\\/craft\\/app\\/controllers\\/BaseController.php\",\"line\":74,\"class\":\"Craft\\\\TemplatesService\",\"method\":\"render\",\"args\":\"\\\"news\\\", array()\"},{\"objectClass\":\"Craft\\\\TemplatesController\",\"file\":\"\\/srv\\/users\\/serverpilot\\/apps\\/bergstein\\/craft\\/app\\/controllers\\/TemplatesController.php\",\"line\":68,\"class\":\"Craft\\\\BaseController\",\"method\":\"renderTemplate\",\"args\":\"\\\"news\\\", array()\"},{\"objectClass\":\"Craft\\\\TemplatesController\",\"file\":null,\"line\":null,\"class\":\"Craft\\\\TemplatesController\",\"method\":\"actionRender\",\"args\":\"\\\"news\\\", array()\"},{\"objectClass\":\"ReflectionMethod\",\"file\":\"\\/srv\\/users\\/serverpilot\\/apps\\/bergstein\\/craft\\/app\\/framework\\/web\\/actions\\/CAction.php\",\"line\":109,\"class\":\"ReflectionMethod\",\"method\":\"invokeArgs\",\"args\":\"Craft\\\\TemplatesController, array(\\\"news\\\", array())\"},{\"objectClass\":\"CInlineAction\",\"file\":\"\\/srv\\/users\\/serverpilot\\/apps\\/bergstein\\/craft\\/app\\/framework\\/web\\/actions\\/CInlineAction.php\",\"line\":47,\"class\":\"CAction\",\"method\":\"runWithParamsInternal\",\"args\":\"Craft\\\\TemplatesController, ReflectionMethod, array(\\\"p\\\" => \\\"news\\\", \\\"variables\\\" => array(), \\\"template\\\" => \\\"news\\\")\"},{\"objectClass\":\"CInlineAction\",\"file\":\"\\/srv\\/users\\/serverpilot\\/apps\\/bergstein\\/craft\\/app\\/framework\\/web\\/CController.php\",\"line\":308,\"class\":\"CInlineAction\",\"method\":\"runWithParams\",\"args\":\"array(\\\"p\\\" => \\\"news\\\", \\\"variables\\\" => array(), \\\"template\\\" => \\\"news\\\")\"},{\"objectClass\":\"Craft\\\\TemplatesController\",\"file\":\"\\/srv\\/users\\/serverpilot\\/apps\\/bergstein\\/craft\\/app\\/framework\\/web\\/CController.php\",\"line\":286,\"class\":\"CController\",\"method\":\"runAction\",\"args\":\"CInlineAction\"},{\"objectClass\":\"Craft\\\\TemplatesController\",\"file\":\"\\/srv\\/users\\/serverpilot\\/apps\\/bergstein\\/craft\\/app\\/framework\\/web\\/CController.php\",\"line\":265,\"class\":\"CController\",\"method\":\"runActionWithFilters\",\"args\":\"CInlineAction, array()\"},{\"objectClass\":\"Craft\\\\TemplatesController\",\"file\":\"\\/srv\\/users\\/serverpilot\\/apps\\/bergstein\\/craft\\/app\\/framework\\/web\\/CWebApplication.php\",\"line\":282,\"class\":\"CController\",\"method\":\"run\",\"args\":\"\\\"render\\\"\"},{\"objectClass\":\"Craft\\\\WebApp\",\"file\":\"\\/srv\\/users\\/serverpilot\\/apps\\/bergstein\\/craft\\/app\\/framework\\/web\\/CWebApplication.php\",\"line\":141,\"class\":\"CWebApplication\",\"method\":\"runController\",\"args\":\"\\\"templates\\/render\\\"\"},{\"objectClass\":\"Craft\\\\WebApp\",\"file\":\"\\/srv\\/users\\/serverpilot\\/apps\\/bergstein\\/craft\\/app\\/etc\\/web\\/WebApp.php\",\"line\":290,\"class\":\"CWebApplication\",\"method\":\"processRequest\",\"args\":null},{\"objectClass\":\"Craft\\\\WebApp\",\"file\":\"\\/srv\\/users\\/serverpilot\\/apps\\/bergstein\\/craft\\/app\\/framework\\/base\\/CApplication.php\",\"line\":185,\"class\":\"Craft\\\\WebApp\",\"method\":\"processRequest\",\"args\":null},{\"objectClass\":\"Craft\\\\WebApp\",\"file\":\"\\/srv\\/users\\/serverpilot\\/apps\\/bergstein\\/craft\\/app\\/index.php\",\"line\":62,\"class\":\"CApplication\",\"method\":\"run\",\"args\":null},{\"objectClass\":null,\"file\":\"\\/srv\\/users\\/serverpilot\\/apps\\/bergstein\\/public\\/index.php\",\"line\":19,\"class\":null,\"method\":\"require_once\",\"args\":\"\\\"\\/srv\\/users\\/serverpilot\\/apps\\/bergstein\\/craft\\/app\\/index.php\\\"\"}]', '2017-05-30 20:48:01', '2017-05-31 01:43:51', '0515c0ea-5eae-4360-a7f1-d3ab6895a1f1');



DROP TABLE IF EXISTS `brgsh_elementindexsettings`;


--
-- Schema for table `brgsh_elementindexsettings`
--
CREATE TABLE `brgsh_elementindexsettings` (
  `id` int(11) NOT NULL AUTO_INCREMENT,
  `type` varchar(150) COLLATE utf8_unicode_ci NOT NULL,
  `settings` text COLLATE utf8_unicode_ci,
  `dateCreated` datetime NOT NULL,
  `dateUpdated` datetime NOT NULL,
  `uid` char(36) COLLATE utf8_unicode_ci NOT NULL DEFAULT '0',
  PRIMARY KEY (`id`),
  UNIQUE KEY `brgsh_elementindexsettings_type_unq_idx` (`type`)
) ENGINE=InnoDB AUTO_INCREMENT=4 DEFAULT CHARSET=utf8 COLLATE=utf8_unicode_ci;

--
-- Data for table `brgsh_elementindexsettings`
--

INSERT INTO `brgsh_elementindexsettings` (`id`, `type`, `settings`, `dateCreated`, `dateUpdated`, `uid`) VALUES
 ('1', 'Entry', '{\"sources\":{\"section:4\":{\"tableAttributes\":{\"1\":\"field:10\"}}}}', '2017-05-28 23:41:51', '2017-05-28 23:42:23', 'd9c783aa-bdf9-4f06-93d0-6749ed3a36cd');



DROP TABLE IF EXISTS `brgsh_elements`;


--
-- Schema for table `brgsh_elements`
--
CREATE TABLE `brgsh_elements` (
  `id` int(11) NOT NULL AUTO_INCREMENT,
  `type` varchar(150) COLLATE utf8_unicode_ci NOT NULL,
  `enabled` tinyint(1) unsigned NOT NULL DEFAULT '1',
  `archived` tinyint(1) unsigned NOT NULL DEFAULT '0',
  `dateCreated` datetime NOT NULL,
  `dateUpdated` datetime NOT NULL,
  `uid` char(36) COLLATE utf8_unicode_ci NOT NULL DEFAULT '0',
  PRIMARY KEY (`id`),
  KEY `brgsh_elements_type_idx` (`type`),
  KEY `brgsh_elements_enabled_idx` (`enabled`),
  KEY `brgsh_elements_archived_dateCreated_idx` (`archived`,`dateCreated`)
) ENGINE=InnoDB AUTO_INCREMENT=104 DEFAULT CHARSET=utf8 COLLATE=utf8_unicode_ci;

--
-- Data for table `brgsh_elements`
--

INSERT INTO `brgsh_elements` (`id`, `type`, `enabled`, `archived`, `dateCreated`, `dateUpdated`, `uid`) VALUES
 ('1', 'User', '1', '0', '2017-05-27 01:12:20', '2017-05-27 01:12:20', 'e87d3fc3-e345-435e-87c1-8cf32f80152f'),
 ('2', 'Entry', '1', '0', '2017-05-27 01:12:23', '2017-05-31 02:49:59', '5d038df1-cf5a-4fc4-9eec-3d01c2eac6a3'),
 ('4', 'Entry', '1', '0', '2017-05-28 16:07:54', '2017-05-28 23:40:39', '01dd4cd7-0830-493f-9e76-15b586bb3114'),
 ('5', 'Entry', '1', '0', '2017-05-28 16:08:00', '2017-05-28 23:40:55', '4fb13da6-4cbd-42f6-b352-4da18bced3d0'),
 ('6', 'Entry', '1', '0', '2017-05-28 16:08:15', '2017-05-28 23:41:11', 'f6357fc7-4c40-4611-9956-e7abbf6e9de2'),
 ('7', 'Entry', '0', '0', '2017-05-28 16:08:35', '2017-05-31 02:38:24', '60a2e26e-6c6e-4eb7-9312-f2130bd8f5b3'),
 ('8', 'Entry', '1', '0', '2017-05-28 16:08:43', '2017-05-28 23:41:31', '73dd6ebe-c436-46f1-90eb-03a101ab5c97'),
 ('9', 'Category', '1', '0', '2017-05-28 16:10:53', '2017-05-31 00:49:40', '25c44636-92b1-4ffb-81b4-845c52c3f0f8'),
 ('10', 'Category', '0', '0', '2017-05-28 16:11:12', '2017-05-31 00:37:11', '3a44e0cc-ead3-4e68-9f1c-1e56cfd9c4d7'),
 ('11', 'Category', '1', '0', '2017-05-28 16:11:34', '2017-05-31 00:57:11', '8784ff93-c992-4f74-af3f-4281d7b8a575'),
 ('12', 'Category', '1', '0', '2017-05-28 18:37:08', '2017-05-31 00:57:37', '98624b96-4ca3-4294-b775-373ede9de632'),
 ('13', 'Category', '1', '0', '2017-05-28 18:37:22', '2017-05-31 00:57:48', 'd8221020-0c0d-4095-8e6f-76c3768f9114'),
 ('14', 'Category', '0', '0', '2017-05-28 18:37:33', '2017-05-31 00:37:11', '4117b326-28ef-4778-9040-ba6aa0d8cf25'),
 ('15', 'Category', '0', '0', '2017-05-28 18:37:47', '2017-05-31 00:37:11', '1effe7cf-a654-41d1-8421-70120abd881f'),
 ('16', 'Category', '0', '0', '2017-05-28 18:37:58', '2017-05-31 00:37:11', '257d7ab9-6806-4e88-a942-c88164f272d7'),
 ('17', 'Category', '0', '0', '2017-05-28 18:38:07', '2017-05-31 00:37:11', 'cc017065-231c-4180-bec5-e167cb65914f'),
 ('18', 'Category', '0', '0', '2017-05-28 18:38:17', '2017-05-31 00:37:11', 'a570db8d-c63e-46d9-81e0-40f6e7e4ebe5'),
 ('19', 'Category', '0', '0', '2017-05-28 18:38:28', '2017-05-31 00:37:11', 'd3bb1bee-9939-4a89-a469-3cf38ec312bd'),
 ('20', 'Category', '1', '0', '2017-05-28 18:38:40', '2017-05-31 00:57:56', '6ba8e4eb-c7e5-4f07-941e-0a1886a0fe88'),
 ('21', 'Category', '0', '0', '2017-05-28 18:38:50', '2017-05-31 00:37:11', '1baefe84-a94c-44c5-8ac0-d47167a0ab59'),
 ('22', 'Category', '1', '0', '2017-05-28 18:38:59', '2017-05-31 00:58:04', '43e6f776-c94e-4e82-9b26-8f2df00d478a'),
 ('23', 'Category', '0', '0', '2017-05-28 18:39:09', '2017-05-31 00:37:11', 'd534c02c-915c-4211-99bc-cc2c48c96d45'),
 ('24', 'Category', '0', '0', '2017-05-28 18:39:22', '2017-05-31 00:37:11', '3971c0ac-6003-4cf1-8ab1-6d6bf6a5db63'),
 ('25', 'Category', '0', '0', '2017-05-28 18:39:34', '2017-05-31 00:37:11', 'cad0a698-34b8-4d0a-bdd7-f383dc0ca193'),
 ('26', 'Category', '0', '0', '2017-05-28 18:39:45', '2017-05-31 00:37:11', 'ad562d9b-2f9f-46ab-84a6-e45ceb840df4'),
 ('27', 'Category', '0', '0', '2017-05-28 18:40:14', '2017-05-31 00:37:11', '60d996cd-7935-4bfc-80ea-1841c106daca'),
 ('28', 'Category', '0', '0', '2017-05-28 18:40:31', '2017-05-31 00:37:11', '75ea6c15-c63d-42c9-9762-3ab185235639'),
 ('29', 'Category', '0', '0', '2017-05-28 18:40:45', '2017-05-31 00:37:11', '8c667d69-a224-4508-ad75-d77ed245b13f'),
 ('30', 'Category', '0', '0', '2017-05-28 18:41:01', '2017-05-31 00:37:11', 'ce01ec6c-7dde-4719-9a84-527dafceabb5'),
 ('31', 'Category', '1', '0', '2017-05-28 18:42:50', '2017-05-31 00:57:19', '185e97aa-869d-4d66-bb03-baabf98ed11e'),
 ('32', 'Category', '1', '0', '2017-05-28 18:43:40', '2017-05-31 00:57:29', 'df80baf8-47ca-4c34-843f-7b5570140617'),
 ('33', 'Category', '0', '0', '2017-05-28 18:43:50', '2017-05-31 00:37:11', '11edcc15-d073-4f7b-a40e-1fa831c5e6b7'),
 ('34', 'Category', '0', '0', '2017-05-28 18:44:01', '2017-05-31 00:37:11', '762cbf4a-5335-4d96-879b-50a0c7113b7d'),
 ('35', 'Category', '0', '0', '2017-05-28 18:44:12', '2017-05-31 00:37:11', 'ce863c7c-ba99-42e9-81c7-189e4c4b8c81'),
 ('36', 'Category', '0', '0', '2017-05-28 18:44:22', '2017-05-31 00:37:11', '9989d9f6-af77-4756-9d29-679cea5bbf35'),
 ('37', 'Category', '0', '0', '2017-05-28 18:44:32', '2017-05-31 00:37:11', '01c9c0e7-6b20-4ad7-875f-15019f12894a'),
 ('38', 'Category', '0', '0', '2017-05-28 18:44:42', '2017-05-31 00:37:11', '6b1c7c22-cadd-416e-bdc0-441713c4dd75'),
 ('39', 'Category', '0', '0', '2017-05-28 18:44:54', '2017-05-31 00:37:11', 'f56bee18-939f-49cc-8e24-b104c6550b9c'),
 ('40', 'Category', '0', '0', '2017-05-28 18:45:02', '2017-05-31 00:37:11', '5cc9bbf9-081d-439a-91b4-77e95fd2e5b0'),
 ('41', 'Category', '0', '0', '2017-05-28 18:45:12', '2017-05-31 00:37:11', '6ed7a0ad-b70b-49a6-8d50-f4fe06ecec3e'),
 ('42', 'Category', '0', '0', '2017-05-28 18:45:22', '2017-05-31 00:37:11', '5b91639a-5339-43ca-b21a-713d0c3ca387'),
 ('43', 'Asset', '1', '0', '2017-05-28 21:13:36', '2017-05-28 21:13:36', '255de92b-e175-4730-944b-d12e4ce0bcdd'),
 ('44', 'Asset', '1', '0', '2017-05-28 21:13:37', '2017-05-28 21:13:37', '0d68382d-a16d-4a66-b063-84d279db80f7'),
 ('45', 'Asset', '1', '0', '2017-05-28 21:13:37', '2017-05-28 21:13:37', '712fd825-7a63-4eaf-b521-3b4daeb5696d'),
 ('46', 'Asset', '1', '0', '2017-05-28 21:13:37', '2017-05-28 21:13:37', '7fc3c751-df7f-4e88-b785-2b7ec555fee0'),
 ('47', 'Asset', '1', '0', '2017-05-28 21:13:37', '2017-05-28 21:13:37', '996f5155-c8fb-4bad-908f-a0d97435af64'),
 ('48', 'Asset', '1', '0', '2017-05-28 21:13:37', '2017-05-28 21:13:37', '3ed114c9-f27d-4252-b1e6-72c129b3021d'),
 ('49', 'Asset', '1', '0', '2017-05-28 21:13:38', '2017-05-28 21:13:38', 'e4b32e0a-f772-433c-924d-5b170395a97a'),
 ('50', 'Asset', '1', '0', '2017-05-28 21:13:38', '2017-05-28 21:13:38', 'd6ef375b-83ca-4e1f-87b5-d7860e7f6a55'),
 ('51', 'Entry', '1', '0', '2017-05-28 21:14:16', '2017-05-31 03:01:58', '1ae653f9-f0e0-417e-8ea0-03593ec2543a'),
 ('52', 'MatrixBlock', '1', '0', '2017-05-28 21:14:16', '2017-05-31 03:01:58', '32b27367-a803-4b12-9923-cba2ef356deb'),
 ('53', 'GlobalSet', '1', '0', '2017-05-28 21:25:58', '2017-05-28 21:37:00', '91eb9d61-8582-4adf-ab85-6f560a92fb7c'),
 ('54', 'GlobalSet', '1', '0', '2017-05-28 21:26:17', '2017-05-29 11:11:55', 'faddaf76-afa7-4e25-b9f8-6e4bce21e947'),
 ('55', 'GlobalSet', '1', '0', '2017-05-28 21:26:32', '2017-05-29 11:12:24', 'f575b3d8-afcf-43b2-97ba-248bff2eb6aa'),
 ('56', 'GlobalSet', '1', '0', '2017-05-28 21:26:47', '2017-05-28 21:32:37', 'fa2034b4-adf0-4d94-b708-f2dc0120bafc'),
 ('57', 'GlobalSet', '1', '0', '2017-05-28 21:28:01', '2017-05-28 21:36:39', 'f63e505a-0b40-4bea-9c61-d6225fdbbfd9'),
 ('58', 'GlobalSet', '1', '0', '2017-05-28 21:28:37', '2017-05-28 21:37:18', '36c8e40e-cd93-49ab-85d0-4e4bf9cef9c5'),
 ('59', 'Entry', '1', '0', '2017-05-28 23:00:11', '2017-05-31 03:01:28', 'a7b590f6-11c5-4e0c-be61-51994a61bd1c'),
 ('60', 'MatrixBlock', '1', '0', '2017-05-28 23:00:11', '2017-05-31 03:01:28', 'e7b64675-a55d-4a74-aa15-fa5dc38594b1'),
 ('61', 'Entry', '0', '0', '2017-05-28 23:44:43', '2017-05-31 03:02:36', '9c4844f3-12ac-499e-8354-34edcf853b31'),
 ('62', 'Asset', '1', '0', '2017-05-29 01:17:17', '2017-05-29 01:17:17', '9d4bf009-8b99-473f-ba34-7d0126ea46ec'),
 ('63', 'MatrixBlock', '1', '0', '2017-05-29 01:21:41', '2017-05-31 02:49:59', '36f34fed-e776-4fca-af67-bb64f9995430'),
 ('64', 'MatrixBlock', '1', '0', '2017-05-29 01:21:41', '2017-05-31 02:49:59', '56fa68f5-4362-4c73-bdae-66f1844abb49'),
 ('65', 'MatrixBlock', '1', '0', '2017-05-29 01:21:41', '2017-05-31 02:49:59', '8d5a5168-4b4a-416f-9e7a-e13c52a7cdfb'),
 ('66', 'MatrixBlock', '1', '0', '2017-05-29 01:21:42', '2017-05-31 02:49:59', '15ff38b7-a505-4bf2-8aff-3a7de134fb6f'),
 ('67', 'Entry', '1', '0', '2017-05-29 01:40:46', '2017-05-31 03:00:10', '4bad9eb2-c9dd-44ac-917f-6b67c31b001c'),
 ('68', 'Entry', '1', '0', '2017-05-29 01:41:02', '2017-05-31 02:55:00', '3dd02856-226c-451f-adfe-e439ec7aa44a'),
 ('69', 'Asset', '1', '0', '2017-05-29 01:53:39', '2017-05-29 01:53:39', '81974c2e-5801-4752-af2a-d56dd6ccd375'),
 ('70', 'Entry', '1', '0', '2017-05-29 23:56:22', '2017-05-30 15:21:16', '8d9e210d-9b81-481f-8e91-18b86bcee710'),
 ('71', 'Entry', '1', '0', '2017-05-29 23:56:40', '2017-05-30 15:11:33', '302cc683-fbc4-4f7d-808d-488f6f0e39b9'),
 ('72', 'Entry', '1', '0', '2017-05-29 23:56:56', '2017-05-30 20:31:02', '0f6f1d2f-7da2-4410-830c-b64ae1c6616a'),
 ('73', 'Asset', '1', '0', '2017-05-30 15:07:24', '2017-05-30 15:07:24', '1ec20bab-1cfd-4690-a218-db7eba6bd4ed'),
 ('74', 'Asset', '1', '0', '2017-05-30 20:30:43', '2017-05-30 20:30:43', '7c47415d-b5f3-4b57-b3d1-6798c5aa83e7'),
 ('75', 'Asset', '1', '0', '2017-05-30 20:30:44', '2017-05-30 20:30:44', '79edf0da-70e8-4e0f-a14d-e0d293e8fee3'),
 ('76', 'Asset', '1', '0', '2017-05-30 20:30:44', '2017-05-30 20:30:44', '5f444188-08b1-4b4f-9475-776f7b466e42'),
 ('77', 'Asset', '1', '0', '2017-05-30 20:30:45', '2017-05-30 20:30:45', '8d8c7879-fbc0-4ee0-b838-956744aef0bb'),
 ('78', 'Asset', '1', '0', '2017-05-30 20:30:45', '2017-05-30 20:30:45', '31568eba-15b2-4897-a74e-e0a5352a69a7'),
 ('79', 'Asset', '1', '0', '2017-05-30 20:30:45', '2017-05-30 20:30:45', '86fc1204-9860-438c-adde-aef9d470f211'),
 ('80', 'Asset', '1', '0', '2017-05-30 20:30:45', '2017-05-30 20:30:45', '73567713-9b3a-4238-bf84-fca876a62294'),
 ('81', 'Asset', '1', '0', '2017-05-30 20:30:46', '2017-05-30 20:30:46', 'a443b38b-d519-48ce-9433-8eb713c3f592'),
 ('82', 'Tag', '1', '0', '2017-05-30 20:43:57', '2017-05-30 20:43:57', 'bb618b4a-2463-4438-a51d-16a81067b136'),
 ('83', 'Tag', '1', '0', '2017-05-30 20:44:01', '2017-05-30 20:44:01', '22b6b66f-b50c-46c7-966a-408492670a3e'),
 ('84', 'Tag', '1', '0', '2017-05-30 20:44:05', '2017-05-30 20:44:05', '085ff56d-7573-4d04-80a6-de6ef385a1a7'),
 ('85', 'Tag', '1', '0', '2017-05-30 20:44:10', '2017-05-30 20:44:10', 'cfdc4cfa-ce8d-4422-b4f3-2145181b740d'),
 ('86', 'Tag', '1', '0', '2017-05-30 20:44:19', '2017-05-30 20:44:19', 'c938aa5d-cf40-41ba-bc35-a38c8f6c19ef'),
 ('87', 'Category', '1', '0', '2017-05-31 00:29:14', '2017-05-31 00:58:13', '0bc7769c-3f8c-493f-8f11-64958c91b225'),
 ('88', 'Category', '1', '0', '2017-05-31 00:29:21', '2017-05-31 00:58:45', 'a9652716-ce6f-4a9f-874d-57766510631e'),
 ('89', 'Category', '1', '0', '2017-05-31 00:29:33', '2017-05-31 00:59:00', '128269a0-752a-49b8-b67d-dfc56319a889'),
 ('90', 'Asset', '1', '0', '2017-05-31 00:49:34', '2017-05-31 00:56:57', '5bf05c79-0681-4fec-8db7-619814f43cb9'),
 ('91', 'Asset', '1', '0', '2017-05-31 00:56:57', '2017-05-31 00:56:57', 'ff0e90ff-57c1-441c-9213-5eea1f5122f6'),
 ('92', 'Asset', '1', '0', '2017-05-31 00:56:57', '2017-05-31 00:56:57', '4c24bb75-f5fb-4448-8d5d-2eec9d6b1dda'),
 ('93', 'Asset', '1', '0', '2017-05-31 00:56:57', '2017-05-31 00:56:57', 'f8277065-9f58-4e3f-9a88-3fd08dd3a3b0'),
 ('94', 'Asset', '1', '0', '2017-05-31 00:56:57', '2017-05-31 00:56:57', '959634d2-5c0a-416d-b4ad-3b9e47518e1f'),
 ('95', 'Asset', '1', '0', '2017-05-31 00:56:57', '2017-05-31 00:56:57', '0c224768-52cc-4f20-b81f-7def002eee7d'),
 ('96', 'Asset', '1', '0', '2017-05-31 02:45:25', '2017-05-31 02:45:25', 'df93d3d2-2112-4edb-bb89-762b31f92894'),
 ('97', 'Asset', '1', '0', '2017-05-31 02:47:05', '2017-05-31 02:47:05', '9b7e3179-7db4-430b-8d0c-2fdfc963a8b4'),
 ('98', 'Asset', '1', '0', '2017-05-31 02:49:32', '2017-05-31 02:49:32', '4a597470-5ee1-49dd-a06d-8dd056a00426'),
 ('99', 'Asset', '1', '0', '2017-05-31 02:49:57', '2017-05-31 02:49:57', '44e924fd-115a-415d-b293-f0394e9fe656'),
 ('100', 'Asset', '1', '0', '2017-05-31 02:53:32', '2017-05-31 02:53:32', '3e800066-8333-4c39-91cc-cffe829d5788'),
 ('101', 'Asset', '1', '0', '2017-05-31 02:56:58', '2017-05-31 02:56:58', '16b2101a-25d5-4954-9de4-a14495a96639');
INSERT INTO `brgsh_elements` (`id`, `type`, `enabled`, `archived`, `dateCreated`, `dateUpdated`, `uid`) VALUES
 ('102', 'Entry', '1', '0', '2017-05-31 02:57:01', '2017-05-31 02:57:01', '2bd15135-3bd7-4c0d-b351-f6ee85d9173c'),
 ('103', 'Asset', '1', '0', '2017-05-31 03:00:07', '2017-05-31 03:00:07', 'ad1a3f12-cc90-4c32-89fc-010b24a16b9a');



DROP TABLE IF EXISTS `brgsh_elements_i18n`;


--
-- Schema for table `brgsh_elements_i18n`
--
CREATE TABLE `brgsh_elements_i18n` (
  `id` int(11) NOT NULL AUTO_INCREMENT,
  `elementId` int(11) NOT NULL,
  `locale` char(12) COLLATE utf8_unicode_ci NOT NULL,
  `slug` varchar(255) COLLATE utf8_unicode_ci DEFAULT NULL,
  `uri` varchar(255) COLLATE utf8_unicode_ci DEFAULT NULL,
  `enabled` tinyint(1) unsigned NOT NULL DEFAULT '1',
  `dateCreated` datetime NOT NULL,
  `dateUpdated` datetime NOT NULL,
  `uid` char(36) COLLATE utf8_unicode_ci NOT NULL DEFAULT '0',
  PRIMARY KEY (`id`),
  UNIQUE KEY `brgsh_elements_i18n_elementId_locale_unq_idx` (`elementId`,`locale`),
  UNIQUE KEY `brgsh_elements_i18n_uri_locale_unq_idx` (`uri`,`locale`),
  KEY `brgsh_elements_i18n_slug_locale_idx` (`slug`,`locale`),
  KEY `brgsh_elements_i18n_enabled_idx` (`enabled`),
  KEY `brgsh_elements_i18n_locale_fk` (`locale`)
) ENGINE=InnoDB AUTO_INCREMENT=104 DEFAULT CHARSET=utf8 COLLATE=utf8_unicode_ci;

--
-- Data for table `brgsh_elements_i18n`
--

INSERT INTO `brgsh_elements_i18n` (`id`, `elementId`, `locale`, `slug`, `uri`, `enabled`, `dateCreated`, `dateUpdated`, `uid`) VALUES
 ('1', '1', 'ru_ru', '', NULL, '1', '2017-05-27 01:12:21', '2017-05-27 01:12:21', '3e07be60-39b3-49ce-bf9a-bb5c7a67f6d9'),
 ('2', '2', 'ru_ru', 'homepage', '__home__', '1', '2017-05-27 01:12:23', '2017-05-31 02:49:59', '0795eb5c-86de-4dd7-a0fa-55ed1a838f55'),
 ('4', '4', 'ru_ru', 'glavnaya', NULL, '1', '2017-05-28 16:07:54', '2017-05-28 23:40:39', 'a7e43b34-71e8-4b36-8698-b24e1f54fb89'),
 ('5', '5', 'ru_ru', 'menyu', NULL, '1', '2017-05-28 16:08:00', '2017-05-28 23:40:55', '3698cc90-c13e-4369-82a5-80503521bd93'),
 ('6', '6', 'ru_ru', 'fotogalereya', NULL, '1', '2017-05-28 16:08:15', '2017-05-28 23:41:11', 'c85ab3c6-f4f2-4c60-b1ed-d70f6dd6450d'),
 ('7', '7', 'ru_ru', 'kontakty', NULL, '1', '2017-05-28 16:08:35', '2017-05-28 23:41:21', 'e37c6c60-5583-43e0-9795-cd08ccd28e0c'),
 ('8', '8', 'ru_ru', 'otzyvy', NULL, '1', '2017-05-28 16:08:43', '2017-05-28 23:41:31', '61a9c7a4-7832-4903-b33f-589900adae61'),
 ('9', '9', 'ru_ru', 'osnovnoe-menyu', 'menu/osnovnoe-menyu', '1', '2017-05-28 16:10:53', '2017-05-31 00:49:40', 'fa85e07a-3a25-4272-b2b8-76af6572b726'),
 ('10', '10', 'ru_ru', 'shef-rekomenduet', 'menu/osnovnoe-menyu/shef-rekomenduet', '1', '2017-05-28 16:11:12', '2017-05-31 00:49:40', 'ca542b5e-90a8-45e7-94ec-05aee7efb23e'),
 ('11', '11', 'ru_ru', 'appetitnaya-italiya', 'menu/osnovnoe-menyu/appetitnaya-italiya', '1', '2017-05-28 16:11:34', '2017-05-31 00:57:11', '4070f2e0-5c7d-4a65-8acf-0d4143cd1d37'),
 ('12', '12', 'ru_ru', 'barnoe-menyu', 'menu/barnoe-menyu', '1', '2017-05-28 18:37:08', '2017-05-31 00:57:38', '8ced49e1-f4e7-4b35-9973-4d9a8ce09e4f'),
 ('13', '13', 'ru_ru', 'pivnaya-karta', 'menu/barnoe-menyu/pivnaya-karta', '1', '2017-05-28 18:37:22', '2017-05-31 00:57:48', '28f035d8-c71c-4c26-94e9-075501b66754'),
 ('14', '14', 'ru_ru', 'prazdnichnoe-pivo', 'menu/barnoe-menyu/prazdnichnoe-pivo', '1', '2017-05-28 18:37:33', '2017-05-28 18:37:34', 'd4ec2e8c-f6be-4ca3-afb7-778fc017af84'),
 ('15', '15', 'ru_ru', 'pivo-v-butylkah', 'menu/barnoe-menyu/pivo-v-butylkah', '1', '2017-05-28 18:37:47', '2017-05-28 18:37:47', '9188831b-8ae0-4d62-a00d-1bbc02f76cf6'),
 ('16', '16', 'ru_ru', 'igristye-vina', 'menu/barnoe-menyu/igristye-vina', '1', '2017-05-28 18:37:58', '2017-05-28 18:37:58', '07f3586b-9f83-4e27-adb7-f94ae487082d'),
 ('17', '17', 'ru_ru', 'belye-vina', 'menu/barnoe-menyu/belye-vina', '1', '2017-05-28 18:38:07', '2017-05-28 18:38:07', 'f8e436df-f49d-48ad-9691-07d150d55b2a'),
 ('18', '18', 'ru_ru', 'desertnoe-vino', 'menu/barnoe-menyu/desertnoe-vino', '1', '2017-05-28 18:38:17', '2017-05-28 18:38:17', '3b091223-bcfb-423e-89ce-8818d5b9696e'),
 ('19', '19', 'ru_ru', 'vino-po-bokalam', 'menu/barnoe-menyu/vino-po-bokalam', '1', '2017-05-28 18:38:28', '2017-05-28 18:38:28', '6927961d-346e-4317-a7b1-b4a5e313fee2'),
 ('20', '20', 'ru_ru', 'krasnye-vina', 'menu/barnoe-menyu/krasnye-vina', '1', '2017-05-28 18:38:40', '2017-05-31 00:57:56', '4f0e4dec-aa3b-437b-a3f8-a83253659083'),
 ('21', '21', 'ru_ru', 'rozovye-vina', 'menu/barnoe-menyu/rozovye-vina', '1', '2017-05-28 18:38:50', '2017-05-28 18:38:51', 'a173d167-6690-478c-b41a-953d3429cb11'),
 ('22', '22', 'ru_ru', 'koktejli', 'menu/barnoe-menyu/koktejli', '1', '2017-05-28 18:38:59', '2017-05-31 00:58:04', '9090b06a-4322-4ee7-b503-98adc3afa62a'),
 ('23', '23', 'ru_ru', 'vodka', 'menu/barnoe-menyu/vodka', '1', '2017-05-28 18:39:09', '2017-05-28 18:39:09', 'adf91f0b-cf53-406d-9fcf-395bad5a7e26'),
 ('24', '24', 'ru_ru', 'didzhestiv-domashnie-nastojki', 'menu/barnoe-menyu/didzhestiv-domashnie-nastojki', '1', '2017-05-28 18:39:22', '2017-05-28 18:39:22', '53930e90-874a-42b7-8cf1-834a5693f50b'),
 ('25', '25', 'ru_ru', 'viski-konyak', 'menu/barnoe-menyu/viski-konyak', '1', '2017-05-28 18:39:34', '2017-05-28 18:39:34', '5b2dbb98-c385-4ea4-9376-fb746178f9e5'),
 ('26', '26', 'ru_ru', 'tekila-rom', 'menu/barnoe-menyu/tekila-rom', '1', '2017-05-28 18:39:45', '2017-05-28 18:39:45', '0b5359ad-1d48-4518-b53a-39858e83e3cb'),
 ('27', '27', 'ru_ru', 'aperitivy', 'menu/barnoe-menyu/aperitivy', '1', '2017-05-28 18:40:14', '2017-05-28 18:40:14', '66972741-d9eb-4982-8529-787c5b84bb52'),
 ('28', '28', 'ru_ru', 'portvejn-dzhin-likery', 'menu/barnoe-menyu/portvejn-dzhin-likery', '1', '2017-05-28 18:40:31', '2017-05-28 18:40:31', '3859a9a7-0b20-4e02-bc02-3df7e9a84a8e'),
 ('29', '29', 'ru_ru', 'goryachie-napitki', 'menu/barnoe-menyu/goryachie-napitki', '1', '2017-05-28 18:40:45', '2017-05-28 18:40:45', '9b5cdb0d-c85d-472b-b045-77ce34ac77b7'),
 ('30', '30', 'ru_ru', 'prohladitelnye-napitki', 'menu/barnoe-menyu/prohladitelnye-napitki', '1', '2017-05-28 18:41:01', '2017-05-28 18:41:02', '1f648ff1-e404-4585-9455-2101f348ed7c'),
 ('31', '31', 'ru_ru', 'zakuski-k-pivu', 'menu/osnovnoe-menyu/zakuski-k-pivu', '1', '2017-05-28 18:42:50', '2017-05-31 00:57:19', '3868c11e-1259-4066-bbcf-a0ff21b27cf6'),
 ('32', '32', 'ru_ru', 'holodnye-zakuski', 'menu/osnovnoe-menyu/holodnye-zakuski', '1', '2017-05-28 18:43:40', '2017-05-31 00:57:29', '5f2b4ad1-313b-4fce-8fc0-f6754b011dcd'),
 ('33', '33', 'ru_ru', 'goryachie-zakuski', 'menu/osnovnoe-menyu/goryachie-zakuski', '1', '2017-05-28 18:43:50', '2017-05-28 18:43:50', 'ff9e0481-9348-4b36-a09c-c1490e189f08'),
 ('34', '34', 'ru_ru', 'salaty', 'menu/osnovnoe-menyu/salaty', '1', '2017-05-28 18:44:01', '2017-05-28 18:44:01', '40913bf6-9b10-4d1f-89d8-5a94d90c47e3'),
 ('35', '35', 'ru_ru', 'firmennye-blyuda-bergshtajna', 'menu/osnovnoe-menyu/firmennye-blyuda-bergshtajna', '1', '2017-05-28 18:44:12', '2017-05-28 18:44:12', '8d1385a1-0717-417a-89c6-280a2b619801'),
 ('36', '36', 'ru_ru', 'supy', 'menu/osnovnoe-menyu/supy', '1', '2017-05-28 18:44:22', '2017-05-28 18:44:22', '36f51121-5a88-4946-8f9f-1457cabbbc52'),
 ('37', '37', 'ru_ru', 'goryachie-rybnye-blyuda', 'menu/osnovnoe-menyu/goryachie-rybnye-blyuda', '1', '2017-05-28 18:44:32', '2017-05-28 18:44:32', 'b86aed16-827c-48a4-ab70-dad0b1a0bded'),
 ('38', '38', 'ru_ru', 'goryachie-myasnye-blyuda', 'menu/osnovnoe-menyu/goryachie-myasnye-blyuda', '1', '2017-05-28 18:44:42', '2017-05-28 18:44:42', '8e0f94c8-4f68-40ee-9dd9-8d1a190e8106'),
 ('39', '39', 'ru_ru', 'garniry', 'menu/osnovnoe-menyu/garniry', '1', '2017-05-28 18:44:54', '2017-05-28 18:44:54', '2ded578a-1a27-4086-b8f8-2ca22b00f7cb'),
 ('40', '40', 'ru_ru', 'deserty', 'menu/osnovnoe-menyu/deserty', '1', '2017-05-28 18:45:02', '2017-05-28 18:45:02', '703c36de-3d8d-4423-83f7-368d2ae1b0ef'),
 ('41', '41', 'ru_ru', 'solnechnye-zavtraki', 'menu/osnovnoe-menyu/solnechnye-zavtraki', '1', '2017-05-28 18:45:12', '2017-05-28 18:45:12', '4530f907-9c63-4cb3-b07c-ff04982f20f8'),
 ('42', '42', 'ru_ru', 'biznes-lanchi', 'menu/osnovnoe-menyu/biznes-lanchi', '1', '2017-05-28 18:45:22', '2017-05-28 18:45:22', 'e783f86c-46c5-49a5-a4db-f7a473e4d108'),
 ('43', '43', 'ru_ru', 'vee6161-2-3-tonemapped', NULL, '1', '2017-05-28 21:13:36', '2017-05-28 21:13:36', '3d4785fd-f353-4eed-b567-e7a933a39728'),
 ('44', '44', 'ru_ru', 'vee6460', NULL, '1', '2017-05-28 21:13:37', '2017-05-28 21:13:37', 'bbbefd58-c1bc-4d00-a93e-31804b151d7c'),
 ('45', '45', 'ru_ru', 'vee6676', NULL, '1', '2017-05-28 21:13:37', '2017-05-28 21:13:37', '84514672-ba02-496b-89a4-a68b30413d59'),
 ('46', '46', 'ru_ru', 'vee6804-5-6-tonemapped', NULL, '1', '2017-05-28 21:13:37', '2017-05-28 21:13:37', '97105bf4-e497-4b50-b162-aecaa081720f'),
 ('47', '47', 'ru_ru', 'vee6914-5-6-tonemapped', NULL, '1', '2017-05-28 21:13:37', '2017-05-28 21:13:37', '38cdea8a-8fef-4a52-8be6-e045baf76763'),
 ('48', '48', 'ru_ru', '1', NULL, '1', '2017-05-28 21:13:37', '2017-05-28 21:13:37', '02494c51-6b85-43c0-b570-c7e9dcb4109d'),
 ('49', '49', 'ru_ru', '3', NULL, '1', '2017-05-28 21:13:38', '2017-05-28 21:13:38', '00d9f661-187d-4ac5-8e5c-0137fe964aa2'),
 ('50', '50', 'ru_ru', '4', NULL, '1', '2017-05-28 21:13:38', '2017-05-28 21:13:38', 'bcd8989c-fd5c-4849-ad4a-8e32cef409a4'),
 ('51', '51', 'ru_ru', 'testovyj-slajd', NULL, '1', '2017-05-28 21:14:16', '2017-05-31 03:01:58', '94f4008b-0d24-47f6-95e8-46ac7307778d'),
 ('52', '52', 'ru_ru', '', NULL, '1', '2017-05-28 21:14:16', '2017-05-31 03:01:58', 'bb2696c9-8214-4fe5-ab07-43fea95c3fb9'),
 ('53', '53', 'ru_ru', '', NULL, '1', '2017-05-28 21:25:58', '2017-05-28 21:37:00', '9db8395f-4c80-457d-be43-e99ee0a71296'),
 ('54', '54', 'ru_ru', '', NULL, '1', '2017-05-28 21:26:17', '2017-05-29 11:11:55', '8231a7fc-e13b-4c4c-8708-4e8d911e967f'),
 ('55', '55', 'ru_ru', '', NULL, '1', '2017-05-28 21:26:32', '2017-05-29 11:12:24', '0edb4110-dd53-4cd8-88aa-58b9a65b6b32'),
 ('56', '56', 'ru_ru', '', NULL, '1', '2017-05-28 21:26:47', '2017-05-28 21:32:37', '64494ddf-f6b4-48e8-8723-fb9450de33f9'),
 ('57', '57', 'ru_ru', '', NULL, '1', '2017-05-28 21:28:01', '2017-05-28 21:36:39', 'e61c65f5-b05d-4e13-b98e-490889c03417'),
 ('58', '58', 'ru_ru', '', NULL, '1', '2017-05-28 21:28:37', '2017-05-28 21:37:18', '58db85cf-91eb-4b89-81eb-6b5bef78c553'),
 ('59', '59', 'ru_ru', 'my-otkrylis', NULL, '1', '2017-05-28 23:00:11', '2017-05-31 03:01:28', '10085444-964a-4bc0-83e4-d0aaf317be5f'),
 ('60', '60', 'ru_ru', '', NULL, '1', '2017-05-28 23:00:11', '2017-05-31 03:01:28', '58909850-642b-4382-a57a-836ea31ec3d4'),
 ('61', '61', 'ru_ru', 'novosti', NULL, '1', '2017-05-28 23:44:43', '2017-05-28 23:44:48', 'bc53dc49-bba4-404f-847a-4e52c11f8bc7'),
 ('62', '62', 'ru_ru', 'tasty-spotlight-cheese', NULL, '1', '2017-05-29 01:17:17', '2017-05-29 01:17:17', '9a0109b7-2200-461e-87c8-a561a0f18378'),
 ('63', '63', 'ru_ru', '', NULL, '1', '2017-05-29 01:21:41', '2017-05-31 02:49:59', 'f20bf64d-2b74-424f-8f9e-2ad2eceee1e9'),
 ('64', '64', 'ru_ru', '', NULL, '1', '2017-05-29 01:21:41', '2017-05-31 02:49:59', 'da29162c-001a-4e71-8658-bd80d549e6f6'),
 ('65', '65', 'ru_ru', '', NULL, '1', '2017-05-29 01:21:42', '2017-05-31 02:49:59', '7a9c6c03-92fc-4cce-96df-032270a245bf'),
 ('66', '66', 'ru_ru', '', NULL, '1', '2017-05-29 01:21:42', '2017-05-31 02:49:59', 'a5138fd6-91b8-41ca-91af-11d035caf163'),
 ('67', '67', 'ru_ru', 'kraftovoe-pivo-ot-pivovaren-jaws-knightberg-brew-dog-de-molen', 'news/2017/kraftovoe-pivo-ot-pivovaren-jaws-knightberg-brew-dog-de-molen', '1', '2017-05-29 01:40:46', '2017-05-31 03:00:10', '9b6771c9-194a-4665-b413-7df7f260dab4'),
 ('68', '68', 'ru_ru', 'novoe-menyu', 'news/2017/novoe-menyu', '1', '2017-05-29 01:41:02', '2017-05-31 02:55:00', 'da1710cf-ab4b-4379-9708-00a04079c4c4'),
 ('69', '69', 'ru_ru', 'special-1', NULL, '1', '2017-05-29 01:53:39', '2017-05-29 01:53:39', '5ca70a4f-d5e4-4fc8-a6fd-e730a51216b4'),
 ('70', '70', 'ru_ru', 'contact', 'contact', '1', '2017-05-29 23:56:22', '2017-05-30 15:21:16', 'd128f4de-1858-49f3-9187-609a2bc4bff9'),
 ('71', '71', 'ru_ru', 'reviews', 'reviews', '1', '2017-05-29 23:56:40', '2017-05-30 15:11:33', '400cb682-c77d-4330-96ef-2a6e0837c0e3'),
 ('72', '72', 'ru_ru', 'gallery', 'gallery', '1', '2017-05-29 23:56:56', '2017-05-30 20:31:02', '50cf9242-5bb6-4491-8d19-8788329dccb0'),
 ('73', '73', 'ru_ru', 'bg-image-12', NULL, '1', '2017-05-30 15:07:24', '2017-05-30 15:07:24', '46a4118b-1b83-46d1-b6e5-11b5d1abd222'),
 ('74', '74', 'ru_ru', 'vee6161-2-3-tonemapped', NULL, '1', '2017-05-30 20:30:43', '2017-05-30 20:30:43', '7851b00b-15a2-4b6d-b9ea-fbbe30858a06'),
 ('75', '75', 'ru_ru', 'vee6460', NULL, '1', '2017-05-30 20:30:44', '2017-05-30 20:30:44', '63388566-9b6b-4a5d-803b-34af62caaec1'),
 ('76', '76', 'ru_ru', 'vee6676', NULL, '1', '2017-05-30 20:30:44', '2017-05-30 20:30:44', '3e033326-a7c6-45e8-b6df-bfaeb7651810'),
 ('77', '77', 'ru_ru', 'vee6804-5-6-tonemapped', NULL, '1', '2017-05-30 20:30:45', '2017-05-30 20:30:45', '1fd494ca-8a54-4ffd-9073-bc6f037ae9c7'),
 ('78', '78', 'ru_ru', 'vee6914-5-6-tonemapped', NULL, '1', '2017-05-30 20:30:45', '2017-05-30 20:30:45', '5eec4bd7-06fc-4dff-ad5a-004113cbe9f4'),
 ('79', '79', 'ru_ru', '1', NULL, '1', '2017-05-30 20:30:45', '2017-05-30 20:30:45', '69ef822e-6d39-42d2-8172-62d23ce8235b'),
 ('80', '80', 'ru_ru', '3', NULL, '1', '2017-05-30 20:30:45', '2017-05-30 20:30:45', '5eb0feaa-6c6a-4d53-8e27-3ad8fba7d750'),
 ('81', '81', 'ru_ru', '4', NULL, '1', '2017-05-30 20:30:46', '2017-05-30 20:30:46', '69d420d1-a993-471b-aea6-8eb251678dd3'),
 ('82', '82', 'ru_ru', 'novinki', NULL, '1', '2017-05-30 20:43:57', '2017-05-30 20:43:57', '40d2e8e5-83b6-48f6-95a0-608ee28d2303'),
 ('83', '83', 'ru_ru', 'skidki', NULL, '1', '2017-05-30 20:44:01', '2017-05-30 20:44:01', '592d1210-4934-46c5-a9e4-7c74bda4665c'),
 ('84', '84', 'ru_ru', 'kupony', NULL, '1', '2017-05-30 20:44:05', '2017-05-30 20:44:05', '164f1b8e-bf12-4b8c-84fb-e893f741b8b2'),
 ('85', '85', 'ru_ru', 'transl', NULL, '1', '2017-05-30 20:44:10', '2017-05-30 20:44:10', 'acaa8dd2-ff03-420e-a549-4ee940a11546'),
 ('86', '86', 'ru_ru', 'translyacii', NULL, '1', '2017-05-30 20:44:19', '2017-05-30 20:44:19', '6a7f4a38-01b5-459e-905c-6af4dc83cbb0'),
 ('87', '87', 'ru_ru', 'picca', 'menu/picca', '1', '2017-05-31 00:29:14', '2017-05-31 00:58:13', 'ddf06e51-fe00-43ec-9968-536a93b8c2f3'),
 ('88', '88', 'ru_ru', 'sushi', 'menu/sushi', '1', '2017-05-31 00:29:21', '2017-05-31 00:58:45', '520e469f-3238-4c06-891f-45f0d340597b'),
 ('89', '89', 'ru_ru', 'kalyany', 'menu/kalyany', '1', '2017-05-31 00:29:33', '2017-05-31 00:59:00', '57190175-0171-4c06-830a-de7741da7ab6'),
 ('90', '90', 'ru_ru', 'food-1', NULL, '1', '2017-05-31 00:49:34', '2017-05-31 00:56:57', '347db7c8-e9b2-4167-996e-ce5666369674'),
 ('91', '91', 'ru_ru', 'food-2', NULL, '1', '2017-05-31 00:56:57', '2017-05-31 00:56:57', '6080f10c-d847-4b36-9df3-f838d0ccc277'),
 ('92', '92', 'ru_ru', 'food-3', NULL, '1', '2017-05-31 00:56:57', '2017-05-31 00:56:57', '9f13385f-259f-4e1a-8bb2-6db6031c23f0'),
 ('93', '93', 'ru_ru', 'food-4', NULL, '1', '2017-05-31 00:56:57', '2017-05-31 00:56:57', '0355eaae-2540-4861-98be-ade875aa4bb7'),
 ('94', '94', 'ru_ru', 'food-5', NULL, '1', '2017-05-31 00:56:57', '2017-05-31 00:56:57', '57025aa5-5792-466b-a16c-a1e84b498f2f'),
 ('95', '95', 'ru_ru', 'food-6', NULL, '1', '2017-05-31 00:56:57', '2017-05-31 00:56:57', '20f7fa82-7450-4f56-9d23-82d66a029cec'),
 ('96', '96', 'ru_ru', 'utleie', NULL, '1', '2017-05-31 02:45:25', '2017-05-31 02:45:25', '8707a57b-1b14-473b-95df-32327cb87163'),
 ('97', '97', 'ru_ru', 'beer-back', NULL, '1', '2017-05-31 02:47:05', '2017-05-31 02:47:05', 'b33c08bb-ea59-4e31-b077-a6322332fc44'),
 ('98', '98', 'ru_ru', 'woocommerce-coupon-tracking-addon', NULL, '1', '2017-05-31 02:49:32', '2017-05-31 02:49:32', '25cc0905-b339-4754-8c67-14d20f3e7c96'),
 ('99', '99', 'ru_ru', '162f8f90c9897b80d23fcdcfc4e4036a', NULL, '1', '2017-05-31 02:49:57', '2017-05-31 02:49:57', '284e5f76-ce71-449a-ad45-d87548348a30'),
 ('100', '100', 'ru_ru', 'crispy-duck-salad-green-beans-super-jumbo', NULL, '1', '2017-05-31 02:53:32', '2017-05-31 02:53:32', 'b12e61d4-0eea-4162-b49c-6fe4ec7b0a17'),
 ('101', '101', 'ru_ru', 'krab-kamchatca', NULL, '1', '2017-05-31 02:56:58', '2017-05-31 02:56:58', '1943617d-dc02-49ba-a15a-344ae26a494c');
INSERT INTO `brgsh_elements_i18n` (`id`, `elementId`, `locale`, `slug`, `uri`, `enabled`, `dateCreated`, `dateUpdated`, `uid`) VALUES
 ('102', '102', 'ru_ru', 'v-menyu-poyavilsya-kamchatskij-krab', 'news/2017/v-menyu-poyavilsya-kamchatskij-krab', '1', '2017-05-31 02:57:01', '2017-05-31 02:57:01', '773f8952-5dca-4e83-94bb-ef4860fa25ce'),
 ('103', '103', 'ru_ru', 'beer-1', NULL, '1', '2017-05-31 03:00:07', '2017-05-31 03:00:07', '861aa1e9-0548-4d23-bfb2-ce2fb675bf61');



DROP TABLE IF EXISTS `brgsh_emailmessages`;


--
-- Schema for table `brgsh_emailmessages`
--
CREATE TABLE `brgsh_emailmessages` (
  `id` int(11) NOT NULL AUTO_INCREMENT,
  `key` char(150) COLLATE utf8_unicode_ci NOT NULL,
  `locale` char(12) COLLATE utf8_unicode_ci NOT NULL,
  `subject` varchar(1000) COLLATE utf8_unicode_ci NOT NULL,
  `body` text COLLATE utf8_unicode_ci NOT NULL,
  `dateCreated` datetime NOT NULL,
  `dateUpdated` datetime NOT NULL,
  `uid` char(36) COLLATE utf8_unicode_ci NOT NULL DEFAULT '0',
  PRIMARY KEY (`id`),
  UNIQUE KEY `brgsh_emailmessages_key_locale_unq_idx` (`key`,`locale`),
  KEY `brgsh_emailmessages_locale_fk` (`locale`)
) ENGINE=InnoDB DEFAULT CHARSET=utf8 COLLATE=utf8_unicode_ci;

DROP TABLE IF EXISTS `brgsh_entries`;


--
-- Schema for table `brgsh_entries`
--
CREATE TABLE `brgsh_entries` (
  `id` int(11) NOT NULL,
  `sectionId` int(11) NOT NULL,
  `typeId` int(11) DEFAULT NULL,
  `authorId` int(11) DEFAULT NULL,
  `postDate` datetime DEFAULT NULL,
  `expiryDate` datetime DEFAULT NULL,
  `dateCreated` datetime NOT NULL,
  `dateUpdated` datetime NOT NULL,
  `uid` char(36) COLLATE utf8_unicode_ci NOT NULL DEFAULT '0',
  PRIMARY KEY (`id`),
  KEY `brgsh_entries_sectionId_idx` (`sectionId`),
  KEY `brgsh_entries_typeId_idx` (`typeId`),
  KEY `brgsh_entries_postDate_idx` (`postDate`),
  KEY `brgsh_entries_expiryDate_idx` (`expiryDate`),
  KEY `brgsh_entries_authorId_fk` (`authorId`)
) ENGINE=InnoDB DEFAULT CHARSET=utf8 COLLATE=utf8_unicode_ci;

--
-- Data for table `brgsh_entries`
--

INSERT INTO `brgsh_entries` (`id`, `sectionId`, `typeId`, `authorId`, `postDate`, `expiryDate`, `dateCreated`, `dateUpdated`, `uid`) VALUES
 ('2', '1', NULL, NULL, '2017-05-27 01:12:23', NULL, '2017-05-27 01:12:23', '2017-05-31 02:49:59', 'bbd576d9-41f5-459e-83f1-a431d358da24'),
 ('4', '4', '4', '1', '2017-05-28 16:07:00', NULL, '2017-05-28 16:07:54', '2017-05-28 23:40:39', '890f8a20-dd5f-4dbe-b35d-8146dc88f776'),
 ('5', '4', '4', '1', '2017-05-28 16:08:00', NULL, '2017-05-28 16:08:00', '2017-05-28 23:40:55', 'fd774423-6dac-480a-8034-1189b0be2b4d'),
 ('6', '4', '4', '1', '2017-05-28 16:08:00', NULL, '2017-05-28 16:08:15', '2017-05-28 23:41:11', '1da66651-cd6a-40b7-bef6-c06c7afedc35'),
 ('7', '4', '4', '1', '2017-05-28 16:08:00', NULL, '2017-05-28 16:08:35', '2017-05-28 23:41:21', 'e6e28ceb-ef32-4261-8297-fe5a01ea3000'),
 ('8', '4', '4', '1', '2017-05-28 16:08:00', NULL, '2017-05-28 16:08:43', '2017-05-28 23:41:31', '7e79ba25-8a8a-4146-b368-bb27a498e34d'),
 ('51', '5', '5', '1', '2017-05-28 21:14:00', NULL, '2017-05-28 21:14:16', '2017-05-31 03:01:58', '474a8975-eff1-4e8c-a7e9-ebcab8a60e54'),
 ('59', '5', '5', '1', '2017-05-28 21:14:00', NULL, '2017-05-28 23:00:11', '2017-05-31 03:01:28', '6f0ceee9-d150-40a2-afdf-441a522040be'),
 ('61', '4', '4', '1', '2017-05-28 23:44:43', NULL, '2017-05-28 23:44:43', '2017-05-28 23:44:43', '348cd063-be73-41ef-ad06-506759c699d2'),
 ('67', '2', '2', '1', '2017-05-29 01:40:00', NULL, '2017-05-29 01:40:46', '2017-05-31 03:00:10', 'e8997cc1-2f41-476f-9db9-bf11ff650bc8'),
 ('68', '2', '2', '1', '2017-05-29 01:41:00', NULL, '2017-05-29 01:41:02', '2017-05-31 02:55:00', '42d12095-bba4-4c57-b01d-7db13fb583d7'),
 ('70', '6', '6', NULL, '2017-05-30 00:25:19', NULL, '2017-05-29 23:56:22', '2017-05-30 15:21:16', 'f069e23e-5a0c-4cb9-adbd-1a73a1cddb9e'),
 ('71', '7', '7', NULL, '2017-05-30 00:25:33', NULL, '2017-05-29 23:56:40', '2017-05-30 15:11:33', 'c2ef5968-51fb-4f58-a9c3-b9c18bb4944c'),
 ('72', '8', '8', NULL, '2017-05-30 00:25:27', NULL, '2017-05-29 23:56:56', '2017-05-30 20:31:02', '71547762-7e78-46b8-ab55-87f11ac27ed0'),
 ('102', '2', '2', '1', '2017-05-31 02:57:01', NULL, '2017-05-31 02:57:01', '2017-05-31 02:57:01', '80158721-2a05-4a2b-b885-6aef99a4f410');



DROP TABLE IF EXISTS `brgsh_entrydrafts`;


--
-- Schema for table `brgsh_entrydrafts`
--
CREATE TABLE `brgsh_entrydrafts` (
  `id` int(11) NOT NULL AUTO_INCREMENT,
  `entryId` int(11) NOT NULL,
  `sectionId` int(11) NOT NULL,
  `creatorId` int(11) NOT NULL,
  `locale` char(12) COLLATE utf8_unicode_ci NOT NULL,
  `name` varchar(255) COLLATE utf8_unicode_ci NOT NULL,
  `notes` tinytext COLLATE utf8_unicode_ci,
  `data` mediumtext COLLATE utf8_unicode_ci NOT NULL,
  `dateCreated` datetime NOT NULL,
  `dateUpdated` datetime NOT NULL,
  `uid` char(36) COLLATE utf8_unicode_ci NOT NULL DEFAULT '0',
  PRIMARY KEY (`id`),
  KEY `brgsh_entrydrafts_entryId_locale_idx` (`entryId`,`locale`),
  KEY `brgsh_entrydrafts_sectionId_fk` (`sectionId`),
  KEY `brgsh_entrydrafts_creatorId_fk` (`creatorId`),
  KEY `brgsh_entrydrafts_locale_fk` (`locale`)
) ENGINE=InnoDB DEFAULT CHARSET=utf8 COLLATE=utf8_unicode_ci;

DROP TABLE IF EXISTS `brgsh_entrytypes`;


--
-- Schema for table `brgsh_entrytypes`
--
CREATE TABLE `brgsh_entrytypes` (
  `id` int(11) NOT NULL AUTO_INCREMENT,
  `sectionId` int(11) NOT NULL,
  `fieldLayoutId` int(11) DEFAULT NULL,
  `name` varchar(255) COLLATE utf8_unicode_ci NOT NULL,
  `handle` varchar(255) COLLATE utf8_unicode_ci NOT NULL,
  `hasTitleField` tinyint(1) unsigned NOT NULL DEFAULT '1',
  `titleLabel` varchar(255) COLLATE utf8_unicode_ci DEFAULT 'Title',
  `titleFormat` varchar(255) COLLATE utf8_unicode_ci DEFAULT NULL,
  `sortOrder` smallint(6) unsigned DEFAULT NULL,
  `dateCreated` datetime NOT NULL,
  `dateUpdated` datetime NOT NULL,
  `uid` char(36) COLLATE utf8_unicode_ci NOT NULL DEFAULT '0',
  PRIMARY KEY (`id`),
  UNIQUE KEY `brgsh_entrytypes_name_sectionId_unq_idx` (`name`,`sectionId`),
  UNIQUE KEY `brgsh_entrytypes_handle_sectionId_unq_idx` (`handle`,`sectionId`),
  KEY `brgsh_entrytypes_sectionId_fk` (`sectionId`),
  KEY `brgsh_entrytypes_fieldLayoutId_fk` (`fieldLayoutId`)
) ENGINE=InnoDB AUTO_INCREMENT=9 DEFAULT CHARSET=utf8 COLLATE=utf8_unicode_ci;

--
-- Data for table `brgsh_entrytypes`
--

INSERT INTO `brgsh_entrytypes` (`id`, `sectionId`, `fieldLayoutId`, `name`, `handle`, `hasTitleField`, `titleLabel`, `titleFormat`, `sortOrder`, `dateCreated`, `dateUpdated`, `uid`) VALUES
 ('1', '1', '35', 'Homepage', 'homepage', '1', 'Title', NULL, '1', '2017-05-27 01:12:23', '2017-05-29 01:11:50', 'ac1abb21-9265-4952-b8db-a9c32ea28a04'),
 ('2', '2', '37', 'News', 'news', '1', 'Название', NULL, '1', '2017-05-27 01:12:23', '2017-05-29 01:50:44', 'a6470508-4dd4-494e-a777-920b091f2348'),
 ('3', '3', '6', 'Меню', 'menu', '1', 'Название', NULL, '1', '2017-05-27 21:08:50', '2017-05-27 21:08:50', '666526b6-3aeb-4791-b145-5b633837200a'),
 ('4', '4', '33', 'Main Menu', 'mainMenu', '1', 'Название', NULL, '1', '2017-05-28 16:06:50', '2017-05-28 23:40:28', '04104424-2d97-4c00-a688-c4652c54382f'),
 ('5', '5', '19', 'Slider', 'slider', '1', 'Название', NULL, '1', '2017-05-28 20:27:40', '2017-05-28 21:10:41', '81eb54d8-47b6-481c-b2cd-8b41f3f3e694'),
 ('6', '6', '46', 'Контакты', 'contact', '1', '', NULL, '1', '2017-05-29 23:56:22', '2017-05-30 15:05:57', '2dd57cdc-b3a5-4a2e-9025-186f599974a8'),
 ('7', '7', '45', 'Отзывы', 'reviews', '1', '', NULL, '1', '2017-05-29 23:56:40', '2017-05-30 15:05:41', 'fffe78bf-fc23-4404-a2e7-07c5a21f300b'),
 ('8', '8', '48', 'Фотогалерея', 'gallery', '1', '', NULL, '1', '2017-05-29 23:56:56', '2017-05-30 20:29:51', 'accd7cff-e75f-4666-856a-1541df83d74a');



DROP TABLE IF EXISTS `brgsh_entryversions`;


--
-- Schema for table `brgsh_entryversions`
--
CREATE TABLE `brgsh_entryversions` (
  `id` int(11) NOT NULL AUTO_INCREMENT,
  `entryId` int(11) NOT NULL,
  `sectionId` int(11) NOT NULL,
  `creatorId` int(11) DEFAULT NULL,
  `locale` char(12) COLLATE utf8_unicode_ci NOT NULL,
  `num` smallint(6) unsigned NOT NULL,
  `notes` tinytext COLLATE utf8_unicode_ci,
  `data` mediumtext COLLATE utf8_unicode_ci NOT NULL,
  `dateCreated` datetime NOT NULL,
  `dateUpdated` datetime NOT NULL,
  `uid` char(36) COLLATE utf8_unicode_ci NOT NULL DEFAULT '0',
  PRIMARY KEY (`id`),
  KEY `brgsh_entryversions_entryId_locale_idx` (`entryId`,`locale`),
  KEY `brgsh_entryversions_sectionId_fk` (`sectionId`),
  KEY `brgsh_entryversions_creatorId_fk` (`creatorId`),
  KEY `brgsh_entryversions_locale_fk` (`locale`)
) ENGINE=InnoDB AUTO_INCREMENT=47 DEFAULT CHARSET=utf8 COLLATE=utf8_unicode_ci;

--
-- Data for table `brgsh_entryversions`
--

INSERT INTO `brgsh_entryversions` (`id`, `entryId`, `sectionId`, `creatorId`, `locale`, `num`, `notes`, `data`, `dateCreated`, `dateUpdated`, `uid`) VALUES
 ('1', '2', '1', '1', 'ru_ru', '1', NULL, '{\"typeId\":\"1\",\"authorId\":null,\"title\":\"Homepage\",\"slug\":\"homepage\",\"postDate\":1495847543,\"expiryDate\":null,\"enabled\":1,\"parentId\":null,\"fields\":[]}', '2017-05-27 01:12:23', '2017-05-27 01:12:23', '53eae75c-e9bd-420a-99e3-b33433f7f7b8'),
 ('2', '2', '1', '1', 'ru_ru', '2', NULL, '{\"typeId\":null,\"authorId\":null,\"title\":\"Welcome to Bergstein.bar!\",\"slug\":\"homepage\",\"postDate\":1495847543,\"expiryDate\":null,\"enabled\":\"1\",\"parentId\":null,\"fields\":{\"1\":\"<p>It\\u2019s true, this site doesn\\u2019t have a whole lot of content yet, but don\\u2019t worry. Our web developers have just installed the CMS, and they\\u2019re setting things up for the content editors this very moment. Soon Bergstein.bar will be an oasis of fresh perspectives, sharp analyses, and astute opinions that will keep you coming back again and again.<\\/p>\"}}', '2017-05-27 01:12:23', '2017-05-27 01:12:23', 'ffdeaf80-9ceb-4cea-bdb1-2e54e83b4606'),
 ('4', '4', '4', '1', 'ru_ru', '1', '', '{\"typeId\":null,\"authorId\":\"1\",\"title\":\"\\u0413\\u043b\\u0430\\u0432\\u043d\\u0430\\u044f\",\"slug\":\"glavnaya\",\"postDate\":1495987674,\"expiryDate\":null,\"enabled\":1,\"parentId\":\"\",\"fields\":[]}', '2017-05-28 16:07:54', '2017-05-28 16:07:54', 'dfb21a36-f252-43d2-a6da-322e5dc4c6be'),
 ('5', '5', '4', '1', 'ru_ru', '1', '', '{\"typeId\":null,\"authorId\":\"1\",\"title\":\"\\u041c\\u0435\\u043d\\u044e\",\"slug\":\"menyu\",\"postDate\":1495987680,\"expiryDate\":null,\"enabled\":1,\"parentId\":\"\",\"fields\":[]}', '2017-05-28 16:08:00', '2017-05-28 16:08:00', 'c784de2e-1f55-4789-ac8c-496dc744a1a9'),
 ('6', '6', '4', '1', 'ru_ru', '1', '', '{\"typeId\":null,\"authorId\":\"1\",\"title\":\"\\u0424\\u043e\\u0442\\u043e\\u0433\\u0430\\u043b\\u0435\\u0440\\u0435\\u044f\",\"slug\":\"fotogalereya\",\"postDate\":1495987695,\"expiryDate\":null,\"enabled\":1,\"parentId\":\"\",\"fields\":[]}', '2017-05-28 16:08:15', '2017-05-28 16:08:15', '99fb1372-eaed-4568-8487-89879bf4a266'),
 ('7', '7', '4', '1', 'ru_ru', '1', '', '{\"typeId\":null,\"authorId\":\"1\",\"title\":\"\\u041a\\u043e\\u043d\\u0442\\u0430\\u043a\\u0442\\u044b\",\"slug\":\"kontakty\",\"postDate\":1495987715,\"expiryDate\":null,\"enabled\":1,\"parentId\":\"\",\"fields\":[]}', '2017-05-28 16:08:35', '2017-05-28 16:08:35', '43b2441e-17c4-431e-af24-83308c768d8e'),
 ('8', '8', '4', '1', 'ru_ru', '1', '', '{\"typeId\":null,\"authorId\":\"1\",\"title\":\"\\u041e\\u0442\\u0437\\u044b\\u0432\\u044b\",\"slug\":\"otzyvy\",\"postDate\":1495987723,\"expiryDate\":null,\"enabled\":1,\"parentId\":\"\",\"fields\":[]}', '2017-05-28 16:08:43', '2017-05-28 16:08:43', '49cb6e9b-e8ec-4c4f-9e35-dcc202e6c6f4'),
 ('9', '51', '5', '1', 'ru_ru', '1', '', '{\"typeId\":null,\"authorId\":\"1\",\"title\":\"\\u0422\\u0435\\u0441\\u0442\\u043e\\u0432\\u044b\\u0439 \\u0441\\u043b\\u0430\\u0439\\u0434\",\"slug\":\"testovyj-slajd\",\"postDate\":1496006056,\"expiryDate\":null,\"enabled\":1,\"parentId\":null,\"fields\":{\"3\":[\"43\"],\"4\":\"\\u041e\\u043f\\u0438\\u0441\\u0430\\u043d\\u0438\\u0435 \\u0442\\u0435\\u0441\\u0442\\u043e\\u0432\\u043e\\u0433\\u043e \\u0441\\u043b\\u0430\\u0439\\u0434\\u0430\",\"5\":{\"new1\":{\"type\":\"sButton\",\"enabled\":\"1\",\"fields\":{\"sLink\":\"#\",\"sName\":\"\\u0421\\u0441\\u044b\\u043b\\u043a\\u0430\"}}}}}', '2017-05-28 21:14:16', '2017-05-28 21:14:16', '150f4533-25f8-43e9-ad1b-b98457c5ff91'),
 ('10', '59', '5', '1', 'ru_ru', '1', '', '{\"typeId\":null,\"authorId\":\"1\",\"title\":\"\\u0422\\u0435\\u0441\\u0442\\u043e\\u0432\\u044b\\u0439 \\u0441\\u043b\\u0430\\u0439\\u0434\",\"slug\":\"testovyj-slajd\",\"postDate\":1496006040,\"expiryDate\":null,\"enabled\":1,\"parentId\":null,\"fields\":{\"3\":[\"43\"],\"4\":\"\\u041e\\u043f\\u0438\\u0441\\u0430\\u043d\\u0438\\u0435 \\u0442\\u0435\\u0441\\u0442\\u043e\\u0432\\u043e\\u0433\\u043e \\u0441\\u043b\\u0430\\u0439\\u0434\\u0430\",\"5\":{\"52\":{\"type\":\"sButton\",\"enabled\":\"1\",\"fields\":{\"sLink\":\"#\",\"sName\":\"\\u0421\\u0441\\u044b\\u043b\\u043a\\u0430\"}}}}}', '2017-05-28 23:00:11', '2017-05-28 23:00:11', '7988b650-469b-4e2a-936a-f2e6a2e335e9'),
 ('11', '51', '5', '1', 'ru_ru', '2', '', '{\"typeId\":\"5\",\"authorId\":\"1\",\"title\":\"\\u0422\\u0435\\u0441\\u0442\\u043e\\u0432\\u044b\\u0439 \\u0441\\u043b\\u0430\\u0439\\u0434 2\",\"slug\":\"testovyj-slajd\",\"postDate\":1496006040,\"expiryDate\":null,\"enabled\":1,\"parentId\":null,\"fields\":{\"3\":[\"46\"],\"4\":\"\\u041e\\u043f\\u0438\\u0441\\u0430\\u043d\\u0438\\u0435 \\u0442\\u0435\\u0441\\u0442\\u043e\\u0432\\u043e\\u0433\\u043e \\u0441\\u043b\\u0430\\u0439\\u0434\\u04302\",\"5\":{\"52\":{\"type\":\"sButton\",\"enabled\":\"1\",\"fields\":{\"sLink\":\"#\",\"sName\":\"\\u0421\\u0441\\u044b\\u043b\\u043a\\u0430\"}}}}}', '2017-05-28 23:00:44', '2017-05-28 23:00:44', 'aa0c380d-0c5b-45f6-aca6-ab814d3a4f52'),
 ('12', '4', '4', '1', 'ru_ru', '2', '', '{\"typeId\":\"4\",\"authorId\":\"1\",\"title\":\"\\u0413\\u043b\\u0430\\u0432\\u043d\\u0430\\u044f\",\"slug\":\"glavnaya\",\"postDate\":1495987620,\"expiryDate\":null,\"enabled\":1,\"parentId\":\"\",\"fields\":{\"10\":\"\\/\"}}', '2017-05-28 23:40:39', '2017-05-28 23:40:39', '2a5f1c6e-d1a8-4d45-b918-c2b904459652'),
 ('13', '5', '4', '1', 'ru_ru', '2', '', '{\"typeId\":\"4\",\"authorId\":\"1\",\"title\":\"\\u041c\\u0435\\u043d\\u044e\",\"slug\":\"menyu\",\"postDate\":1495987680,\"expiryDate\":null,\"enabled\":1,\"parentId\":\"\",\"fields\":{\"10\":\"\\/menu\"}}', '2017-05-28 23:40:55', '2017-05-28 23:40:55', 'ad4a006f-50c5-4a18-809d-11e743c5e2f3'),
 ('14', '6', '4', '1', 'ru_ru', '2', '', '{\"typeId\":\"4\",\"authorId\":\"1\",\"title\":\"\\u0424\\u043e\\u0442\\u043e\\u0433\\u0430\\u043b\\u0435\\u0440\\u0435\\u044f\",\"slug\":\"fotogalereya\",\"postDate\":1495987680,\"expiryDate\":null,\"enabled\":1,\"parentId\":\"\",\"fields\":{\"10\":\"\\/gallery\"}}', '2017-05-28 23:41:11', '2017-05-28 23:41:11', 'a26d95ab-41ab-4e58-9dbe-d7f0accb31d4'),
 ('15', '7', '4', '1', 'ru_ru', '2', '', '{\"typeId\":\"4\",\"authorId\":\"1\",\"title\":\"\\u041a\\u043e\\u043d\\u0442\\u0430\\u043a\\u0442\\u044b\",\"slug\":\"kontakty\",\"postDate\":1495987680,\"expiryDate\":null,\"enabled\":1,\"parentId\":\"\",\"fields\":{\"10\":\"\\/contact\"}}', '2017-05-28 23:41:21', '2017-05-28 23:41:21', '9573b781-16bb-493a-9fd6-ed0eb9bec3dc'),
 ('16', '8', '4', '1', 'ru_ru', '2', '', '{\"typeId\":\"4\",\"authorId\":\"1\",\"title\":\"\\u041e\\u0442\\u0437\\u044b\\u0432\\u044b\",\"slug\":\"otzyvy\",\"postDate\":1495987680,\"expiryDate\":null,\"enabled\":1,\"parentId\":\"\",\"fields\":{\"10\":\"\\/reviews\"}}', '2017-05-28 23:41:31', '2017-05-28 23:41:31', '79f5dd73-faa7-4df1-937a-611e3982567c'),
 ('17', '61', '4', '1', 'ru_ru', '1', '', '{\"typeId\":null,\"authorId\":\"1\",\"title\":\"\\u041d\\u043e\\u0432\\u043e\\u0441\\u0442\\u0438\",\"slug\":\"novosti\",\"postDate\":1496015083,\"expiryDate\":null,\"enabled\":1,\"parentId\":\"\",\"fields\":{\"10\":\"\\/news\"}}', '2017-05-28 23:44:43', '2017-05-28 23:44:43', 'e66c807e-eb09-4b33-a676-1d62c02dcab8'),
 ('18', '2', '1', '1', 'ru_ru', '3', '', '{\"typeId\":null,\"authorId\":null,\"title\":\"Bergstein.bar\",\"slug\":\"homepage\",\"postDate\":1495847543,\"expiryDate\":null,\"enabled\":1,\"parentId\":null,\"fields\":{\"1\":\"<p>It\\u2019s true, this site doesn\\u2019t have a whole lot of content yet, but don\\u2019t worry. Our web developers have just installed the CMS, and they\\u2019re setting things up for the content editors this very moment. Soon Bergstein.bar will be an oasis of fresh perspectives, sharp analyses, and astute opinions that will keep you coming back again and again.<\\/p>\"}}', '2017-05-29 00:16:12', '2017-05-29 00:16:12', '7126ddea-e629-4ae4-bed5-cd947c8cab20'),
 ('19', '2', '1', '1', 'ru_ru', '4', '', '{\"typeId\":null,\"authorId\":null,\"title\":\"Bergstein.bar\",\"slug\":\"homepage\",\"postDate\":1495847543,\"expiryDate\":null,\"enabled\":1,\"parentId\":null,\"fields\":{\"1\":\"<p>It\\u2019s true, this site doesn\\u2019t have a whole lot of content yet, but don\\u2019t worry. Our web developers have just installed the CMS, and they\\u2019re setting things up for the content editors this very moment. Soon Bergstein.bar will be an oasis of fresh perspectives, sharp analyses, and astute opinions that will keep you coming back again and again.<\\/p>\",\"11\":{\"new1\":{\"type\":\"special\",\"enabled\":\"1\",\"fields\":{\"specialName\":\"\\u0411\\u0430\\u043d\\u043a\\u0435\\u0442\\u043d\\u043e\\u0435 \\u043c\\u0435\\u043d\\u044e\",\"image\":[\"62\"],\"description\":\"Pri lucilius appellantur ne, at mea accusam detraxit gloriatur, nec ex reque inimicus. Dicta probatus ne sea. Wisi fierent ut vel. Vis ea eros splendide.\",\"specialLink\":\"#\"}},\"new2\":{\"type\":\"special\",\"enabled\":\"1\",\"fields\":{\"specialName\":\"\\u041d\\u043e\\u0432\\u0438\\u043d\\u043a\\u0438 \\u043c\\u0435\\u043d\\u044e\",\"image\":[\"62\"],\"description\":\"Pri lucilius appellantur ne, at mea accusam detraxit gloriatur, nec ex reque inimicus. Dicta probatus ne sea. Wisi fierent ut vel. Vis ea eros splendide.\",\"specialLink\":\"#\"}},\"new3\":{\"type\":\"special\",\"enabled\":\"1\",\"fields\":{\"specialName\":\"\\u041f\\u043e\\u043b\\u0443\\u0447\\u0438 \\u0441\\u043a\\u0438\\u0434\\u043a\\u0443 40%\",\"image\":[\"62\"],\"description\":\"Pri lucilius appellantur ne, at mea accusam detraxit gloriatur, nec ex reque inimicus. Dicta probatus ne sea. Wisi fierent ut vel. Vis ea eros splendide.\",\"specialLink\":\"#\"}},\"new4\":{\"type\":\"special\",\"enabled\":\"1\",\"fields\":{\"specialName\":\"\\u0416\\u0438\\u0432\\u0430\\u044f \\u043c\\u0443\\u0437\\u044b\\u043a\\u0430\",\"image\":[\"62\"],\"description\":\"Pri lucilius appellantur ne, at mea accusam detraxit gloriatur, nec ex reque inimicus. Dicta probatus ne sea. Wisi fierent ut vel. Vis ea eros splendide.\",\"specialLink\":\"#\"}}}}}', '2017-05-29 01:21:42', '2017-05-29 01:21:42', '47516f28-e64e-45ba-a843-915b939246cb'),
 ('20', '67', '2', '1', 'ru_ru', '1', '', '{\"typeId\":null,\"authorId\":\"1\",\"title\":\"\\u041d\\u043e\\u0432\\u043e\\u0441\\u0442\\u044c\",\"slug\":\"novost\",\"postDate\":1496022046,\"expiryDate\":null,\"enabled\":1,\"parentId\":null,\"fields\":{\"1\":\"<p>Lorem ipsum dolor sit amet, te quo erant deleniti intellegat. Ad usu rebum platonem urbanitas, eam reque populo no. Eu usu homero necessitatibus, oportere referrentur sit no. Meis scripta qui at, usu ea nibh paulo iracundia. Ferri causae qualisque mea eu. Nonumy graeci qui eu.<\\/p>\\r\\n<p>Pri lucilius appellantur ne, at mea accusam detraxit gloriatur, nec ex reque inimicus. Dicta probatus ne sea. Wisi fierent ut vel. Vis ea eros splendide.<\\/p>\\r\\n<p>Duis utamur mei id. Pri causae lucilius id. Ei his vidit graeco. Eam id bonorum necessitatibus, duo fuisset consulatu ullamcorper ad. Sed ei dolorum fastidii reformidans, ea aperiam explicari moderatius eos. Ne eam vide prima.<\\/p>\\r\\n<p>Eos eu nibh augue. Quo ad euismod percipit oportere. Ne pro natum iisque platonem, vel ad mucius dolores recteque. Cu invenire constituto definitionem has, atqui vulputate sadipscing usu eu, aeque lucilius inimicus his id. Aliquip sententiae eloquentiam ad eos, vel iudico equidem reprimique ut.<\\/p>\\r\\n<p>Vel ut viris commodo contentiones. Ei qui causae erroribus deseruisse, no sed nobis discere civibus, cetero deleniti nam ea. Has unum suscipiantur ei. Per et mollis nostrum perpetua.<\\/p>\",\"2\":\"\"}}', '2017-05-29 01:40:46', '2017-05-29 01:40:46', '897c8d41-c2dd-4162-99df-edc01da58d2f'),
 ('21', '68', '2', '1', 'ru_ru', '1', '', '{\"typeId\":null,\"authorId\":\"1\",\"title\":\"\\u041d\\u043e\\u0432\\u043e\\u0441\\u0442\\u044c 2\",\"slug\":\"2\",\"postDate\":1496022062,\"expiryDate\":null,\"enabled\":1,\"parentId\":null,\"fields\":{\"1\":\"<p>Lorem ipsum dolor sit amet, te quo erant deleniti intellegat. Ad usu rebum platonem urbanitas, eam reque populo no. Eu usu homero necessitatibus, oportere referrentur sit no. Meis scripta qui at, usu ea nibh paulo iracundia. Ferri causae qualisque mea eu. Nonumy graeci qui eu.<\\/p>\\r\\n<p>Pri lucilius appellantur ne, at mea accusam detraxit gloriatur, nec ex reque inimicus. Dicta probatus ne sea. Wisi fierent ut vel. Vis ea eros splendide.<\\/p>\\r\\n<p>Duis utamur mei id. Pri causae lucilius id. Ei his vidit graeco. Eam id bonorum necessitatibus, duo fuisset consulatu ullamcorper ad. Sed ei dolorum fastidii reformidans, ea aperiam explicari moderatius eos. Ne eam vide prima.<\\/p>\\r\\n<p>Eos eu nibh augue. Quo ad euismod percipit oportere. Ne pro natum iisque platonem, vel ad mucius dolores recteque. Cu invenire constituto definitionem has, atqui vulputate sadipscing usu eu, aeque lucilius inimicus his id. Aliquip sententiae eloquentiam ad eos, vel iudico equidem reprimique ut.<\\/p>\\r\\n<p>Vel ut viris commodo contentiones. Ei qui causae erroribus deseruisse, no sed nobis discere civibus, cetero deleniti nam ea. Has unum suscipiantur ei. Per et mollis nostrum perpetua.<\\/p>\",\"2\":\"\"}}', '2017-05-29 01:41:02', '2017-05-29 01:41:02', 'a2fa5e5b-feb7-4a2e-8a29-c63a09806839'),
 ('22', '68', '2', '1', 'ru_ru', '2', '', '{\"typeId\":\"2\",\"authorId\":\"1\",\"title\":\"\\u041d\\u043e\\u0432\\u043e\\u0441\\u0442\\u044c 2\",\"slug\":\"2\",\"postDate\":1496022060,\"expiryDate\":null,\"enabled\":1,\"parentId\":null,\"fields\":{\"1\":\"<p>Lorem ipsum dolor sit amet, te quo erant deleniti intellegat. Ad usu rebum platonem urbanitas, eam reque populo no. Eu usu homero necessitatibus, oportere referrentur sit no. Meis scripta qui at, usu ea nibh paulo iracundia. Ferri causae qualisque mea eu. Nonumy graeci qui eu.<\\/p>\\r\\n<p>Pri lucilius appellantur ne, at mea accusam detraxit gloriatur, nec ex reque inimicus. Dicta probatus ne sea. Wisi fierent ut vel. Vis ea eros splendide.<\\/p>\\r\\n<p>Duis utamur mei id. Pri causae lucilius id. Ei his vidit graeco. Eam id bonorum necessitatibus, duo fuisset consulatu ullamcorper ad. Sed ei dolorum fastidii reformidans, ea aperiam explicari moderatius eos. Ne eam vide prima.<\\/p>\\r\\n<p>Eos eu nibh augue. Quo ad euismod percipit oportere. Ne pro natum iisque platonem, vel ad mucius dolores recteque. Cu invenire constituto definitionem has, atqui vulputate sadipscing usu eu, aeque lucilius inimicus his id. Aliquip sententiae eloquentiam ad eos, vel iudico equidem reprimique ut.<\\/p>\\r\\n<p>Vel ut viris commodo contentiones. Ei qui causae erroribus deseruisse, no sed nobis discere civibus, cetero deleniti nam ea. Has unum suscipiantur ei. Per et mollis nostrum perpetua.<\\/p>\",\"2\":\"\",\"16\":[\"69\"]}}', '2017-05-29 01:53:46', '2017-05-29 01:53:46', '60362eb4-2a2a-4918-b369-573c68e1313f'),
 ('23', '67', '2', '1', 'ru_ru', '2', '', '{\"typeId\":\"2\",\"authorId\":\"1\",\"title\":\"\\u041d\\u043e\\u0432\\u043e\\u0441\\u0442\\u044c\",\"slug\":\"novost\",\"postDate\":1496022000,\"expiryDate\":null,\"enabled\":1,\"parentId\":null,\"fields\":{\"1\":\"<p>Lorem ipsum dolor sit amet, te quo erant deleniti intellegat. Ad usu rebum platonem urbanitas, eam reque populo no. Eu usu homero necessitatibus, oportere referrentur sit no. Meis scripta qui at, usu ea nibh paulo iracundia. Ferri causae qualisque mea eu. Nonumy graeci qui eu.<\\/p>\\r\\n<p>Pri lucilius appellantur ne, at mea accusam detraxit gloriatur, nec ex reque inimicus. Dicta probatus ne sea. Wisi fierent ut vel. Vis ea eros splendide.<\\/p>\\r\\n<p>Duis utamur mei id. Pri causae lucilius id. Ei his vidit graeco. Eam id bonorum necessitatibus, duo fuisset consulatu ullamcorper ad. Sed ei dolorum fastidii reformidans, ea aperiam explicari moderatius eos. Ne eam vide prima.<\\/p>\\r\\n<p>Eos eu nibh augue. Quo ad euismod percipit oportere. Ne pro natum iisque platonem, vel ad mucius dolores recteque. Cu invenire constituto definitionem has, atqui vulputate sadipscing usu eu, aeque lucilius inimicus his id. Aliquip sententiae eloquentiam ad eos, vel iudico equidem reprimique ut.<\\/p>\\r\\n<p>Vel ut viris commodo contentiones. Ei qui causae erroribus deseruisse, no sed nobis discere civibus, cetero deleniti nam ea. Has unum suscipiantur ei. Per et mollis nostrum perpetua.<\\/p>\",\"2\":\"\",\"16\":[\"69\"]}}', '2017-05-29 01:53:54', '2017-05-29 01:53:54', 'a1121e6f-572d-49b3-a83c-ce8698e7d396'),
 ('24', '70', '6', '1', 'ru_ru', '1', NULL, '{\"typeId\":\"6\",\"authorId\":null,\"title\":\"Contact\",\"slug\":\"contact\",\"postDate\":1496102182,\"expiryDate\":null,\"enabled\":1,\"parentId\":null,\"fields\":[]}', '2017-05-29 23:56:22', '2017-05-29 23:56:22', 'b0afe3a8-4f50-4dd0-aaee-cb7ff2f0bbd2'),
 ('25', '71', '7', '1', 'ru_ru', '1', NULL, '{\"typeId\":\"7\",\"authorId\":null,\"title\":\"Reviews\",\"slug\":\"reviews\",\"postDate\":1496102200,\"expiryDate\":null,\"enabled\":1,\"parentId\":null,\"fields\":[]}', '2017-05-29 23:56:40', '2017-05-29 23:56:40', '828d4c1e-2b1a-440c-b3ba-1a3db340bb61'),
 ('26', '72', '8', '1', 'ru_ru', '1', NULL, '{\"typeId\":\"8\",\"authorId\":null,\"title\":\"Gallery\",\"slug\":\"gallery\",\"postDate\":1496102216,\"expiryDate\":null,\"enabled\":1,\"parentId\":null,\"fields\":[]}', '2017-05-29 23:56:56', '2017-05-29 23:56:56', '7e292a61-e28f-488d-845e-e601910876c5'),
 ('27', '71', '7', '1', 'ru_ru', '2', '', '{\"typeId\":\"7\",\"authorId\":null,\"title\":\"\\u041e\\u0442\\u0437\\u044b\\u0432\\u044b\",\"slug\":\"reviews\",\"postDate\":1496103933,\"expiryDate\":null,\"enabled\":1,\"parentId\":null,\"fields\":[]}', '2017-05-30 15:03:23', '2017-05-30 15:03:23', 'bccce700-6571-41e3-9193-27c4213f538f'),
 ('28', '72', '8', '1', 'ru_ru', '2', '', '{\"typeId\":\"8\",\"authorId\":null,\"title\":\"\\u0424\\u043e\\u0442\\u043e\\u0433\\u0430\\u043b\\u0435\\u0440\\u0435\\u044f\",\"slug\":\"gallery\",\"postDate\":1496103927,\"expiryDate\":null,\"enabled\":1,\"parentId\":null,\"fields\":{\"17\":\"\\u0424\\u043e\\u0442\\u043e\\u0433\\u0440\\u0430\\u0444\\u0438\\u0438 \\u0438\\u043d\\u0442\\u0435\\u0440\\u044c\\u0435\\u0440\\u0430 \\u0438 \\u043f\\u0440\\u043e\\u0448\\u0435\\u0434\\u0448\\u0438\\u0445 \\u043c\\u0435\\u0440\\u043e\\u043f\\u0440\\u0438\\u044f\\u0442\\u0438\\u0439\",\"18\":[\"73\"]}}', '2017-05-30 15:07:27', '2017-05-30 15:07:27', '4160ed4d-ade4-4b96-8a60-a8ff820d141d'),
 ('29', '71', '7', '1', 'ru_ru', '3', '', '{\"typeId\":\"7\",\"authorId\":null,\"title\":\"\\u041e\\u0442\\u0437\\u044b\\u0432\\u044b\",\"slug\":\"reviews\",\"postDate\":1496103933,\"expiryDate\":null,\"enabled\":1,\"parentId\":null,\"fields\":{\"17\":\"\\u041c\\u044b \\u0441\\u043e\\u0432\\u0435\\u0440\\u0448\\u0435\\u043d\\u0441\\u0442\\u0432\\u0443\\u0435\\u043c\\u0441\\u044f \\u0440\\u0430\\u0434\\u0438 \\u0412\\u0430\\u0441. \\u041f\\u043e\\u0436\\u0430\\u043b\\u0443\\u0439\\u0441\\u0442\\u0430 \\u043e\\u0441\\u0442\\u0430\\u0432\\u044c\\u0442\\u0435 \\u043e\\u0442\\u0437\\u044b\\u0432 \\u0441 \\u043f\\u0440\\u0435\\u0434\\u043b\\u043e\\u0436\\u0435\\u043d\\u0438\\u044f\\u043c\\u0438 \\u0438 \\u0437\\u0430\\u043c\\u0435\\u0447\\u0430\\u043d\\u0438\\u044f\\u043c\\u0438\",\"18\":[\"73\"]}}', '2017-05-30 15:11:33', '2017-05-30 15:11:33', '01352ed3-0681-497d-b730-6e93b9622c92'),
 ('30', '70', '6', '1', 'ru_ru', '2', '', '{\"typeId\":\"6\",\"authorId\":null,\"title\":\"\\u041a\\u043e\\u043d\\u0442\\u0430\\u043a\\u0442\\u044b\",\"slug\":\"contact\",\"postDate\":1496103919,\"expiryDate\":null,\"enabled\":1,\"parentId\":null,\"fields\":{\"17\":\"\\u0421\\u0432\\u044f\\u0436\\u0438\\u0442\\u0435\\u0441\\u044c \\u0441 \\u043d\\u0430\\u043c\\u0438, \\u0435\\u0441\\u043b\\u0438 \\u0443 \\u0432\\u0430\\u0441 \\u043e\\u0441\\u0442\\u0430\\u043b\\u0438\\u0441\\u044c \\u0432\\u043e\\u043f\\u0440\\u043e\\u0441\\u044b\",\"18\":[\"73\"]}}', '2017-05-30 15:21:16', '2017-05-30 15:21:16', 'b488b536-5122-43af-90f0-eee94940406d'),
 ('31', '72', '8', '1', 'ru_ru', '3', '', '{\"typeId\":\"8\",\"authorId\":null,\"title\":\"\\u0424\\u043e\\u0442\\u043e\\u0433\\u0430\\u043b\\u0435\\u0440\\u0435\\u044f\",\"slug\":\"gallery\",\"postDate\":1496103927,\"expiryDate\":null,\"enabled\":1,\"parentId\":null,\"fields\":{\"17\":\"\\u0424\\u043e\\u0442\\u043e\\u0433\\u0440\\u0430\\u0444\\u0438\\u0438 \\u0438\\u043d\\u0442\\u0435\\u0440\\u044c\\u0435\\u0440\\u0430 \\u0438 \\u043f\\u0440\\u043e\\u0448\\u0435\\u0434\\u0448\\u0438\\u0445 \\u043c\\u0435\\u0440\\u043e\\u043f\\u0440\\u0438\\u044f\\u0442\\u0438\\u0439\",\"18\":[\"73\"],\"19\":[\"79\",\"80\",\"81\",\"74\",\"75\",\"76\",\"77\",\"78\"]}}', '2017-05-30 20:31:02', '2017-05-30 20:31:02', '7359746d-a9bf-4dde-ac22-c08e14891b56'),
 ('32', '67', '2', '1', 'ru_ru', '3', '', '{\"typeId\":\"2\",\"authorId\":\"1\",\"title\":\"\\u041d\\u043e\\u0432\\u043e\\u0441\\u0442\\u044c\",\"slug\":\"novost\",\"postDate\":1496022000,\"expiryDate\":null,\"enabled\":1,\"parentId\":null,\"fields\":{\"1\":\"<p>Lorem ipsum dolor sit amet, te quo erant deleniti intellegat. Ad usu rebum platonem urbanitas, eam reque populo no. Eu usu homero necessitatibus, oportere referrentur sit no. Meis scripta qui at, usu ea nibh paulo iracundia. Ferri causae qualisque mea eu. Nonumy graeci qui eu.<\\/p>\\r\\n<p>Pri lucilius appellantur ne, at mea accusam detraxit gloriatur, nec ex reque inimicus. Dicta probatus ne sea. Wisi fierent ut vel. Vis ea eros splendide.<\\/p>\\r\\n<p>Duis utamur mei id. Pri causae lucilius id. Ei his vidit graeco. Eam id bonorum necessitatibus, duo fuisset consulatu ullamcorper ad. Sed ei dolorum fastidii reformidans, ea aperiam explicari moderatius eos. Ne eam vide prima.<\\/p>\\r\\n<p>Eos eu nibh augue. Quo ad euismod percipit oportere. Ne pro natum iisque platonem, vel ad mucius dolores recteque. Cu invenire constituto definitionem has, atqui vulputate sadipscing usu eu, aeque lucilius inimicus his id. Aliquip sententiae eloquentiam ad eos, vel iudico equidem reprimique ut.<\\/p>\\r\\n<p>Vel ut viris commodo contentiones. Ei qui causae erroribus deseruisse, no sed nobis discere civibus, cetero deleniti nam ea. Has unum suscipiantur ei. Per et mollis nostrum perpetua.<\\/p>\",\"2\":[\"82\",\"83\",\"84\",\"86\"],\"16\":[\"69\"]}}', '2017-05-30 20:44:22', '2017-05-30 20:44:22', '90ef6d12-9a7d-49d4-93bb-375efaca8127'),
 ('33', '68', '2', '1', 'ru_ru', '3', '', '{\"typeId\":\"2\",\"authorId\":\"1\",\"title\":\"\\u041d\\u043e\\u0432\\u043e\\u0441\\u0442\\u044c 2\",\"slug\":\"novost-2\",\"postDate\":1496022060,\"expiryDate\":null,\"enabled\":1,\"parentId\":null,\"fields\":{\"1\":\"<p>Lorem ipsum dolor sit amet, te quo erant deleniti intellegat. Ad usu rebum platonem urbanitas, eam reque populo no. Eu usu homero necessitatibus, oportere referrentur sit no. Meis scripta qui at, usu ea nibh paulo iracundia. Ferri causae qualisque mea eu. Nonumy graeci qui eu.<\\/p>\\r\\n<p>Pri lucilius appellantur ne, at mea accusam detraxit gloriatur, nec ex reque inimicus. Dicta probatus ne sea. Wisi fierent ut vel. Vis ea eros splendide.<\\/p>\\r\\n<p>Duis utamur mei id. Pri causae lucilius id. Ei his vidit graeco. Eam id bonorum necessitatibus, duo fuisset consulatu ullamcorper ad. Sed ei dolorum fastidii reformidans, ea aperiam explicari moderatius eos. Ne eam vide prima.<\\/p>\\r\\n<p>Eos eu nibh augue. Quo ad euismod percipit oportere. Ne pro natum iisque platonem, vel ad mucius dolores recteque. Cu invenire constituto definitionem has, atqui vulputate sadipscing usu eu, aeque lucilius inimicus his id. Aliquip sententiae eloquentiam ad eos, vel iudico equidem reprimique ut.<\\/p>\\r\\n<p>Vel ut viris commodo contentiones. Ei qui causae erroribus deseruisse, no sed nobis discere civibus, cetero deleniti nam ea. Has unum suscipiantur ei. Per et mollis nostrum perpetua.<\\/p>\",\"2\":\"\",\"16\":[\"69\"]}}', '2017-05-30 20:51:03', '2017-05-30 20:51:03', '55fa4be3-72d8-4065-ad65-a9e614876bf6'),
 ('34', '2', '1', '1', 'ru_ru', '5', '', '{\"typeId\":null,\"authorId\":null,\"title\":\"Bergstein.bar\",\"slug\":\"homepage\",\"postDate\":1495847543,\"expiryDate\":null,\"enabled\":1,\"parentId\":null,\"fields\":{\"1\":\"<p>\\u041e\\u0433\\u0440\\u043e\\u043c\\u043d\\u044b\\u0439 \\u0430\\u0441\\u0441\\u043e\\u0440\\u0442\\u0438\\u043c\\u0435\\u043d\\u0442 \\u043a\\u0440\\u0430\\u0444\\u0442\\u043e\\u0432\\u043e\\u0433\\u043e \\u043f\\u0438\\u0432\\u0430, \\u0440\\u0430\\u0437\\u043d\\u043e\\u043e\\u0431\\u0440\\u0430\\u0437\\u043d\\u0430\\u044f \\u043a\\u0443\\u0445\\u043d\\u044f \\u0438 \\u043f\\u0440\\u0438\\u044f\\u0442\\u043d\\u0430\\u044f \\u043c\\u0443\\u0437\\u044b\\u043a\\u0430 \\u0432 \\u0443\\u044e\\u0442\\u043d\\u043e\\u043c \\u0440\\u0435\\u0441\\u0442\\u043e\\u0440\\u0430\\u043d\\u0435 \\u0411\\u0435\\u0440\\u0433\\u0448\\u0442\\u0430\\u0439\\u043d. \\u0423&nbsp;\\u043d\\u0430\\u0441 \\u0432\\u044b \\u043c\\u043e\\u0436\\u0435\\u0442\\u0435 \\u043f\\u0440\\u043e\\u0432\\u0435\\u0441\\u0442\\u0438 \\u0431\\u0430\\u043d\\u043a\\u0435\\u0442 \\u0438\\u043b\\u0438 \\u043a\\u043e\\u0440\\u043f\\u043e\\u0440\\u0430\\u0442\\u0438\\u0432, \\u043f\\u043e\\u0441\\u043c\\u043e\\u0442\\u0440\\u0435\\u0442\\u044c \\u0441\\u043f\\u043e\\u0440\\u0442\\u0438\\u0432\\u043d\\u044b\\u0435 \\u0442\\u0440\\u0430\\u043d\\u0441\\u043b\\u044f\\u0446\\u0438\\u0438 \\u0438\\u043b\\u0438 \\u043f\\u043e\\u043a\\u0443\\u0440\\u0438\\u0442\\u044c \\u043a\\u0430\\u043b\\u044c\\u044f\\u043d. \\u0412&nbsp;\\u043c\\u0435\\u043d\\u044e \\u043f\\u0440\\u0435\\u0434\\u0441\\u0442\\u0430\\u0432\\u043b\\u0435\\u043d\\u044b \\u0438\\u0442\\u0430\\u043b\\u044c\\u044f\\u043d\\u0441\\u043a\\u0430\\u044f, \\u044f\\u043f\\u043e\\u043d\\u0441\\u043a\\u0430\\u044f \\u0438 \\u0442\\u0440\\u0430\\u0434\\u0438\\u0446\\u0438\\u043e\\u043d\\u043d\\u043e \\u0440\\u0443\\u0441\\u0441\\u043a\\u0430\\u044f \\u043a\\u0443\\u0445\\u043d\\u0438.<\\/p>\",\"11\":{\"63\":{\"type\":\"special\",\"enabled\":\"1\",\"fields\":{\"specialName\":\"\\u0411\\u0430\\u043d\\u043a\\u0435\\u0442\\u043d\\u043e\\u0435 \\u043c\\u0435\\u043d\\u044e\",\"image\":[\"62\"],\"description\":\"Pri lucilius appellantur ne, at mea accusam detraxit gloriatur, nec ex reque inimicus. Dicta probatus ne sea. Wisi fierent ut vel. Vis ea eros splendide.\",\"specialLink\":\"#\"}},\"64\":{\"type\":\"special\",\"enabled\":\"1\",\"fields\":{\"specialName\":\"\\u041d\\u043e\\u0432\\u0438\\u043d\\u043a\\u0438 \\u043c\\u0435\\u043d\\u044e\",\"image\":[\"62\"],\"description\":\"Pri lucilius appellantur ne, at mea accusam detraxit gloriatur, nec ex reque inimicus. Dicta probatus ne sea. Wisi fierent ut vel. Vis ea eros splendide.\",\"specialLink\":\"#\"}},\"65\":{\"type\":\"special\",\"enabled\":\"1\",\"fields\":{\"specialName\":\"\\u041f\\u043e\\u043b\\u0443\\u0447\\u0438 \\u0441\\u043a\\u0438\\u0434\\u043a\\u0443 40%\",\"image\":[\"62\"],\"description\":\"Pri lucilius appellantur ne, at mea accusam detraxit gloriatur, nec ex reque inimicus. Dicta probatus ne sea. Wisi fierent ut vel. Vis ea eros splendide.\",\"specialLink\":\"#\"}},\"66\":{\"type\":\"special\",\"enabled\":\"1\",\"fields\":{\"specialName\":\"\\u0416\\u0438\\u0432\\u0430\\u044f \\u043c\\u0443\\u0437\\u044b\\u043a\\u0430\",\"image\":[\"62\"],\"description\":\"Pri lucilius appellantur ne, at mea accusam detraxit gloriatur, nec ex reque inimicus. Dicta probatus ne sea. Wisi fierent ut vel. Vis ea eros splendide.\",\"specialLink\":\"#\"}}}}}', '2017-05-31 01:36:24', '2017-05-31 01:36:24', 'cded7f8d-1bb5-41f9-b347-496c0891d835'),
 ('35', '2', '1', '1', 'ru_ru', '6', '', '{\"typeId\":null,\"authorId\":null,\"title\":\"Bergstein.bar\",\"slug\":\"homepage\",\"postDate\":1495847543,\"expiryDate\":null,\"enabled\":1,\"parentId\":null,\"fields\":{\"1\":\"<p>\\u041e\\u0433\\u0440\\u043e\\u043c\\u043d\\u044b\\u0439 \\u0430\\u0441\\u0441\\u043e\\u0440\\u0442\\u0438\\u043c\\u0435\\u043d\\u0442 \\u043a\\u0440\\u0430\\u0444\\u0442\\u043e\\u0432\\u043e\\u0433\\u043e \\u043f\\u0438\\u0432\\u0430, \\u0440\\u0430\\u0437\\u043d\\u043e\\u043e\\u0431\\u0440\\u0430\\u0437\\u043d\\u0430\\u044f \\u043a\\u0443\\u0445\\u043d\\u044f \\u0438 \\u043f\\u0440\\u0438\\u044f\\u0442\\u043d\\u0430\\u044f \\u043c\\u0443\\u0437\\u044b\\u043a\\u0430 \\u0432 \\u0443\\u044e\\u0442\\u043d\\u043e\\u043c \\u0440\\u0435\\u0441\\u0442\\u043e\\u0440\\u0430\\u043d\\u0435 \\u0411\\u0435\\u0440\\u0433\\u0448\\u0442\\u0430\\u0439\\u043d. \\u0423&nbsp;\\u043d\\u0430\\u0441 \\u0432\\u044b \\u043c\\u043e\\u0436\\u0435\\u0442\\u0435 \\u043f\\u0440\\u043e\\u0432\\u0435\\u0441\\u0442\\u0438 \\u0431\\u0430\\u043d\\u043a\\u0435\\u0442 \\u0438\\u043b\\u0438 \\u043a\\u043e\\u0440\\u043f\\u043e\\u0440\\u0430\\u0442\\u0438\\u0432, \\u043f\\u043e\\u0441\\u043c\\u043e\\u0442\\u0440\\u0435\\u0442\\u044c \\u0441\\u043f\\u043e\\u0440\\u0442\\u0438\\u0432\\u043d\\u044b\\u0435 \\u0442\\u0440\\u0430\\u043d\\u0441\\u043b\\u044f\\u0446\\u0438\\u0438 \\u0438\\u043b\\u0438 \\u043f\\u043e\\u043a\\u0443\\u0440\\u0438\\u0442\\u044c \\u043a\\u0430\\u043b\\u044c\\u044f\\u043d. \\u0412&nbsp;\\u043c\\u0435\\u043d\\u044e \\u043f\\u0440\\u0435\\u0434\\u0441\\u0442\\u0430\\u0432\\u043b\\u0435\\u043d\\u044b \\u0438\\u0442\\u0430\\u043b\\u044c\\u044f\\u043d\\u0441\\u043a\\u0430\\u044f, \\u044f\\u043f\\u043e\\u043d\\u0441\\u043a\\u0430\\u044f \\u0438 \\u0442\\u0440\\u0430\\u0434\\u0438\\u0446\\u0438\\u043e\\u043d\\u043d\\u043e \\u0440\\u0443\\u0441\\u0441\\u043a\\u0430\\u044f \\u043a\\u0443\\u0445\\u043d\\u0438.<\\/p>\",\"11\":{\"63\":{\"type\":\"special\",\"enabled\":\"1\",\"fields\":{\"specialName\":\"\\u0411\\u0430\\u043d\\u043a\\u0435\\u0442\\u043d\\u043e\\u0435 \\u043c\\u0435\\u043d\\u044e\",\"image\":[\"96\"],\"description\":\"\\u041d\\u043e\\u0432\\u043e\\u0435 \\u0441\\u043f\\u0435\\u0446\\u0438\\u0430\\u043b\\u044c\\u043d\\u043e\\u0435 \\u043c\\u0435\\u043d\\u044e\",\"specialLink\":\"#\"}},\"64\":{\"type\":\"special\",\"enabled\":\"1\",\"fields\":{\"specialName\":\"\\u041d\\u043e\\u0432\\u0438\\u043d\\u043a\\u0438 \\u043c\\u0435\\u043d\\u044e\",\"image\":[\"62\"],\"description\":\"Pri lucilius appellantur ne, at mea accusam detraxit gloriatur, nec ex reque inimicus. Dicta probatus ne sea. Wisi fierent ut vel. Vis ea eros splendide.\",\"specialLink\":\"#\"}},\"65\":{\"type\":\"special\",\"enabled\":\"1\",\"fields\":{\"specialName\":\"\\u041f\\u043e\\u043b\\u0443\\u0447\\u0438 \\u0441\\u043a\\u0438\\u0434\\u043a\\u0443 40%\",\"image\":[\"62\"],\"description\":\"Pri lucilius appellantur ne, at mea accusam detraxit gloriatur, nec ex reque inimicus. Dicta probatus ne sea. Wisi fierent ut vel. Vis ea eros splendide.\",\"specialLink\":\"#\"}},\"66\":{\"type\":\"special\",\"enabled\":\"1\",\"fields\":{\"specialName\":\"\\u0416\\u0438\\u0432\\u0430\\u044f \\u043c\\u0443\\u0437\\u044b\\u043a\\u0430\",\"image\":[\"62\"],\"description\":\"Pri lucilius appellantur ne, at mea accusam detraxit gloriatur, nec ex reque inimicus. Dicta probatus ne sea. Wisi fierent ut vel. Vis ea eros splendide.\",\"specialLink\":\"#\"}}}}}', '2017-05-31 02:45:40', '2017-05-31 02:45:40', 'd60fede8-826a-4bfd-8983-244f5ce762b7'),
 ('36', '2', '1', '1', 'ru_ru', '7', '', '{\"typeId\":null,\"authorId\":null,\"title\":\"Bergstein.bar\",\"slug\":\"homepage\",\"postDate\":1495847543,\"expiryDate\":null,\"enabled\":1,\"parentId\":null,\"fields\":{\"1\":\"<p>\\u041e\\u0433\\u0440\\u043e\\u043c\\u043d\\u044b\\u0439 \\u0430\\u0441\\u0441\\u043e\\u0440\\u0442\\u0438\\u043c\\u0435\\u043d\\u0442 \\u043a\\u0440\\u0430\\u0444\\u0442\\u043e\\u0432\\u043e\\u0433\\u043e \\u043f\\u0438\\u0432\\u0430, \\u0440\\u0430\\u0437\\u043d\\u043e\\u043e\\u0431\\u0440\\u0430\\u0437\\u043d\\u0430\\u044f \\u043a\\u0443\\u0445\\u043d\\u044f \\u0438 \\u043f\\u0440\\u0438\\u044f\\u0442\\u043d\\u0430\\u044f \\u043c\\u0443\\u0437\\u044b\\u043a\\u0430 \\u0432 \\u0443\\u044e\\u0442\\u043d\\u043e\\u043c \\u0440\\u0435\\u0441\\u0442\\u043e\\u0440\\u0430\\u043d\\u0435 \\u0411\\u0435\\u0440\\u0433\\u0448\\u0442\\u0430\\u0439\\u043d. \\u0423&nbsp;\\u043d\\u0430\\u0441 \\u0432\\u044b \\u043c\\u043e\\u0436\\u0435\\u0442\\u0435 \\u043f\\u0440\\u043e\\u0432\\u0435\\u0441\\u0442\\u0438 \\u0431\\u0430\\u043d\\u043a\\u0435\\u0442 \\u0438\\u043b\\u0438 \\u043a\\u043e\\u0440\\u043f\\u043e\\u0440\\u0430\\u0442\\u0438\\u0432, \\u043f\\u043e\\u0441\\u043c\\u043e\\u0442\\u0440\\u0435\\u0442\\u044c \\u0441\\u043f\\u043e\\u0440\\u0442\\u0438\\u0432\\u043d\\u044b\\u0435 \\u0442\\u0440\\u0430\\u043d\\u0441\\u043b\\u044f\\u0446\\u0438\\u0438 \\u0438\\u043b\\u0438 \\u043f\\u043e\\u043a\\u0443\\u0440\\u0438\\u0442\\u044c \\u043a\\u0430\\u043b\\u044c\\u044f\\u043d. \\u0412&nbsp;\\u043c\\u0435\\u043d\\u044e \\u043f\\u0440\\u0435\\u0434\\u0441\\u0442\\u0430\\u0432\\u043b\\u0435\\u043d\\u044b \\u0438\\u0442\\u0430\\u043b\\u044c\\u044f\\u043d\\u0441\\u043a\\u0430\\u044f, \\u044f\\u043f\\u043e\\u043d\\u0441\\u043a\\u0430\\u044f \\u0438 \\u0442\\u0440\\u0430\\u0434\\u0438\\u0446\\u0438\\u043e\\u043d\\u043d\\u043e \\u0440\\u0443\\u0441\\u0441\\u043a\\u0430\\u044f \\u043a\\u0443\\u0445\\u043d\\u0438.<\\/p>\",\"11\":{\"63\":{\"type\":\"special\",\"enabled\":\"1\",\"fields\":{\"specialName\":\"\\u0411\\u0430\\u043d\\u043a\\u0435\\u0442\\u043d\\u043e\\u0435 \\u043c\\u0435\\u043d\\u044e\",\"image\":[\"96\"],\"description\":\"\\u041d\\u043e\\u0432\\u043e\\u0435 \\u0441\\u043f\\u0435\\u0446\\u0438\\u0430\\u043b\\u044c\\u043d\\u043e\\u0435 \\u043c\\u0435\\u043d\\u044e\",\"specialLink\":\"#\"}},\"64\":{\"type\":\"special\",\"enabled\":\"1\",\"fields\":{\"specialName\":\"\\u041f\\u0438\\u0432\\u043e \\u0432 \\u043f\\u043e\\u0434\\u0430\\u0440\\u043e\\u043a!\",\"image\":[\"97\"],\"description\":\"\\u041a\\u0430\\u0436\\u0434\\u044b\\u0435 \\u0432\\u0442\\u043e\\u0440\\u043d\\u0438\\u043a \\u0438 \\u0432\\u043e\\u0441\\u043a\\u0440\\u0435\\u0441\\u0435\\u043d\\u044c\\u0435 - \\u0432\\u0442\\u043e\\u0440\\u043e\\u0435 \\u0444\\u0438\\u0440\\u043c\\u0435\\u043d\\u043d\\u043e\\u0435 \\u043f\\u0438\\u0432\\u043e \\u0432 \\u043f\\u043e\\u0434\\u0430\\u0440\\u043e\\u043a!\",\"specialLink\":\"#\"}},\"65\":{\"type\":\"special\",\"enabled\":\"1\",\"fields\":{\"specialName\":\"\\u041f\\u043e\\u043b\\u0443\\u0447\\u0438 \\u0441\\u043a\\u0438\\u0434\\u043a\\u0443 40%\",\"image\":[\"62\"],\"description\":\"Pri lucilius appellantur ne, at mea accusam detraxit gloriatur, nec ex reque inimicus. Dicta probatus ne sea. Wisi fierent ut vel. Vis ea eros splendide.\",\"specialLink\":\"#\"}},\"66\":{\"type\":\"special\",\"enabled\":\"1\",\"fields\":{\"specialName\":\"\\u0416\\u0438\\u0432\\u0430\\u044f \\u043c\\u0443\\u0437\\u044b\\u043a\\u0430\",\"image\":[\"62\"],\"description\":\"Pri lucilius appellantur ne, at mea accusam detraxit gloriatur, nec ex reque inimicus. Dicta probatus ne sea. Wisi fierent ut vel. Vis ea eros splendide.\",\"specialLink\":\"#\"}}}}}', '2017-05-31 02:47:08', '2017-05-31 02:47:08', '86ac6ab5-ddd8-4a5f-8a47-fe193ebbe185'),
 ('37', '2', '1', '1', 'ru_ru', '8', '', '{\"typeId\":null,\"authorId\":null,\"title\":\"Bergstein.bar\",\"slug\":\"homepage\",\"postDate\":1495847543,\"expiryDate\":null,\"enabled\":1,\"parentId\":null,\"fields\":{\"1\":\"<p>\\u041e\\u0433\\u0440\\u043e\\u043c\\u043d\\u044b\\u0439 \\u0430\\u0441\\u0441\\u043e\\u0440\\u0442\\u0438\\u043c\\u0435\\u043d\\u0442 \\u043a\\u0440\\u0430\\u0444\\u0442\\u043e\\u0432\\u043e\\u0433\\u043e \\u043f\\u0438\\u0432\\u0430, \\u0440\\u0430\\u0437\\u043d\\u043e\\u043e\\u0431\\u0440\\u0430\\u0437\\u043d\\u0430\\u044f \\u043a\\u0443\\u0445\\u043d\\u044f \\u0438 \\u043f\\u0440\\u0438\\u044f\\u0442\\u043d\\u0430\\u044f \\u043c\\u0443\\u0437\\u044b\\u043a\\u0430 \\u0432 \\u0443\\u044e\\u0442\\u043d\\u043e\\u043c \\u0440\\u0435\\u0441\\u0442\\u043e\\u0440\\u0430\\u043d\\u0435 \\u0411\\u0435\\u0440\\u0433\\u0448\\u0442\\u0430\\u0439\\u043d. \\u0423&nbsp;\\u043d\\u0430\\u0441 \\u0432\\u044b \\u043c\\u043e\\u0436\\u0435\\u0442\\u0435 \\u043f\\u0440\\u043e\\u0432\\u0435\\u0441\\u0442\\u0438 \\u0431\\u0430\\u043d\\u043a\\u0435\\u0442 \\u0438\\u043b\\u0438 \\u043a\\u043e\\u0440\\u043f\\u043e\\u0440\\u0430\\u0442\\u0438\\u0432, \\u043f\\u043e\\u0441\\u043c\\u043e\\u0442\\u0440\\u0435\\u0442\\u044c \\u0441\\u043f\\u043e\\u0440\\u0442\\u0438\\u0432\\u043d\\u044b\\u0435 \\u0442\\u0440\\u0430\\u043d\\u0441\\u043b\\u044f\\u0446\\u0438\\u0438 \\u0438\\u043b\\u0438 \\u043f\\u043e\\u043a\\u0443\\u0440\\u0438\\u0442\\u044c \\u043a\\u0430\\u043b\\u044c\\u044f\\u043d. \\u0412&nbsp;\\u043c\\u0435\\u043d\\u044e \\u043f\\u0440\\u0435\\u0434\\u0441\\u0442\\u0430\\u0432\\u043b\\u0435\\u043d\\u044b \\u0438\\u0442\\u0430\\u043b\\u044c\\u044f\\u043d\\u0441\\u043a\\u0430\\u044f, \\u044f\\u043f\\u043e\\u043d\\u0441\\u043a\\u0430\\u044f \\u0438 \\u0442\\u0440\\u0430\\u0434\\u0438\\u0446\\u0438\\u043e\\u043d\\u043d\\u043e \\u0440\\u0443\\u0441\\u0441\\u043a\\u0430\\u044f \\u043a\\u0443\\u0445\\u043d\\u0438.<\\/p>\",\"11\":{\"63\":{\"type\":\"special\",\"enabled\":\"1\",\"fields\":{\"specialName\":\"\\u0411\\u0430\\u043d\\u043a\\u0435\\u0442\\u043d\\u043e\\u0435 \\u043c\\u0435\\u043d\\u044e\",\"image\":[\"96\"],\"description\":\"\\u041d\\u043e\\u0432\\u043e\\u0435 \\u0441\\u043f\\u0435\\u0446\\u0438\\u0430\\u043b\\u044c\\u043d\\u043e\\u0435 \\u043c\\u0435\\u043d\\u044e\",\"specialLink\":\"#\"}},\"64\":{\"type\":\"special\",\"enabled\":\"1\",\"fields\":{\"specialName\":\"\\u041f\\u0438\\u0432\\u043e \\u0432 \\u043f\\u043e\\u0434\\u0430\\u0440\\u043e\\u043a!\",\"image\":[\"97\"],\"description\":\"\\u041a\\u0430\\u0436\\u0434\\u044b\\u0435 \\u0432\\u0442\\u043e\\u0440\\u043d\\u0438\\u043a \\u0438 \\u0432\\u043e\\u0441\\u043a\\u0440\\u0435\\u0441\\u0435\\u043d\\u044c\\u0435 - \\u0432\\u0442\\u043e\\u0440\\u043e\\u0435 \\u0444\\u0438\\u0440\\u043c\\u0435\\u043d\\u043d\\u043e\\u0435 \\u043f\\u0438\\u0432\\u043e \\u0432 \\u043f\\u043e\\u0434\\u0430\\u0440\\u043e\\u043a!\",\"specialLink\":\"#\"}},\"65\":{\"type\":\"special\",\"enabled\":\"1\",\"fields\":{\"specialName\":\"\\u041f\\u043e\\u043b\\u0443\\u0447\\u0438 \\u0441\\u043a\\u0438\\u0434\\u043a\\u0443 40%\",\"image\":[\"98\"],\"description\":\"\\u0420\\u0430\\u0441\\u043f\\u0435\\u0447\\u0430\\u0442\\u0430\\u0439 \\u043a\\u0443\\u043f\\u043e\\u043d \\u0438 \\u043f\\u043e\\u043b\\u0443\\u0447\\u0438 \\u0441\\u043a\\u0438\\u0434\\u043a\\u0443!\",\"specialLink\":\"#\"}},\"66\":{\"type\":\"special\",\"enabled\":\"1\",\"fields\":{\"specialName\":\"\\u0421\\u043a\\u0438\\u0434\\u043a\\u0430 15%\",\"image\":[\"99\"],\"description\":\"\\u0421\\u043a\\u0438\\u0434\\u043a\\u0430 \\u0434\\u0435\\u0439\\u0441\\u0442\\u0432\\u0443\\u0435\\u0442 2 \\u0434\\u043d\\u044f \\u0434\\u043e \\u0438 2 \\u0434\\u043d\\u044f \\u043f\\u043e\\u0441\\u043b\\u0435 \\u0434\\u0430\\u0442\\u044b \\u0440\\u043e\\u0436\\u0434\\u0435\\u043d\\u0438\\u044f!\",\"specialLink\":\"#\"}}}}}', '2017-05-31 02:49:59', '2017-05-31 02:49:59', '8f0031a8-cf3d-4037-8830-33eb2476bfc9'),
 ('38', '68', '2', '1', 'ru_ru', '4', '', '{\"typeId\":\"2\",\"authorId\":\"1\",\"title\":\"\\u041d\\u043e\\u0432\\u043e\\u0435 \\u043c\\u0435\\u043d\\u044e\",\"slug\":\"novost-2\",\"postDate\":1496022060,\"expiryDate\":null,\"enabled\":1,\"parentId\":null,\"fields\":{\"1\":\"<p>\\u041d\\u043e\\u0432\\u043e\\u0435 \\u043b\\u0435\\u0442\\u043d\\u0435\\u0435 \\u043c\\u0435\\u043d\\u044e.&nbsp;\\u0427\\u0438\\u0437\\u0431\\u0443\\u0440\\u0433\\u0435\\u0440 \\u0441 \\u043e\\u043b\\u0435\\u043d\\u0438\\u043d\\u043e\\u0439, \\u0430\\u0441\\u0441\\u043e\\u0440\\u0442\\u0438 \\u0438\\u0437 \\u0432\\u044f\\u043b\\u0435\\u043d\\u043e\\u0433\\u043e \\u043c\\u044f\\u0441\\u0430 \\u043e\\u043b\\u0435\\u043d\\u044f, \\u0443\\u0442\\u0438\\u043d\\u0430\\u044f \\u0433\\u0440\\u0443\\u0434\\u043a\\u0430 \\u043f\\u043e - \\u0448\\u0432\\u0435\\u0439\\u0446\\u0430\\u0440\\u0441\\u043a\\u0438, \\u0442\\u0440\\u0438 \\u043d\\u043e\\u0432\\u044b\\u0445 \\u0441\\u0430\\u043b\\u0430\\u0442\\u0430 \\u0441 \\u0442\\u0435\\u043b\\u044f\\u0442\\u0438\\u043d\\u043e\\u0439, \\u0443\\u0442\\u043a\\u043e\\u0439, \\u0441\\u044b\\u0440\\u043e\\u043c \\u0434\\u043e\\u0440-\\u0431\\u043b\\u044e \\u0438 \\u043f\\u0438\\u043a\\u0430\\u043d\\u0442\\u043d\\u043e\\u0435 \\u043c\\u044f\\u0441\\u043e \\u043d\\u0430 \\u0441\\u043a\\u043e\\u0432\\u043e\\u0440\\u043e\\u0434\\u0435 \\u043f\\u043e-\\u0442\\u0430\\u0451\\u0436\\u043d\\u043e\\u043c\\u0443. \\u0413\\u0438\\u043d\\u043d\\u0435\\u0441\\u0441 0,5 \\u0437\\u0430 296 \\u0440\\u0443\\u0431\\u043b\\u0435\\u0439 \\u043a\\u0430\\u0436\\u0434\\u044b\\u0439 \\u0447\\u0435\\u0442\\u0432\\u0435\\u0440\\u0433 \\u0438 \\u0432\\u043e\\u0441\\u043a\\u0440\\u0435\\u0441\\u0435\\u043d\\u044c\\u0435 \\u0432 \\u0440\\u0435\\u0441\\u0442\\u043e\\u0440\\u0430\\u043d\\u0435 \\u0411\\u0435\\u0440\\u0433\\u0448\\u0442\\u0430\\u0439\\u043d.<\\/p>\\r\\n\",\"2\":\"\",\"16\":[\"100\"]}}', '2017-05-31 02:53:34', '2017-05-31 02:53:34', '6424e98a-640a-40a1-adae-5e81a2bd2da0'),
 ('39', '67', '2', '1', 'ru_ru', '4', '', '{\"typeId\":\"2\",\"authorId\":\"1\",\"title\":\"\\u041a\\u0440\\u0430\\u0444\\u0442\\u043e\\u0432\\u043e\\u0435 \\u043f\\u0438\\u0432\\u043e \\u043e\\u0442 \\u043f\\u0438\\u0432\\u043e\\u0432\\u0430\\u0440\\u0435\\u043d Jaws, Knightberg, Brew Dog, De Molen\",\"slug\":\"kraftovoe-pivo-ot-pivovaren-jaws-knightberg-brew-dog-de-molen\",\"postDate\":1496022000,\"expiryDate\":null,\"enabled\":1,\"parentId\":null,\"fields\":{\"1\":\"<p>\\u041a\\u0440\\u0430\\u0444\\u0442\\u043e\\u0432\\u043e\\u0435 - \\u0420\\u0435\\u043c\\u0435\\u0441\\u043b\\u0435\\u043d\\u043d\\u043e\\u0435 \\u043f\\u0438\\u0432\\u043e\\u0432\\u0430\\u0440\\u0435\\u043d\\u0438\\u0435 &mdash; \\u044d\\u0442\\u043e \\u043f\\u0440\\u043e\\u0446\\u0435\\u0441\\u0441 \\u043f\\u0440\\u043e\\u0438\\u0437\\u0432\\u043e\\u0434\\u0441\\u0442\\u0432\\u0430 \\u043f\\u0438\\u0432\\u0430 \\u043d\\u0435\\u0431\\u043e\\u043b\\u044c\\u0448\\u0438\\u043c\\u0438, \\u043d\\u0435\\u0437\\u0430\\u0432\\u0438\\u0441\\u0438\\u043c\\u044b\\u043c\\u0438 \\u043e\\u0440\\u0433\\u0430\\u043d\\u0438\\u0437\\u0430\\u0446\\u0438\\u044f\\u043c\\u0438, \\u043a\\u043e\\u0442\\u043e\\u0440\\u044b\\u0435 \\u043f\\u0440\\u0438\\u0434\\u0435\\u0440\\u0436\\u0438\\u0432\\u0430\\u044e\\u0442\\u0441\\u044f \\u0442\\u0440\\u0430\\u0434\\u0438\\u0446\\u0438\\u043e\\u043d\\u043d\\u044b\\u0445 \\u0440\\u0435\\u0446\\u0435\\u043f\\u0442\\u043e\\u0432. \\u0414\\u0430\\u043d\\u043d\\u044b\\u0439 \\u0442\\u0435\\u0440\\u043c\\u0438\\u043d \\u043f\\u0440\\u0438\\u0448\\u0451\\u043b \\u0438\\u0437 \\u0421\\u0428\\u0410, \\u0430\\u043d\\u0433\\u043b\\u0438\\u0439\\u0441\\u043a\\u043e\\u0435 \\u0441\\u043b\\u043e\\u0432\\u043e \\u0430\\u043d\\u0433\\u043b. craft \\u043e\\u0437\\u043d\\u0430\\u0447\\u0430\\u0435\\u0442 \\u0440\\u0435\\u043c\\u0435\\u0441\\u043b\\u043e, \\u043f\\u0440\\u043e\\u0444\\u0435\\u0441\\u0441\\u0438\\u044f, \\u043f\\u043e\\u044d\\u0442\\u043e\\u043c\\u0443 \\u0434\\u043e\\u0441\\u043b\\u043e\\u0432\\u043d\\u043e \\u0430\\u043d\\u0433\\u043b. craft brewer \\u043c\\u043e\\u0436\\u043d\\u043e \\u043f\\u0435\\u0440\\u0435\\u0432\\u0435\\u0441\\u0442\\u0438 \\u043a\\u0430\\u043a \\u0440\\u0435\\u043c\\u0435\\u0441\\u043b\\u0435\\u043d\\u043d\\u044b\\u0439 \\u043f\\u0438\\u0432\\u043e\\u0432\\u0430\\u0440. \\u041a\\u0440\\u0430\\u0444\\u0442\\u043e\\u0432\\u044b\\u0435 \\u043f\\u0438\\u0432\\u043e\\u0432\\u0430\\u0440\\u044b - \\u043d\\u0435\\u0431\\u043e\\u043b\\u044c\\u0448\\u0438\\u0435 \\u043d\\u0435\\u0437\\u0430\\u0432\\u0438\\u0441\\u0438\\u043c\\u044b\\u0435 \\u043f\\u0440\\u043e\\u0438\\u0437\\u0432\\u043e\\u0434\\u0438\\u0442\\u0435\\u043b\\u0438, \\u043a\\u043e\\u0442\\u043e\\u0440\\u044b\\u0435 \\u0432\\u0430\\u0440\\u044f\\u0442 \\u043a\\u0430\\u0447\\u0435\\u0441\\u0442\\u0432\\u0435\\u043d\\u043d\\u043e\\u0435 \\u043f\\u0438\\u0432\\u043e \\u0441 \\u043d\\u0430\\u0441\\u044b\\u0449\\u0435\\u043d\\u043d\\u044b\\u043c \\u0432\\u043a\\u0443\\u0441\\u043e\\u043c \\u0438 \\u043f\\u043e\\u0441\\u0442\\u043e\\u044f\\u043d\\u043d\\u043e \\u044d\\u043a\\u0441\\u043f\\u0435\\u0440\\u0435\\u043c\\u0435\\u043d\\u0442\\u0438\\u0440\\u0443\\u044e\\u0442 \\u043a\\u043e\\u043c\\u0431\\u0438\\u043d\\u0438\\u0440\\u0443\\u044f \\u0441\\u0442\\u0438\\u043b\\u0438 \\u0438 \\u0438\\u043d\\u0433\\u0440\\u0435\\u0434\\u0438\\u0435\\u043d\\u0442\\u044b \\u0441\\u043e \\u0432\\u0441\\u0435\\u0433\\u043e \\u043c\\u0438\\u0440\\u0430 \\u0432 \\u0441\\u0432\\u043e\\u0435\\u0439 \\u043f\\u0440\\u043e\\u0434\\u0443\\u043a\\u0446\\u0438\\u0438.<\\/p>\",\"2\":[\"82\",\"83\",\"84\",\"86\"],\"16\":[\"69\"]}}', '2017-05-31 02:54:53', '2017-05-31 02:54:53', 'e1b91e82-b1bc-4d64-a55b-0d0bb5c61722'),
 ('40', '68', '2', '1', 'ru_ru', '5', '', '{\"typeId\":\"2\",\"authorId\":\"1\",\"title\":\"\\u041d\\u043e\\u0432\\u043e\\u0435 \\u043c\\u0435\\u043d\\u044e\",\"slug\":\"novoe-menyu\",\"postDate\":1496022060,\"expiryDate\":null,\"enabled\":1,\"parentId\":null,\"fields\":{\"1\":\"<p>\\u041d\\u043e\\u0432\\u043e\\u0435 \\u043b\\u0435\\u0442\\u043d\\u0435\\u0435 \\u043c\\u0435\\u043d\\u044e.&nbsp;\\u0427\\u0438\\u0437\\u0431\\u0443\\u0440\\u0433\\u0435\\u0440 \\u0441 \\u043e\\u043b\\u0435\\u043d\\u0438\\u043d\\u043e\\u0439, \\u0430\\u0441\\u0441\\u043e\\u0440\\u0442\\u0438 \\u0438\\u0437 \\u0432\\u044f\\u043b\\u0435\\u043d\\u043e\\u0433\\u043e \\u043c\\u044f\\u0441\\u0430 \\u043e\\u043b\\u0435\\u043d\\u044f, \\u0443\\u0442\\u0438\\u043d\\u0430\\u044f \\u0433\\u0440\\u0443\\u0434\\u043a\\u0430 \\u043f\\u043e - \\u0448\\u0432\\u0435\\u0439\\u0446\\u0430\\u0440\\u0441\\u043a\\u0438, \\u0442\\u0440\\u0438 \\u043d\\u043e\\u0432\\u044b\\u0445 \\u0441\\u0430\\u043b\\u0430\\u0442\\u0430 \\u0441 \\u0442\\u0435\\u043b\\u044f\\u0442\\u0438\\u043d\\u043e\\u0439, \\u0443\\u0442\\u043a\\u043e\\u0439, \\u0441\\u044b\\u0440\\u043e\\u043c \\u0434\\u043e\\u0440-\\u0431\\u043b\\u044e \\u0438 \\u043f\\u0438\\u043a\\u0430\\u043d\\u0442\\u043d\\u043e\\u0435 \\u043c\\u044f\\u0441\\u043e \\u043d\\u0430 \\u0441\\u043a\\u043e\\u0432\\u043e\\u0440\\u043e\\u0434\\u0435 \\u043f\\u043e-\\u0442\\u0430\\u0451\\u0436\\u043d\\u043e\\u043c\\u0443. \\u0413\\u0438\\u043d\\u043d\\u0435\\u0441\\u0441 0,5 \\u0437\\u0430 296 \\u0440\\u0443\\u0431\\u043b\\u0435\\u0439 \\u043a\\u0430\\u0436\\u0434\\u044b\\u0439 \\u0447\\u0435\\u0442\\u0432\\u0435\\u0440\\u0433 \\u0438 \\u0432\\u043e\\u0441\\u043a\\u0440\\u0435\\u0441\\u0435\\u043d\\u044c\\u0435 \\u0432 \\u0440\\u0435\\u0441\\u0442\\u043e\\u0440\\u0430\\u043d\\u0435 \\u0411\\u0435\\u0440\\u0433\\u0448\\u0442\\u0430\\u0439\\u043d.<\\/p>\",\"2\":\"\",\"16\":[\"100\"]}}', '2017-05-31 02:55:00', '2017-05-31 02:55:00', '5100d02e-5b7d-41e6-b9fc-14acf355d558'),
 ('41', '102', '2', '1', 'ru_ru', '1', '', '{\"typeId\":null,\"authorId\":\"1\",\"title\":\"\\u0412 \\u043c\\u0435\\u043d\\u044e \\u043f\\u043e\\u044f\\u0432\\u0438\\u043b\\u0441\\u044f \\u043a\\u0430\\u043c\\u0447\\u0430\\u0442\\u0441\\u043a\\u0438\\u0439 \\u043a\\u0440\\u0430\\u0431\",\"slug\":\"v-menyu-poyavilsya-kamchatskij-krab\",\"postDate\":1496199421,\"expiryDate\":null,\"enabled\":1,\"parentId\":null,\"fields\":{\"1\":\"<p>\\u041d\\u0430 \\u0432\\u044b\\u0431\\u043e\\u0440 \\u043a\\u043b\\u0435\\u0448\\u043d\\u0438, \\u043f\\u043b\\u0435\\u0447\\u043e \\u0438 \\u043a\\u0443\\u043b\\u0430\\u043a\\u0438! \\u0425\\u0438\\u043c\\u0438\\u0447\\u0435\\u0441\\u043a\\u0438\\u0439 \\u0441\\u043e\\u0441\\u0442\\u0430\\u0432 \\u043a\\u0440\\u0430\\u0431\\u0430 \\u043a\\u0430\\u043c\\u0447\\u0430\\u0442\\u0441\\u043a\\u043e\\u0433\\u043e \\u0441\\u043e\\u0434\\u0435\\u0440\\u0436\\u0438\\u0442 \\u0432\\u0438\\u0442\\u0430\\u043c\\u0438\\u043d\\u044b \\u0433\\u0440\\u0443\\u043f\\u043f\\u044b \\u0410, \\u0412, \\u0421, \\u0430 \\u0442\\u0430\\u043a\\u0436\\u0435 \\u0420\\u0420. \\u041f\\u043e\\u043c\\u0438\\u043c\\u043e \\u0442\\u043e\\u0433\\u043e, \\u043a\\u0440\\u0430\\u0431 \\u043a\\u0430\\u043c\\u0447\\u0430\\u0442\\u0441\\u043a\\u0438\\u0439 \\u043e\\u0431\\u043e\\u0433\\u0430\\u0449\\u0435\\u043d \\u0437\\u043d\\u0430\\u0447\\u0438\\u0442\\u0435\\u043b\\u044c\\u043d\\u044b\\u043c \\u043a\\u043e\\u043b\\u0438\\u0447\\u0435\\u0441\\u0442\\u0432\\u043e\\u043c \\u0446\\u0438\\u043d\\u043a\\u0430, \\u0441\\u0435\\u043b\\u0435\\u043d\\u0430, \\u043a\\u0430\\u043b\\u0438\\u044f, \\u043c\\u0430\\u0433\\u043d\\u0438\\u044f, \\u043a\\u0430\\u043b\\u044c\\u0446\\u0438\\u044f, \\u0436\\u0435\\u043b\\u0435\\u0437\\u0430, \\u0430 \\u0442\\u0430\\u043a\\u0436\\u0435 \\u0444\\u043e\\u0441\\u0444\\u043e\\u0440\\u0430 \\u0438 \\u043d\\u0430\\u0442\\u0440\\u0438\\u044f.<\\/p>\",\"2\":\"\",\"16\":[\"101\"]}}', '2017-05-31 02:57:01', '2017-05-31 02:57:01', '1812d11b-79f7-49c7-a1ca-6a2f65807794'),
 ('42', '67', '2', '1', 'ru_ru', '5', '', '{\"typeId\":\"2\",\"authorId\":\"1\",\"title\":\"\\u041a\\u0440\\u0430\\u0444\\u0442\\u043e\\u0432\\u043e\\u0435 \\u043f\\u0438\\u0432\\u043e \\u043e\\u0442 \\u043f\\u0438\\u0432\\u043e\\u0432\\u0430\\u0440\\u0435\\u043d Jaws, Knightberg, Brew Dog, De Molen\",\"slug\":\"kraftovoe-pivo-ot-pivovaren-jaws-knightberg-brew-dog-de-molen\",\"postDate\":1496022000,\"expiryDate\":null,\"enabled\":1,\"parentId\":null,\"fields\":{\"1\":\"<p>\\u041a\\u0440\\u0430\\u0444\\u0442\\u043e\\u0432\\u043e\\u0435 - \\u0420\\u0435\\u043c\\u0435\\u0441\\u043b\\u0435\\u043d\\u043d\\u043e\\u0435 \\u043f\\u0438\\u0432\\u043e\\u0432\\u0430\\u0440\\u0435\\u043d\\u0438\\u0435 &mdash; \\u044d\\u0442\\u043e \\u043f\\u0440\\u043e\\u0446\\u0435\\u0441\\u0441 \\u043f\\u0440\\u043e\\u0438\\u0437\\u0432\\u043e\\u0434\\u0441\\u0442\\u0432\\u0430 \\u043f\\u0438\\u0432\\u0430 \\u043d\\u0435\\u0431\\u043e\\u043b\\u044c\\u0448\\u0438\\u043c\\u0438, \\u043d\\u0435\\u0437\\u0430\\u0432\\u0438\\u0441\\u0438\\u043c\\u044b\\u043c\\u0438 \\u043e\\u0440\\u0433\\u0430\\u043d\\u0438\\u0437\\u0430\\u0446\\u0438\\u044f\\u043c\\u0438, \\u043a\\u043e\\u0442\\u043e\\u0440\\u044b\\u0435 \\u043f\\u0440\\u0438\\u0434\\u0435\\u0440\\u0436\\u0438\\u0432\\u0430\\u044e\\u0442\\u0441\\u044f \\u0442\\u0440\\u0430\\u0434\\u0438\\u0446\\u0438\\u043e\\u043d\\u043d\\u044b\\u0445 \\u0440\\u0435\\u0446\\u0435\\u043f\\u0442\\u043e\\u0432. \\u0414\\u0430\\u043d\\u043d\\u044b\\u0439 \\u0442\\u0435\\u0440\\u043c\\u0438\\u043d \\u043f\\u0440\\u0438\\u0448\\u0451\\u043b \\u0438\\u0437 \\u0421\\u0428\\u0410, \\u0430\\u043d\\u0433\\u043b\\u0438\\u0439\\u0441\\u043a\\u043e\\u0435 \\u0441\\u043b\\u043e\\u0432\\u043e \\u0430\\u043d\\u0433\\u043b. craft \\u043e\\u0437\\u043d\\u0430\\u0447\\u0430\\u0435\\u0442 \\u0440\\u0435\\u043c\\u0435\\u0441\\u043b\\u043e, \\u043f\\u0440\\u043e\\u0444\\u0435\\u0441\\u0441\\u0438\\u044f, \\u043f\\u043e\\u044d\\u0442\\u043e\\u043c\\u0443 \\u0434\\u043e\\u0441\\u043b\\u043e\\u0432\\u043d\\u043e \\u0430\\u043d\\u0433\\u043b. craft brewer \\u043c\\u043e\\u0436\\u043d\\u043e \\u043f\\u0435\\u0440\\u0435\\u0432\\u0435\\u0441\\u0442\\u0438 \\u043a\\u0430\\u043a \\u0440\\u0435\\u043c\\u0435\\u0441\\u043b\\u0435\\u043d\\u043d\\u044b\\u0439 \\u043f\\u0438\\u0432\\u043e\\u0432\\u0430\\u0440. \\u041a\\u0440\\u0430\\u0444\\u0442\\u043e\\u0432\\u044b\\u0435 \\u043f\\u0438\\u0432\\u043e\\u0432\\u0430\\u0440\\u044b - \\u043d\\u0435\\u0431\\u043e\\u043b\\u044c\\u0448\\u0438\\u0435 \\u043d\\u0435\\u0437\\u0430\\u0432\\u0438\\u0441\\u0438\\u043c\\u044b\\u0435 \\u043f\\u0440\\u043e\\u0438\\u0437\\u0432\\u043e\\u0434\\u0438\\u0442\\u0435\\u043b\\u0438, \\u043a\\u043e\\u0442\\u043e\\u0440\\u044b\\u0435 \\u0432\\u0430\\u0440\\u044f\\u0442 \\u043a\\u0430\\u0447\\u0435\\u0441\\u0442\\u0432\\u0435\\u043d\\u043d\\u043e\\u0435 \\u043f\\u0438\\u0432\\u043e \\u0441 \\u043d\\u0430\\u0441\\u044b\\u0449\\u0435\\u043d\\u043d\\u044b\\u043c \\u0432\\u043a\\u0443\\u0441\\u043e\\u043c \\u0438 \\u043f\\u043e\\u0441\\u0442\\u043e\\u044f\\u043d\\u043d\\u043e \\u044d\\u043a\\u0441\\u043f\\u0435\\u0440\\u0435\\u043c\\u0435\\u043d\\u0442\\u0438\\u0440\\u0443\\u044e\\u0442 \\u043a\\u043e\\u043c\\u0431\\u0438\\u043d\\u0438\\u0440\\u0443\\u044f \\u0441\\u0442\\u0438\\u043b\\u0438 \\u0438 \\u0438\\u043d\\u0433\\u0440\\u0435\\u0434\\u0438\\u0435\\u043d\\u0442\\u044b \\u0441\\u043e \\u0432\\u0441\\u0435\\u0433\\u043e \\u043c\\u0438\\u0440\\u0430 \\u0432 \\u0441\\u0432\\u043e\\u0435\\u0439 \\u043f\\u0440\\u043e\\u0434\\u0443\\u043a\\u0446\\u0438\\u0438.<\\/p>\",\"2\":[\"82\",\"83\",\"84\",\"86\"],\"16\":[\"103\"]}}', '2017-05-31 03:00:10', '2017-05-31 03:00:10', '5215fd0d-44fc-476e-b4a3-728401390f93'),
 ('43', '59', '5', '1', 'ru_ru', '2', '', '{\"typeId\":\"5\",\"authorId\":\"1\",\"title\":\"\\u041c\\u044b \\u043e\\u0442\\u043a\\u0440\\u044b\\u043b\\u0438\\u0441\\u044c!\",\"slug\":\"testovyj-slajd\",\"postDate\":1496006040,\"expiryDate\":null,\"enabled\":1,\"parentId\":null,\"fields\":{\"3\":[\"43\"],\"4\":\"\\u041e\\u0437\\u043d\\u0430\\u043a\\u043e\\u043c\\u044c\\u0442\\u0435\\u0441\\u044c \\u0441 \\u043d\\u043e\\u0432\\u044b\\u043c\",\"5\":{\"60\":{\"type\":\"sButton\",\"enabled\":\"1\",\"fields\":{\"sLink\":\"\\/menu\",\"sName\":\"\\u041c\\u0435\\u043d\\u044e\"}}}}}', '2017-05-31 03:01:01', '2017-05-31 03:01:01', '33ca446a-67a5-4234-9983-f55b9b177fa1'),
 ('44', '59', '5', '1', 'ru_ru', '3', '', '{\"typeId\":\"5\",\"authorId\":\"1\",\"title\":\"\\u041c\\u044b \\u043e\\u0442\\u043a\\u0440\\u044b\\u043b\\u0438\\u0441\\u044c!\",\"slug\":\"testovyj-slajd\",\"postDate\":1496006040,\"expiryDate\":null,\"enabled\":1,\"parentId\":null,\"fields\":{\"3\":[\"43\"],\"4\":\"\\u041e\\u0437\\u043d\\u0430\\u043a\\u043e\\u043c\\u044c\\u0442\\u0435\\u0441\\u044c \\u0441 \\u043d\\u043e\\u0432\\u044b\\u043c \\u043c\\u0435\\u043d\\u044e\",\"5\":{\"60\":{\"type\":\"sButton\",\"enabled\":\"1\",\"fields\":{\"sLink\":\"\\/menu\",\"sName\":\"\\u041f\\u0435\\u0440\\u0435\\u0439\\u0442\\u0438\"}}}}}', '2017-05-31 03:01:25', '2017-05-31 03:01:25', 'e8c67827-bb3e-4b7d-b3cd-124609880ba8'),
 ('45', '59', '5', '1', 'ru_ru', '4', '', '{\"typeId\":\"5\",\"authorId\":\"1\",\"title\":\"\\u041c\\u044b \\u043e\\u0442\\u043a\\u0440\\u044b\\u043b\\u0438\\u0441\\u044c!\",\"slug\":\"my-otkrylis\",\"postDate\":1496006040,\"expiryDate\":null,\"enabled\":1,\"parentId\":null,\"fields\":{\"3\":[\"43\"],\"4\":\"\\u041e\\u0437\\u043d\\u0430\\u043a\\u043e\\u043c\\u044c\\u0442\\u0435\\u0441\\u044c \\u0441 \\u043d\\u043e\\u0432\\u044b\\u043c \\u043c\\u0435\\u043d\\u044e\",\"5\":{\"60\":{\"type\":\"sButton\",\"enabled\":\"1\",\"fields\":{\"sLink\":\"\\/menu\",\"sName\":\"\\u041f\\u0435\\u0440\\u0435\\u0439\\u0442\\u0438\"}}}}}', '2017-05-31 03:01:28', '2017-05-31 03:01:28', 'dfc9ecee-2096-444e-88d4-4e1643e7ea14'),
 ('46', '51', '5', '1', 'ru_ru', '3', '', '{\"typeId\":\"5\",\"authorId\":\"1\",\"title\":\"\\u041c\\u044b \\u043e\\u0442\\u043a\\u0440\\u044b\\u043b\\u0438\\u0441\\u044c!\",\"slug\":\"testovyj-slajd\",\"postDate\":1496006040,\"expiryDate\":null,\"enabled\":1,\"parentId\":null,\"fields\":{\"3\":[\"46\"],\"4\":\"\\u0424\\u043e\\u0442\\u043e\\u0433\\u0440\\u0430\\u0444\\u0438\\u0438 \\u0438\\u043d\\u0442\\u0435\\u0440\\u044c\\u0435\\u0440\\u0430\",\"5\":{\"52\":{\"type\":\"sButton\",\"enabled\":\"1\",\"fields\":{\"sLink\":\"\\/gallery\",\"sName\":\"\\u041f\\u043e\\u0441\\u043c\\u043e\\u0442\\u0440\\u0435\\u0442\\u044c\"}}}}}', '2017-05-31 03:01:58', '2017-05-31 03:01:58', '3401b19c-0194-4797-b4ab-901946c778f9');



DROP TABLE IF EXISTS `brgsh_fieldgroups`;


--
-- Schema for table `brgsh_fieldgroups`
--
CREATE TABLE `brgsh_fieldgroups` (
  `id` int(11) NOT NULL AUTO_INCREMENT,
  `name` varchar(255) COLLATE utf8_unicode_ci NOT NULL,
  `dateCreated` datetime NOT NULL,
  `dateUpdated` datetime NOT NULL,
  `uid` char(36) COLLATE utf8_unicode_ci NOT NULL DEFAULT '0',
  PRIMARY KEY (`id`),
  UNIQUE KEY `brgsh_fieldgroups_name_unq_idx` (`name`)
) ENGINE=InnoDB AUTO_INCREMENT=6 DEFAULT CHARSET=utf8 COLLATE=utf8_unicode_ci;

--
-- Data for table `brgsh_fieldgroups`
--

INSERT INTO `brgsh_fieldgroups` (`id`, `name`, `dateCreated`, `dateUpdated`, `uid`) VALUES
 ('1', 'Общие', '2017-05-27 01:12:22', '2017-05-28 21:03:18', 'd6812c42-09f0-4c02-b500-0a094d3bbbc8'),
 ('2', 'Слайдер', '2017-05-28 21:02:49', '2017-05-28 21:03:03', '7766354d-14ba-413f-a12e-9ec3b769df24'),
 ('4', 'Меню', '2017-05-28 21:03:22', '2017-05-28 21:03:22', 'abb25178-3467-47a4-bc0b-0605b32f3271'),
 ('5', 'Навигация', '2017-05-28 23:38:57', '2017-05-28 23:38:57', 'f2cfa902-ab7b-4262-bb37-9ccfec584d9c');



DROP TABLE IF EXISTS `brgsh_fieldlayoutfields`;


--
-- Schema for table `brgsh_fieldlayoutfields`
--
CREATE TABLE `brgsh_fieldlayoutfields` (
  `id` int(11) NOT NULL AUTO_INCREMENT,
  `layoutId` int(11) NOT NULL,
  `tabId` int(11) NOT NULL,
  `fieldId` int(11) NOT NULL,
  `required` tinyint(1) unsigned NOT NULL DEFAULT '0',
  `sortOrder` smallint(6) unsigned DEFAULT NULL,
  `dateCreated` datetime NOT NULL,
  `dateUpdated` datetime NOT NULL,
  `uid` char(36) COLLATE utf8_unicode_ci NOT NULL DEFAULT '0',
  PRIMARY KEY (`id`),
  UNIQUE KEY `brgsh_fieldlayoutfields_layoutId_fieldId_unq_idx` (`layoutId`,`fieldId`),
  KEY `brgsh_fieldlayoutfields_sortOrder_idx` (`sortOrder`),
  KEY `brgsh_fieldlayoutfields_tabId_fk` (`tabId`),
  KEY `brgsh_fieldlayoutfields_fieldId_fk` (`fieldId`)
) ENGINE=InnoDB AUTO_INCREMENT=72 DEFAULT CHARSET=utf8 COLLATE=utf8_unicode_ci;

--
-- Data for table `brgsh_fieldlayoutfields`
--

INSERT INTO `brgsh_fieldlayoutfields` (`id`, `layoutId`, `tabId`, `fieldId`, `required`, `sortOrder`, `dateCreated`, `dateUpdated`, `uid`) VALUES
 ('4', '19', '3', '3', '0', '1', '2017-05-28 21:10:41', '2017-05-28 21:10:41', 'be652de3-c46a-4508-8299-730e78400cef'),
 ('5', '19', '3', '4', '0', '2', '2017-05-28 21:10:41', '2017-05-28 21:10:41', '8f30404f-7de7-4b93-bd2e-0ea330302c56'),
 ('6', '19', '3', '5', '0', '3', '2017-05-28 21:10:41', '2017-05-28 21:10:41', 'a8cd99d2-6cb6-48e6-aede-9cff9c7c8cbd'),
 ('7', '20', '4', '6', '0', '1', '2017-05-28 21:13:06', '2017-05-28 21:13:06', 'f6decb8d-4669-4d90-9f41-5ad8f3338f62'),
 ('8', '20', '4', '7', '0', '2', '2017-05-28 21:13:06', '2017-05-28 21:13:06', '8ad47689-9fdc-4f1e-891c-b4d2c92723f6'),
 ('9', '27', '5', '8', '0', '1', '2017-05-28 21:30:10', '2017-05-28 21:30:10', '5874a237-b4cb-449f-9778-70f68a938828'),
 ('10', '28', '6', '9', '0', '1', '2017-05-28 21:30:21', '2017-05-28 21:30:21', '540a3ecf-da39-4af1-8c26-9bba82644813'),
 ('11', '29', '7', '8', '0', '1', '2017-05-28 21:30:29', '2017-05-28 21:30:29', 'f604de91-a6f5-47c3-b868-740e7a6572d7'),
 ('12', '30', '8', '8', '0', '1', '2017-05-28 21:30:35', '2017-05-28 21:30:35', '8c021c85-ab13-4675-8cf5-e4420ea4f04e'),
 ('13', '31', '9', '9', '0', '1', '2017-05-28 21:30:42', '2017-05-28 21:30:42', 'aac3bfa9-5825-4423-bd0e-59b16d78af9e'),
 ('14', '31', '9', '8', '0', '2', '2017-05-28 21:30:42', '2017-05-28 21:30:42', '3318beb7-3253-48d4-9c3f-5cbb2d95c1bb'),
 ('15', '32', '10', '9', '0', '1', '2017-05-28 21:30:51', '2017-05-28 21:30:51', 'c71b01fa-8761-47e8-afc5-a89d04475d66'),
 ('16', '32', '10', '8', '0', '2', '2017-05-28 21:30:51', '2017-05-28 21:30:51', 'bcf80a55-a20e-4764-ac14-7a1e3f25f897'),
 ('17', '33', '11', '10', '0', '1', '2017-05-28 23:40:28', '2017-05-28 23:40:28', 'eeb474d2-2a71-40e0-b7e7-84ecb64d38bd'),
 ('22', '35', '13', '1', '1', '1', '2017-05-29 01:11:50', '2017-05-29 01:11:50', '31fe2262-80e4-4105-b0be-9660ec365761'),
 ('23', '35', '13', '11', '0', '2', '2017-05-29 01:11:50', '2017-05-29 01:11:50', 'f210aa1b-a465-485b-8d5d-2532566f5e03'),
 ('24', '36', '14', '12', '0', '1', '2017-05-29 01:14:19', '2017-05-29 01:14:19', '23f17913-82d1-4b0a-a0e4-635037bc36e7'),
 ('25', '36', '14', '13', '0', '2', '2017-05-29 01:14:19', '2017-05-29 01:14:19', '64b269cb-67e5-43a0-8931-20b3a168db3a'),
 ('26', '36', '14', '14', '0', '3', '2017-05-29 01:14:19', '2017-05-29 01:14:19', 'b83e0646-0f64-4ee1-bc3b-afbc8d2cf133'),
 ('27', '36', '14', '15', '0', '4', '2017-05-29 01:14:19', '2017-05-29 01:14:19', 'f8b73219-274b-4102-a155-143a626ca0a1'),
 ('28', '37', '15', '16', '0', '1', '2017-05-29 01:50:44', '2017-05-29 01:50:44', 'b0eb25a3-b81e-45f9-ad48-a505575c3abd'),
 ('29', '37', '15', '1', '1', '2', '2017-05-29 01:50:44', '2017-05-29 01:50:44', '427d0f41-74fa-4598-b74f-2366786fc6b8'),
 ('30', '37', '15', '2', '0', '3', '2017-05-29 01:50:44', '2017-05-29 01:50:44', '1aa9d074-f9c1-4a3d-b989-ac1055b6f26d'),
 ('35', '45', '19', '17', '0', '1', '2017-05-30 15:05:41', '2017-05-30 15:05:41', '66e30ef8-78b4-4ea5-8ed9-fc130ed8f6d0'),
 ('36', '45', '19', '18', '0', '2', '2017-05-30 15:05:41', '2017-05-30 15:05:41', 'fd26b35e-6160-4782-9219-ab8af7ddd4f6'),
 ('37', '46', '20', '17', '0', '1', '2017-05-30 15:05:57', '2017-05-30 15:05:57', '30c5c1eb-9859-460a-b2ab-2e74d2374366'),
 ('38', '46', '20', '18', '0', '2', '2017-05-30 15:05:57', '2017-05-30 15:05:57', '2d08b821-3396-4189-95d3-d300ff732660'),
 ('41', '48', '22', '17', '0', '1', '2017-05-30 20:29:51', '2017-05-30 20:29:51', '50f992dd-d32f-4287-95d8-93820338d084'),
 ('42', '48', '22', '18', '0', '2', '2017-05-30 20:29:51', '2017-05-30 20:29:51', 'ea37f18d-621c-4472-a91d-b512b52889cc'),
 ('43', '48', '22', '19', '0', '3', '2017-05-30 20:29:51', '2017-05-30 20:29:51', '55ff653e-dd79-41fa-b33b-1ac5b2b02daf'),
 ('65', '56', '28', '26', '0', '1', '2017-05-30 22:54:47', '2017-05-30 22:54:47', 'fcccf02f-9661-4fc9-a148-2c5673adb055'),
 ('66', '56', '28', '27', '0', '2', '2017-05-30 22:54:47', '2017-05-30 22:54:47', '3aac6955-1de8-46e3-88d0-912e65d4f704'),
 ('67', '56', '28', '28', '0', '3', '2017-05-30 22:54:47', '2017-05-30 22:54:47', 'b3b9eab1-de3e-403e-90a4-fd81c2ed4351'),
 ('68', '56', '28', '29', '0', '4', '2017-05-30 22:54:47', '2017-05-30 22:54:47', '1c519fed-ab86-44a7-a2a6-4aa4c7831e73'),
 ('69', '56', '28', '30', '0', '5', '2017-05-30 22:54:47', '2017-05-30 22:54:47', '741332b4-4f2e-4455-8907-4464084845be'),
 ('70', '57', '29', '22', '0', '1', '2017-05-31 00:49:23', '2017-05-31 00:49:23', 'f6abddcf-71c6-4835-be79-043c61d458cb'),
 ('71', '57', '29', '25', '0', '2', '2017-05-31 00:49:23', '2017-05-31 00:49:23', 'ff0b0ee6-60f9-4256-9a2b-bb447d8f175a');



DROP TABLE IF EXISTS `brgsh_fieldlayouts`;


--
-- Schema for table `brgsh_fieldlayouts`
--
CREATE TABLE `brgsh_fieldlayouts` (
  `id` int(11) NOT NULL AUTO_INCREMENT,
  `type` varchar(150) COLLATE utf8_unicode_ci NOT NULL,
  `dateCreated` datetime NOT NULL,
  `dateUpdated` datetime NOT NULL,
  `uid` char(36) COLLATE utf8_unicode_ci NOT NULL DEFAULT '0',
  PRIMARY KEY (`id`),
  KEY `brgsh_fieldlayouts_type_idx` (`type`)
) ENGINE=InnoDB AUTO_INCREMENT=58 DEFAULT CHARSET=utf8 COLLATE=utf8_unicode_ci;

--
-- Data for table `brgsh_fieldlayouts`
--

INSERT INTO `brgsh_fieldlayouts` (`id`, `type`, `dateCreated`, `dateUpdated`, `uid`) VALUES
 ('1', 'Tag', '2017-05-27 01:12:22', '2017-05-27 01:12:22', 'c84b2a68-f745-498b-b017-93cb230eca59'),
 ('6', 'Entry', '2017-05-27 21:08:50', '2017-05-27 21:08:50', '509a001b-548a-4991-aa1f-c12681ce04b2'),
 ('15', 'Asset', '2017-05-28 21:06:05', '2017-05-28 21:06:05', 'e7d363f7-d209-4ace-93f5-3155f47885e9'),
 ('16', 'Asset', '2017-05-28 21:06:11', '2017-05-28 21:06:11', 'fd6fd8f8-e8da-40d9-9c2c-a8ef500badd4'),
 ('17', 'Asset', '2017-05-28 21:06:26', '2017-05-28 21:06:26', '35c2598a-8a24-46a2-82f2-deed2213be7e'),
 ('18', 'Asset', '2017-05-28 21:06:39', '2017-05-28 21:06:39', 'faeb704d-b309-42e3-8e6c-c107d63846fb'),
 ('19', 'Entry', '2017-05-28 21:10:41', '2017-05-28 21:10:41', '207bd78b-26a6-48c5-ba85-89f585fff604'),
 ('20', 'MatrixBlock', '2017-05-28 21:13:06', '2017-05-28 21:13:06', 'ac9580e7-4b9c-4508-94a6-41ebfc1e4164'),
 ('27', 'GlobalSet', '2017-05-28 21:30:10', '2017-05-28 21:30:10', 'a827a3a3-a6db-4023-938a-8bdd910d1fc3'),
 ('28', 'GlobalSet', '2017-05-28 21:30:21', '2017-05-28 21:30:21', '53a024de-f4fb-4167-a77e-13b81732eba5'),
 ('29', 'GlobalSet', '2017-05-28 21:30:29', '2017-05-28 21:30:29', '7605a5d5-b24a-43c0-ba36-68f661de25c9'),
 ('30', 'GlobalSet', '2017-05-28 21:30:35', '2017-05-28 21:30:35', 'aafb5d31-fc14-4571-a054-6129ba598375'),
 ('31', 'GlobalSet', '2017-05-28 21:30:42', '2017-05-28 21:30:42', '970405d5-5747-4016-b97c-b2e41637a1d7'),
 ('32', 'GlobalSet', '2017-05-28 21:30:51', '2017-05-28 21:30:51', 'c7448c21-381c-4f33-92f3-150808158d44'),
 ('33', 'Entry', '2017-05-28 23:40:28', '2017-05-28 23:40:28', 'ef9fcc16-f49a-45a0-9ce1-b3da28acdf9d'),
 ('35', 'Entry', '2017-05-29 01:11:50', '2017-05-29 01:11:50', '9a8c7e95-fc57-426d-b81a-9df124ededab'),
 ('36', 'MatrixBlock', '2017-05-29 01:14:19', '2017-05-29 01:14:19', 'd16ed498-d1be-4585-9600-06d7a3f66868'),
 ('37', 'Entry', '2017-05-29 01:50:44', '2017-05-29 01:50:44', '10c55d8a-9257-4d63-a3ad-7302f83300ac'),
 ('45', 'Entry', '2017-05-30 15:05:41', '2017-05-30 15:05:41', '10d530aa-904a-4c0c-816c-9a6872128163'),
 ('46', 'Entry', '2017-05-30 15:05:57', '2017-05-30 15:05:57', '5dba4de5-083b-4aa3-bb0d-42d91d10dc08'),
 ('48', 'Entry', '2017-05-30 20:29:51', '2017-05-30 20:29:51', '2679a9fe-5be1-41e4-b155-6f3c3eb7767b'),
 ('50', 'Asset', '2017-05-30 22:39:48', '2017-05-30 22:39:48', 'e0fae94b-32f2-4893-beb7-7f5c70b945c7'),
 ('56', 'MatrixBlock', '2017-05-30 22:54:47', '2017-05-30 22:54:47', 'df8551d4-e3bd-444c-b795-0f9f6809b2c8'),
 ('57', 'Category', '2017-05-31 00:49:23', '2017-05-31 00:49:23', 'f9a1fb5e-a7f7-40c3-b7ea-43a1f180965e');



DROP TABLE IF EXISTS `brgsh_fieldlayouttabs`;


--
-- Schema for table `brgsh_fieldlayouttabs`
--
CREATE TABLE `brgsh_fieldlayouttabs` (
  `id` int(11) NOT NULL AUTO_INCREMENT,
  `layoutId` int(11) NOT NULL,
  `name` varchar(255) COLLATE utf8_unicode_ci NOT NULL,
  `sortOrder` smallint(6) unsigned DEFAULT NULL,
  `dateCreated` datetime NOT NULL,
  `dateUpdated` datetime NOT NULL,
  `uid` char(36) COLLATE utf8_unicode_ci NOT NULL DEFAULT '0',
  PRIMARY KEY (`id`),
  KEY `brgsh_fieldlayouttabs_sortOrder_idx` (`sortOrder`),
  KEY `brgsh_fieldlayouttabs_layoutId_fk` (`layoutId`)
) ENGINE=InnoDB AUTO_INCREMENT=30 DEFAULT CHARSET=utf8 COLLATE=utf8_unicode_ci;

--
-- Data for table `brgsh_fieldlayouttabs`
--

INSERT INTO `brgsh_fieldlayouttabs` (`id`, `layoutId`, `name`, `sortOrder`, `dateCreated`, `dateUpdated`, `uid`) VALUES
 ('3', '19', 'Контент', '1', '2017-05-28 21:10:41', '2017-05-28 21:10:41', '77824899-8205-4f05-8e25-9ab72a5e33a6'),
 ('4', '20', 'Content', '1', '2017-05-28 21:13:06', '2017-05-28 21:13:06', '1d13e93c-b4b0-4989-8b46-a4f92be3cb94'),
 ('5', '27', 'Контент', '1', '2017-05-28 21:30:10', '2017-05-28 21:30:10', 'be77040d-7ca2-4092-9be4-f06a9326ffd5'),
 ('6', '28', 'Контент', '1', '2017-05-28 21:30:21', '2017-05-28 21:30:21', '129909ad-06bd-4a43-aad2-edc5c0399fbb'),
 ('7', '29', 'Контент', '1', '2017-05-28 21:30:29', '2017-05-28 21:30:29', '753a47f2-abcb-46ba-874b-d6766e458b82'),
 ('8', '30', 'Контент', '1', '2017-05-28 21:30:35', '2017-05-28 21:30:35', 'd7b59cb1-c195-4480-82fa-83c793864833'),
 ('9', '31', 'Контент', '1', '2017-05-28 21:30:42', '2017-05-28 21:30:42', '3b252ef4-a68f-497f-9d6f-21b4aad26aab'),
 ('10', '32', 'Контент', '1', '2017-05-28 21:30:51', '2017-05-28 21:30:51', '82de6b83-b39c-4851-befa-8f7d036805f0'),
 ('11', '33', 'Контент', '1', '2017-05-28 23:40:28', '2017-05-28 23:40:28', 'feb9d3c4-8cf5-420b-9084-5ab75d91ab30'),
 ('13', '35', 'Content', '1', '2017-05-29 01:11:50', '2017-05-29 01:11:50', '01bfdefb-8e93-4ed3-b372-183002ffd926'),
 ('14', '36', 'Content', '1', '2017-05-29 01:14:19', '2017-05-29 01:14:19', 'fc86690f-f33e-44ff-bc4f-85471713197d'),
 ('15', '37', 'Content', '1', '2017-05-29 01:50:44', '2017-05-29 01:50:44', '559db2f9-b9fb-43d2-953f-ec2f63614210'),
 ('19', '45', 'Контент', '1', '2017-05-30 15:05:41', '2017-05-30 15:05:41', '64f2ac22-5b2f-4ef7-93cd-aa7981fbd8d1'),
 ('20', '46', 'Контент', '1', '2017-05-30 15:05:57', '2017-05-30 15:05:57', '51069544-50cd-430f-b1c7-85b4347fae63'),
 ('22', '48', 'Контент', '1', '2017-05-30 20:29:51', '2017-05-30 20:29:51', '49655274-f49d-4a30-a5eb-c95c48d4199b'),
 ('28', '56', 'Content', '1', '2017-05-30 22:54:47', '2017-05-30 22:54:47', 'ba7365ac-e569-4716-ae3b-8ea5eb5b1d27'),
 ('29', '57', 'Контент', '1', '2017-05-31 00:49:23', '2017-05-31 00:49:23', '6f964dd6-d384-4eb8-b1f0-92b2a1d51546');



DROP TABLE IF EXISTS `brgsh_fields`;


--
-- Schema for table `brgsh_fields`
--
CREATE TABLE `brgsh_fields` (
  `id` int(11) NOT NULL AUTO_INCREMENT,
  `groupId` int(11) DEFAULT NULL,
  `name` varchar(255) COLLATE utf8_unicode_ci NOT NULL,
  `handle` varchar(58) COLLATE utf8_unicode_ci NOT NULL,
  `context` varchar(255) COLLATE utf8_unicode_ci NOT NULL DEFAULT 'global',
  `instructions` text COLLATE utf8_unicode_ci,
  `translatable` tinyint(1) unsigned NOT NULL DEFAULT '0',
  `type` varchar(150) COLLATE utf8_unicode_ci NOT NULL,
  `settings` text COLLATE utf8_unicode_ci,
  `dateCreated` datetime NOT NULL,
  `dateUpdated` datetime NOT NULL,
  `uid` char(36) COLLATE utf8_unicode_ci NOT NULL DEFAULT '0',
  PRIMARY KEY (`id`),
  UNIQUE KEY `brgsh_fields_handle_context_unq_idx` (`handle`,`context`),
  KEY `brgsh_fields_context_idx` (`context`),
  KEY `brgsh_fields_groupId_fk` (`groupId`)
) ENGINE=InnoDB AUTO_INCREMENT=31 DEFAULT CHARSET=utf8 COLLATE=utf8_unicode_ci;

--
-- Data for table `brgsh_fields`
--

INSERT INTO `brgsh_fields` (`id`, `groupId`, `name`, `handle`, `context`, `instructions`, `translatable`, `type`, `settings`, `dateCreated`, `dateUpdated`, `uid`) VALUES
 ('1', '1', 'Body', 'body', 'global', NULL, '1', 'RichText', '{\"configFile\":\"Standard.json\",\"columnType\":\"text\"}', '2017-05-27 01:12:23', '2017-05-27 01:12:23', '91c2029b-75f5-4ffd-a3d2-58910c84d8ba'),
 ('2', '1', 'Tags', 'tags', 'global', NULL, '0', 'Tags', '{\"source\":\"taggroup:1\"}', '2017-05-27 01:12:23', '2017-05-27 01:12:23', '50478c17-cbb2-4361-86dc-792445a58f52'),
 ('3', '2', 'Изображение', 'sliderImage', 'global', '', '0', 'Assets', '{\"useSingleFolder\":\"1\",\"sources\":\"*\",\"defaultUploadLocationSource\":\"1\",\"defaultUploadLocationSubpath\":\"\",\"singleUploadLocationSource\":\"1\",\"singleUploadLocationSubpath\":\"\",\"restrictFiles\":\"1\",\"allowedKinds\":[\"image\"],\"limit\":\"1\",\"viewMode\":\"large\",\"selectionLabel\":\"\\u0414\\u043e\\u0431\\u0430\\u0432\\u0438\\u0442\\u044c \\u0438\\u0437\\u043e\\u0431\\u0440\\u0430\\u0436\\u0435\\u043d\\u0438\\u0435\"}', '2017-05-28 21:07:36', '2017-05-28 21:07:36', 'b23a3828-17f7-46d2-85f7-208c0504b585'),
 ('4', '2', 'Описание', 'sliderDescription', 'global', '', '0', 'PlainText', '{\"placeholder\":\"\",\"maxLength\":\"\",\"multiline\":\"\",\"initialRows\":\"4\"}', '2017-05-28 21:08:28', '2017-05-28 21:08:28', 'd791410d-da2e-4847-ba27-20f57aa98d8a'),
 ('5', '2', 'Ссылка', 'sliderLink', 'global', '', '0', 'Matrix', '{\"maxBlocks\":\"1\"}', '2017-05-28 21:10:09', '2017-05-28 21:13:06', '7566259c-6c23-4248-ba65-9d9c2ea14c1e'),
 ('6', NULL, 'Ссылка на страницу', 'sLink', 'matrixBlockType:1', '', '0', 'PlainText', '{\"placeholder\":\"\",\"maxLength\":\"\",\"multiline\":\"\",\"initialRows\":\"4\"}', '2017-05-28 21:13:06', '2017-05-28 21:13:06', '360df420-b317-4f54-86a8-bec978ac7226'),
 ('7', NULL, 'Название кнопки', 'sName', 'matrixBlockType:1', '', '0', 'PlainText', '{\"placeholder\":\"\",\"maxLength\":\"\",\"multiline\":\"\",\"initialRows\":\"4\"}', '2017-05-28 21:13:06', '2017-05-28 21:13:06', '189d412c-1b9a-4ee9-89ac-3e1cb49b3da8'),
 ('8', '1', 'Форматированный текст', 'textFormatted', 'global', '', '0', 'PlainText', '{\"placeholder\":\"\",\"maxLength\":\"\",\"multiline\":\"\",\"initialRows\":\"4\"}', '2017-05-28 21:29:30', '2017-05-28 21:29:30', '4c9235f2-9b61-47ba-9ce3-4f3ba7ad3f34'),
 ('9', '1', 'Неформатированный текст', 'textUnformatted', 'global', '', '0', 'PlainText', '{\"placeholder\":\"\",\"maxLength\":\"\",\"multiline\":\"\",\"initialRows\":\"4\"}', '2017-05-28 21:29:48', '2017-05-28 21:29:48', '4e04b1b5-acfd-43a5-b63f-87199672ffba'),
 ('10', '5', 'Ссылка', 'mainMenuLink', 'global', '', '0', 'PlainText', '{\"placeholder\":\"\",\"maxLength\":\"\",\"multiline\":\"\",\"initialRows\":\"4\"}', '2017-05-28 23:39:52', '2017-05-28 23:39:52', 'a96a0902-7d39-4eb3-a55f-30186bfeba6f'),
 ('11', '1', 'Спецпредложения', 'specials', 'global', '', '0', 'Matrix', '{\"maxBlocks\":null}', '2017-05-29 01:11:32', '2017-05-29 01:14:19', 'e8df19d5-f607-4603-85f7-af3322c5bc67'),
 ('12', NULL, 'Название', 'specialName', 'matrixBlockType:2', '', '0', 'PlainText', '{\"placeholder\":\"\",\"maxLength\":\"\",\"multiline\":\"\",\"initialRows\":\"4\"}', '2017-05-29 01:11:32', '2017-05-29 01:14:19', '19510fc8-6633-45d0-8078-3160de3450fb'),
 ('13', NULL, 'Изображение', 'image', 'matrixBlockType:2', '', '0', 'Assets', '{\"useSingleFolder\":\"1\",\"sources\":\"*\",\"defaultUploadLocationSource\":\"1\",\"defaultUploadLocationSubpath\":\"\",\"singleUploadLocationSource\":\"2\",\"singleUploadLocationSubpath\":\"\",\"restrictFiles\":\"1\",\"allowedKinds\":[\"image\"],\"limit\":\"1\",\"viewMode\":\"large\",\"selectionLabel\":\"\\u0414\\u043e\\u0431\\u0430\\u0432\\u0438\\u0442\\u044c \\u0438\\u0437\\u043e\\u0431\\u0440\\u0430\\u0436\\u0435\\u043d\\u0438\\u0435\"}', '2017-05-29 01:11:32', '2017-05-29 01:14:19', '277e57d8-b95f-49e9-8bef-8500a0426ee6'),
 ('14', NULL, 'Описание', 'description', 'matrixBlockType:2', '', '0', 'PlainText', '{\"placeholder\":\"\",\"maxLength\":\"\",\"multiline\":\"\",\"initialRows\":\"4\"}', '2017-05-29 01:11:32', '2017-05-29 01:14:19', '13d15c86-9fc5-43ea-89f3-adb0c7aa3422'),
 ('15', NULL, 'Ссылка', 'specialLink', 'matrixBlockType:2', '', '0', 'PlainText', '{\"placeholder\":\"\",\"maxLength\":\"\",\"multiline\":\"\",\"initialRows\":\"4\"}', '2017-05-29 01:11:32', '2017-05-29 01:14:19', '53bc7142-6fd9-4a71-b68f-70b817fefc50'),
 ('16', '1', 'Изображение', 'newsImage', 'global', '', '0', 'Assets', '{\"useSingleFolder\":\"1\",\"sources\":\"*\",\"defaultUploadLocationSource\":\"1\",\"defaultUploadLocationSubpath\":\"\",\"singleUploadLocationSource\":\"3\",\"singleUploadLocationSubpath\":\"\",\"restrictFiles\":\"1\",\"allowedKinds\":[\"image\"],\"limit\":\"1\",\"viewMode\":\"large\",\"selectionLabel\":\"\\u0414\\u043e\\u0431\\u0430\\u0432\\u0438\\u0442\\u044c \\u0438\\u0437\\u043e\\u0431\\u0440\\u0430\\u0436\\u0435\\u043d\\u0438\\u0435\"}', '2017-05-29 01:50:26', '2017-05-29 01:50:26', 'c7aa08c4-c050-41a8-af58-ed73a6c9ca21'),
 ('17', '1', 'Слоган', 'slogan', 'global', '', '0', 'PlainText', '{\"placeholder\":\"\",\"maxLength\":\"\",\"multiline\":\"\",\"initialRows\":\"4\"}', '2017-05-30 00:24:15', '2017-05-30 15:05:05', 'af52cd0d-9f50-4d35-96e9-29ca1c913868'),
 ('18', '1', 'Фоновое изображение', 'headerImage', 'global', '', '0', 'Assets', '{\"useSingleFolder\":\"1\",\"sources\":\"*\",\"defaultUploadLocationSource\":\"1\",\"defaultUploadLocationSubpath\":\"\",\"singleUploadLocationSource\":\"2\",\"singleUploadLocationSubpath\":\"\",\"restrictFiles\":\"1\",\"allowedKinds\":[\"image\"],\"limit\":\"1\",\"viewMode\":\"large\",\"selectionLabel\":\"\\u0414\\u043e\\u0431\\u0430\\u0432\\u0438\\u0442\\u044c \\u0438\\u0437\\u043e\\u0431\\u0440\\u0430\\u0436\\u0435\\u043d\\u0438\\u0435\"}', '2017-05-30 15:04:16', '2017-05-30 15:05:24', '740cde00-d51c-4acc-bbce-aaf5f73d4891'),
 ('19', '1', 'Фотографии', 'photoGallery', 'global', '', '0', 'Assets', '{\"useSingleFolder\":\"1\",\"sources\":\"*\",\"defaultUploadLocationSource\":\"1\",\"defaultUploadLocationSubpath\":\"\",\"singleUploadLocationSource\":\"4\",\"singleUploadLocationSubpath\":\"\",\"restrictFiles\":\"1\",\"allowedKinds\":[\"image\"],\"limit\":\"\",\"viewMode\":\"large\",\"selectionLabel\":\"\\u0414\\u043e\\u0431\\u0430\\u0432\\u0438\\u0442\\u044c \\u0444\\u043e\\u0442\\u043e\\u0433\\u0440\\u0430\\u0444\\u0438\\u0438\"}', '2017-05-30 20:29:29', '2017-05-30 20:30:01', '54471a38-010f-44ea-8270-d8d3ef05470a'),
 ('20', '4', 'Описание товара', 'menuDescription', 'global', '', '0', 'PlainText', '{\"placeholder\":\"\",\"maxLength\":\"\",\"multiline\":\"\",\"initialRows\":\"4\"}', '2017-05-30 22:37:27', '2017-05-30 22:37:27', '656ee174-7649-4919-b2da-aa13a8702e37'),
 ('21', '4', 'Емкость/Количество/Цена', 'menuPrice', 'global', '', '0', 'PlainText', '{\"placeholder\":\"\",\"maxLength\":\"\",\"multiline\":\"\",\"initialRows\":\"4\"}', '2017-05-30 22:37:59', '2017-05-30 22:37:59', '614dc30a-999d-4487-8d16-4959ee1cc4c4'),
 ('22', '4', 'Изображение', 'menuImage', 'global', '', '0', 'Assets', '{\"useSingleFolder\":\"1\",\"sources\":\"*\",\"defaultUploadLocationSource\":\"1\",\"defaultUploadLocationSubpath\":\"\",\"singleUploadLocationSource\":\"5\",\"singleUploadLocationSubpath\":\"\",\"restrictFiles\":\"1\",\"allowedKinds\":[\"image\"],\"limit\":\"1\",\"viewMode\":\"large\",\"selectionLabel\":\"\\u0414\\u043e\\u0431\\u0430\\u0432\\u0438\\u0442\\u044c \\u0438\\u0437\\u043e\\u0431\\u0440\\u0430\\u0436\\u0435\\u043d\\u0438\\u0435\"}', '2017-05-30 22:40:41', '2017-05-30 22:40:41', 'a31198a6-5238-40df-ae1b-f8b1163f56c3'),
 ('23', '4', 'Особенность товара', 'menuExtra', 'global', '', '0', 'Dropdown', '{\"options\":[{\"label\":\"\\u041e\\u0441\\u0442\\u0440\\u043e\\u0435\",\"value\":\"hot\",\"default\":\"\"},{\"label\":\"\\u0412\\u0435\\u0433\\u0435\\u0442\\u0430\\u0440\\u0438\\u0430\\u043d\\u0441\\u043a\\u043e\\u0435\",\"value\":\"vegan\",\"default\":\"\"},{\"label\":\"\\u041d\\u043e\\u0432\\u0438\\u043d\\u043a\\u0430\",\"value\":\"new\",\"default\":\"\"},{\"label\":\"\\u0421\\u043a\\u0438\\u0434\\u043a\\u0430\",\"value\":\"sale\",\"default\":\"\"},{\"label\":\"\\u041e\\u0442 \\u0448\\u0435\\u0444 \\u043f\\u043e\\u0432\\u0430\\u0440\\u0430\",\"value\":\"chief\",\"default\":\"\"}]}', '2017-05-30 22:42:47', '2017-05-30 22:42:47', '5740502f-be06-4972-a6ce-3ad8b57142c5'),
 ('24', '4', 'Категория', 'menuCategory', 'global', '', '0', 'Categories', '{\"source\":\"group:2\",\"limit\":\"\",\"selectionLabel\":\"\"}', '2017-05-30 22:43:42', '2017-05-30 22:43:42', '90c0c87f-affb-4182-8e0d-dba53a0cafc6'),
 ('25', '4', 'Товар/Блюдо', 'menuItem', 'global', '', '0', 'Matrix', '{\"maxBlocks\":null}', '2017-05-30 22:47:00', '2017-05-30 22:54:47', '08e5e0af-86ea-4c77-926b-0aaa605d880d'),
 ('26', NULL, 'Название', 'productName', 'matrixBlockType:3', '', '0', 'PlainText', '{\"placeholder\":\"\",\"maxLength\":\"\",\"multiline\":\"\",\"initialRows\":\"4\"}', '2017-05-30 22:47:01', '2017-05-30 22:54:47', '99f7196b-8c6e-4ea7-8844-fee9a8c4032c'),
 ('27', NULL, 'Описание', 'description', 'matrixBlockType:3', '', '0', 'PlainText', '{\"placeholder\":\"\",\"maxLength\":\"\",\"multiline\":\"\",\"initialRows\":\"4\"}', '2017-05-30 22:47:01', '2017-05-30 22:54:47', '881d4827-a3ac-45b0-ae21-50844b55b5ee'),
 ('28', NULL, 'Количество/Емкость/Цена', 'price', 'matrixBlockType:3', '', '0', 'PlainText', '{\"placeholder\":\"\",\"maxLength\":\"\",\"multiline\":\"\",\"initialRows\":\"4\"}', '2017-05-30 22:47:01', '2017-05-30 22:54:47', '49824b90-4811-490a-894a-c6c3a8134140'),
 ('29', NULL, 'Изображение', 'image', 'matrixBlockType:3', '', '0', 'Assets', '{\"useSingleFolder\":\"1\",\"sources\":\"*\",\"defaultUploadLocationSource\":\"1\",\"defaultUploadLocationSubpath\":\"\",\"singleUploadLocationSource\":\"5\",\"singleUploadLocationSubpath\":\"\",\"restrictFiles\":\"1\",\"allowedKinds\":[\"image\"],\"limit\":\"1\",\"viewMode\":\"large\",\"selectionLabel\":\"\\u0414\\u043e\\u0431\\u0430\\u0432\\u0438\\u0442\\u044c \\u0438\\u0437\\u043e\\u0431\\u0440\\u0430\\u0436\\u0435\\u043d\\u0438\\u0435\"}', '2017-05-30 22:47:01', '2017-05-30 22:54:47', 'd8ce87ba-57ee-4ada-ba28-d316ebb3483e'),
 ('30', NULL, 'Особенности товара', 'extra', 'matrixBlockType:3', '', '0', 'Checkboxes', '{\"options\":[{\"label\":\"\\u041d\\u043e\\u0432\\u0438\\u043d\\u043a\\u0430\",\"value\":\"new\",\"default\":\"\"},{\"label\":\"\\u041e\\u0441\\u0442\\u0440\\u043e\\u0435\",\"value\":\"spicy\",\"default\":\"\"},{\"label\":\"\\u0412\\u0435\\u0433\\u0435\\u0442\\u0430\\u0440\\u0438\\u0430\\u043d\\u0441\\u043a\\u043e\\u0435\",\"value\":\"vegan\",\"default\":\"\"},{\"label\":\"\\u0421\\u043a\\u0438\\u0434\\u043a\\u0430\",\"value\":\"sale\",\"default\":\"\"},{\"label\":\"\\u041e\\u0442 \\u0448\\u0435\\u0444 \\u043f\\u043e\\u0432\\u0430\\u0440\\u0430\",\"value\":\"chief\",\"default\":\"\"}]}', '2017-05-30 22:47:01', '2017-05-30 22:54:47', 'b32700be-f145-4f8b-995f-8f7225ba847d');



DROP TABLE IF EXISTS `brgsh_globalsets`;


--
-- Schema for table `brgsh_globalsets`
--
CREATE TABLE `brgsh_globalsets` (
  `id` int(11) NOT NULL,
  `name` varchar(255) COLLATE utf8_unicode_ci NOT NULL,
  `handle` varchar(255) COLLATE utf8_unicode_ci NOT NULL,
  `fieldLayoutId` int(10) DEFAULT NULL,
  `dateCreated` datetime NOT NULL,
  `dateUpdated` datetime NOT NULL,
  `uid` char(36) COLLATE utf8_unicode_ci NOT NULL DEFAULT '0',
  PRIMARY KEY (`id`),
  UNIQUE KEY `brgsh_globalsets_name_unq_idx` (`name`),
  UNIQUE KEY `brgsh_globalsets_handle_unq_idx` (`handle`),
  KEY `brgsh_globalsets_fieldLayoutId_fk` (`fieldLayoutId`)
) ENGINE=InnoDB DEFAULT CHARSET=utf8 COLLATE=utf8_unicode_ci;

--
-- Data for table `brgsh_globalsets`
--

INSERT INTO `brgsh_globalsets` (`id`, `name`, `handle`, `fieldLayoutId`, `dateCreated`, `dateUpdated`, `uid`) VALUES
 ('53', 'Адрес', 'globalAddress', '29', '2017-05-28 21:25:58', '2017-05-28 21:30:29', '5c5233c4-6c7c-4991-9881-d7a2b41ab182'),
 ('54', 'Телефон 1', 'globalPhone1', '31', '2017-05-28 21:26:17', '2017-05-28 21:30:42', '5de8c4c5-63c0-4307-90a6-27b69271ec94'),
 ('55', 'Телефон 2', 'globalPhone2', '32', '2017-05-28 21:26:32', '2017-05-28 21:30:51', '6ca54c8b-0907-448e-907a-3aa035c0e7fa'),
 ('56', 'Email', 'globalEmail', '27', '2017-05-28 21:26:47', '2017-05-28 21:30:10', '2bb2e284-60ae-485e-aced-4d2e23475fb6'),
 ('57', 'Map', 'globalMap', '28', '2017-05-28 21:28:01', '2017-05-28 21:30:21', '98b15438-4250-4217-a143-97c2746e4c2a'),
 ('58', 'Время работы', 'globalShedule', '30', '2017-05-28 21:28:37', '2017-05-28 21:30:35', '2670f69c-f19a-4c85-895a-08225c8a3e9d');



DROP TABLE IF EXISTS `brgsh_info`;


--
-- Schema for table `brgsh_info`
--
CREATE TABLE `brgsh_info` (
  `id` int(11) NOT NULL AUTO_INCREMENT,
  `version` varchar(50) COLLATE utf8_unicode_ci NOT NULL,
  `schemaVersion` varchar(15) COLLATE utf8_unicode_ci NOT NULL,
  `edition` tinyint(1) unsigned NOT NULL DEFAULT '0',
  `siteName` varchar(100) COLLATE utf8_unicode_ci NOT NULL,
  `siteUrl` varchar(255) COLLATE utf8_unicode_ci NOT NULL,
  `timezone` varchar(30) COLLATE utf8_unicode_ci DEFAULT NULL,
  `on` tinyint(1) unsigned NOT NULL DEFAULT '0',
  `maintenance` tinyint(1) unsigned NOT NULL DEFAULT '0',
  `dateCreated` datetime NOT NULL,
  `dateUpdated` datetime NOT NULL,
  `uid` char(36) COLLATE utf8_unicode_ci NOT NULL DEFAULT '0',
  PRIMARY KEY (`id`)
) ENGINE=InnoDB AUTO_INCREMENT=2 DEFAULT CHARSET=utf8 COLLATE=utf8_unicode_ci;

--
-- Data for table `brgsh_info`
--

INSERT INTO `brgsh_info` (`id`, `version`, `schemaVersion`, `edition`, `siteName`, `siteUrl`, `timezone`, `on`, `maintenance`, `dateCreated`, `dateUpdated`, `uid`) VALUES
 ('1', '2.6.2980', '2.6.9', '0', 'Бар Бергштайн - Bergstein Bar', 'https://bergstein.bar', 'Europe/Moscow', '1', '1', '2017-05-27 01:12:19', '2017-06-01 00:18:11', '6951717e-fe2f-4752-afad-06ba08ce9349');



DROP TABLE IF EXISTS `brgsh_locales`;


--
-- Schema for table `brgsh_locales`
--
CREATE TABLE `brgsh_locales` (
  `locale` char(12) COLLATE utf8_unicode_ci NOT NULL,
  `sortOrder` smallint(6) unsigned DEFAULT NULL,
  `dateCreated` datetime NOT NULL,
  `dateUpdated` datetime NOT NULL,
  `uid` char(36) COLLATE utf8_unicode_ci NOT NULL DEFAULT '0',
  PRIMARY KEY (`locale`),
  KEY `brgsh_locales_sortOrder_idx` (`sortOrder`)
) ENGINE=InnoDB DEFAULT CHARSET=utf8 COLLATE=utf8_unicode_ci;

--
-- Data for table `brgsh_locales`
--

INSERT INTO `brgsh_locales` (`locale`, `sortOrder`, `dateCreated`, `dateUpdated`, `uid`) VALUES
 ('ru_ru', '1', '2017-05-27 01:12:19', '2017-05-27 01:12:19', 'd23b979f-25b5-46bf-a54d-17c8e84d589d');



DROP TABLE IF EXISTS `brgsh_matrixblocks`;


--
-- Schema for table `brgsh_matrixblocks`
--
CREATE TABLE `brgsh_matrixblocks` (
  `id` int(11) NOT NULL,
  `ownerId` int(11) NOT NULL,
  `fieldId` int(11) NOT NULL,
  `typeId` int(11) DEFAULT NULL,
  `sortOrder` smallint(6) unsigned DEFAULT NULL,
  `ownerLocale` char(12) COLLATE utf8_unicode_ci DEFAULT NULL,
  `dateCreated` datetime NOT NULL,
  `dateUpdated` datetime NOT NULL,
  `uid` char(36) COLLATE utf8_unicode_ci NOT NULL DEFAULT '0',
  PRIMARY KEY (`id`),
  KEY `brgsh_matrixblocks_ownerId_idx` (`ownerId`),
  KEY `brgsh_matrixblocks_fieldId_idx` (`fieldId`),
  KEY `brgsh_matrixblocks_typeId_idx` (`typeId`),
  KEY `brgsh_matrixblocks_sortOrder_idx` (`sortOrder`),
  KEY `brgsh_matrixblocks_ownerLocale_fk` (`ownerLocale`)
) ENGINE=InnoDB DEFAULT CHARSET=utf8 COLLATE=utf8_unicode_ci;

--
-- Data for table `brgsh_matrixblocks`
--

INSERT INTO `brgsh_matrixblocks` (`id`, `ownerId`, `fieldId`, `typeId`, `sortOrder`, `ownerLocale`, `dateCreated`, `dateUpdated`, `uid`) VALUES
 ('52', '51', '5', '1', '1', NULL, '2017-05-28 21:14:16', '2017-05-31 03:01:58', 'd14450cb-c371-4b94-8b33-0c3163d8a229'),
 ('60', '59', '5', '1', '1', NULL, '2017-05-28 23:00:11', '2017-05-31 03:01:28', '737d242d-6907-45ba-9125-6f7939c7b544'),
 ('63', '2', '11', '2', '1', NULL, '2017-05-29 01:21:41', '2017-05-31 02:49:59', '26418c7e-3afa-4584-be0a-db5b7d251274'),
 ('64', '2', '11', '2', '2', NULL, '2017-05-29 01:21:41', '2017-05-31 02:49:59', '3bc66211-5a6f-46d7-b3c5-8e22397701d1'),
 ('65', '2', '11', '2', '3', NULL, '2017-05-29 01:21:42', '2017-05-31 02:49:59', 'cfa246ad-4ce8-4f17-b254-228f37cc27d8'),
 ('66', '2', '11', '2', '4', NULL, '2017-05-29 01:21:42', '2017-05-31 02:49:59', 'a7b5328f-2aad-4302-bb23-5646363895b8');



DROP TABLE IF EXISTS `brgsh_matrixblocktypes`;


--
-- Schema for table `brgsh_matrixblocktypes`
--
CREATE TABLE `brgsh_matrixblocktypes` (
  `id` int(11) NOT NULL AUTO_INCREMENT,
  `fieldId` int(11) NOT NULL,
  `fieldLayoutId` int(11) DEFAULT NULL,
  `name` varchar(255) COLLATE utf8_unicode_ci NOT NULL,
  `handle` varchar(255) COLLATE utf8_unicode_ci NOT NULL,
  `sortOrder` smallint(6) unsigned DEFAULT NULL,
  `dateCreated` datetime NOT NULL,
  `dateUpdated` datetime NOT NULL,
  `uid` char(36) COLLATE utf8_unicode_ci NOT NULL DEFAULT '0',
  PRIMARY KEY (`id`),
  UNIQUE KEY `brgsh_matrixblocktypes_name_fieldId_unq_idx` (`name`,`fieldId`),
  UNIQUE KEY `brgsh_matrixblocktypes_handle_fieldId_unq_idx` (`handle`,`fieldId`),
  KEY `brgsh_matrixblocktypes_fieldId_fk` (`fieldId`),
  KEY `brgsh_matrixblocktypes_fieldLayoutId_fk` (`fieldLayoutId`)
) ENGINE=InnoDB AUTO_INCREMENT=4 DEFAULT CHARSET=utf8 COLLATE=utf8_unicode_ci;

--
-- Data for table `brgsh_matrixblocktypes`
--

INSERT INTO `brgsh_matrixblocktypes` (`id`, `fieldId`, `fieldLayoutId`, `name`, `handle`, `sortOrder`, `dateCreated`, `dateUpdated`, `uid`) VALUES
 ('1', '5', '20', 'Кнопка', 'sButton', '1', '2017-05-28 21:13:06', '2017-05-28 21:13:06', '180574f0-3769-4953-b2da-33713565b719'),
 ('2', '11', '36', 'Спецпредложение', 'special', '1', '2017-05-29 01:11:32', '2017-05-29 01:14:19', '637a8b69-a391-4f20-a7a5-51cd2f35e023'),
 ('3', '25', '56', 'Продукт', 'product', '1', '2017-05-30 22:47:01', '2017-05-30 22:54:47', '42882525-4839-4726-b712-2c0a98924f15');



DROP TABLE IF EXISTS `brgsh_matrixcontent_menuitem`;


--
-- Schema for table `brgsh_matrixcontent_menuitem`
--
CREATE TABLE `brgsh_matrixcontent_menuitem` (
  `id` int(11) NOT NULL AUTO_INCREMENT,
  `elementId` int(11) NOT NULL,
  `locale` char(12) COLLATE utf8_unicode_ci NOT NULL,
  `field_product_productName` text COLLATE utf8_unicode_ci,
  `field_product_description` text COLLATE utf8_unicode_ci,
  `field_product_price` text COLLATE utf8_unicode_ci,
  `field_product_extra` varchar(255) COLLATE utf8_unicode_ci DEFAULT NULL,
  `dateCreated` datetime NOT NULL,
  `dateUpdated` datetime NOT NULL,
  `uid` char(36) COLLATE utf8_unicode_ci NOT NULL DEFAULT '0',
  PRIMARY KEY (`id`),
  UNIQUE KEY `brgsh_matrixcontent_menuitem_elementId_locale_unq_idx` (`elementId`,`locale`),
  KEY `brgsh_matrixcontent_menuitem_locale_fk` (`locale`)
) ENGINE=InnoDB DEFAULT CHARSET=utf8 COLLATE=utf8_unicode_ci;

DROP TABLE IF EXISTS `brgsh_matrixcontent_sliderlink`;


--
-- Schema for table `brgsh_matrixcontent_sliderlink`
--
CREATE TABLE `brgsh_matrixcontent_sliderlink` (
  `id` int(11) NOT NULL AUTO_INCREMENT,
  `elementId` int(11) NOT NULL,
  `locale` char(12) COLLATE utf8_unicode_ci NOT NULL,
  `field_sButton_sLink` text COLLATE utf8_unicode_ci,
  `field_sButton_sName` text COLLATE utf8_unicode_ci,
  `dateCreated` datetime NOT NULL,
  `dateUpdated` datetime NOT NULL,
  `uid` char(36) COLLATE utf8_unicode_ci NOT NULL DEFAULT '0',
  PRIMARY KEY (`id`),
  UNIQUE KEY `brgsh_matrixcontent_sliderlink_elementId_locale_unq_idx` (`elementId`,`locale`),
  KEY `brgsh_matrixcontent_sliderlink_locale_fk` (`locale`)
) ENGINE=InnoDB AUTO_INCREMENT=3 DEFAULT CHARSET=utf8 COLLATE=utf8_unicode_ci;

--
-- Data for table `brgsh_matrixcontent_sliderlink`
--

INSERT INTO `brgsh_matrixcontent_sliderlink` (`id`, `elementId`, `locale`, `field_sButton_sLink`, `field_sButton_sName`, `dateCreated`, `dateUpdated`, `uid`) VALUES
 ('1', '52', 'ru_ru', '/gallery', 'Посмотреть', '2017-05-28 21:14:16', '2017-05-31 03:01:58', '3e806c31-6452-4b1a-8e71-3d258986c135'),
 ('2', '60', 'ru_ru', '/menu', 'Перейти', '2017-05-28 23:00:11', '2017-05-31 03:01:28', 'f06f6d88-7b5b-46c4-99bf-98f18016f71d');



DROP TABLE IF EXISTS `brgsh_matrixcontent_specials`;


--
-- Schema for table `brgsh_matrixcontent_specials`
--
CREATE TABLE `brgsh_matrixcontent_specials` (
  `id` int(11) NOT NULL AUTO_INCREMENT,
  `elementId` int(11) NOT NULL,
  `locale` char(12) COLLATE utf8_unicode_ci NOT NULL,
  `field_special_specialName` text COLLATE utf8_unicode_ci,
  `field_special_description` text COLLATE utf8_unicode_ci,
  `field_special_specialLink` text COLLATE utf8_unicode_ci,
  `dateCreated` datetime NOT NULL,
  `dateUpdated` datetime NOT NULL,
  `uid` char(36) COLLATE utf8_unicode_ci NOT NULL DEFAULT '0',
  PRIMARY KEY (`id`),
  UNIQUE KEY `brgsh_matrixcontent_specials_elementId_locale_unq_idx` (`elementId`,`locale`),
  KEY `brgsh_matrixcontent_specials_locale_fk` (`locale`)
) ENGINE=InnoDB AUTO_INCREMENT=5 DEFAULT CHARSET=utf8 COLLATE=utf8_unicode_ci;

--
-- Data for table `brgsh_matrixcontent_specials`
--

INSERT INTO `brgsh_matrixcontent_specials` (`id`, `elementId`, `locale`, `field_special_specialName`, `field_special_description`, `field_special_specialLink`, `dateCreated`, `dateUpdated`, `uid`) VALUES
 ('1', '63', 'ru_ru', 'Банкетное меню', 'Новое специальное меню', '#', '2017-05-29 01:21:41', '2017-05-31 02:49:59', '4c09b358-f148-4660-a717-f8e53a5989bd'),
 ('2', '64', 'ru_ru', 'Пиво в подарок!', 'Каждые вторник и воскресенье - второе фирменное пиво в подарок!', '#', '2017-05-29 01:21:41', '2017-05-31 02:49:59', '99193e6e-67f4-4463-84af-a0857fc8ffc9'),
 ('3', '65', 'ru_ru', 'Получи скидку 40%', 'Распечатай купон и получи скидку!', '#', '2017-05-29 01:21:41', '2017-05-31 02:49:59', '26c95312-8e9e-4e0b-8991-1d4661d20110'),
 ('4', '66', 'ru_ru', 'Скидка 15%', 'Скидка действует 2 дня до и 2 дня после даты рождения!', '#', '2017-05-29 01:21:42', '2017-05-31 02:49:59', '011da9f7-1ff3-48b3-b366-479834f89e9a');



DROP TABLE IF EXISTS `brgsh_migrations`;


--
-- Schema for table `brgsh_migrations`
--
CREATE TABLE `brgsh_migrations` (
  `id` int(11) NOT NULL AUTO_INCREMENT,
  `pluginId` int(11) DEFAULT NULL,
  `version` varchar(255) COLLATE utf8_unicode_ci NOT NULL,
  `applyTime` datetime NOT NULL,
  `dateCreated` datetime NOT NULL,
  `dateUpdated` datetime NOT NULL,
  `uid` char(36) COLLATE utf8_unicode_ci NOT NULL DEFAULT '0',
  PRIMARY KEY (`id`),
  UNIQUE KEY `brgsh_migrations_version_unq_idx` (`version`),
  KEY `brgsh_migrations_pluginId_fk` (`pluginId`)
) ENGINE=InnoDB AUTO_INCREMENT=40 DEFAULT CHARSET=utf8 COLLATE=utf8_unicode_ci;

--
-- Data for table `brgsh_migrations`
--

INSERT INTO `brgsh_migrations` (`id`, `pluginId`, `version`, `applyTime`, `dateCreated`, `dateUpdated`, `uid`) VALUES
 ('1', NULL, 'm000000_000000_base', '2017-05-27 01:12:19', '2017-05-27 01:12:19', '2017-05-27 01:12:19', '3e52703c-2af0-4e78-a6b1-3421dbe62d1e'),
 ('2', NULL, 'm140730_000001_add_filename_and_format_to_transformindex', '2017-05-27 01:12:19', '2017-05-27 01:12:19', '2017-05-27 01:12:19', '05128747-7414-45ad-8708-3c16b788316d'),
 ('3', NULL, 'm140815_000001_add_format_to_transforms', '2017-05-27 01:12:19', '2017-05-27 01:12:19', '2017-05-27 01:12:19', '717683be-7d4f-48f6-a8f3-8acf6a02a5a2'),
 ('4', NULL, 'm140822_000001_allow_more_than_128_items_per_field', '2017-05-27 01:12:19', '2017-05-27 01:12:19', '2017-05-27 01:12:19', '75cdd0fc-eb9f-4171-9121-a2c3beb0df22'),
 ('5', NULL, 'm140829_000001_single_title_formats', '2017-05-27 01:12:19', '2017-05-27 01:12:19', '2017-05-27 01:12:19', '742602d4-47a5-4cf6-9cf7-0ae22d15b278'),
 ('6', NULL, 'm140831_000001_extended_cache_keys', '2017-05-27 01:12:19', '2017-05-27 01:12:19', '2017-05-27 01:12:19', '0160698d-e3f0-44d1-a3fb-d4e623554f72'),
 ('7', NULL, 'm140922_000001_delete_orphaned_matrix_blocks', '2017-05-27 01:12:19', '2017-05-27 01:12:19', '2017-05-27 01:12:19', '2342400a-1186-44a9-826e-91671e176ac2'),
 ('8', NULL, 'm141008_000001_elements_index_tune', '2017-05-27 01:12:19', '2017-05-27 01:12:19', '2017-05-27 01:12:19', 'f3c263ae-f5c6-40dd-8cd4-9bac8dd0893b'),
 ('9', NULL, 'm141009_000001_assets_source_handle', '2017-05-27 01:12:19', '2017-05-27 01:12:19', '2017-05-27 01:12:19', '0a735c8b-0828-4e4a-921c-153ddc10d5f4'),
 ('10', NULL, 'm141024_000001_field_layout_tabs', '2017-05-27 01:12:19', '2017-05-27 01:12:19', '2017-05-27 01:12:19', '25892339-d019-4f17-8a6c-cd191979f732'),
 ('11', NULL, 'm141030_000000_plugin_schema_versions', '2017-05-27 01:12:19', '2017-05-27 01:12:19', '2017-05-27 01:12:19', '60cc4062-b256-43ac-b5de-dc1e4e8eded3'),
 ('12', NULL, 'm141030_000001_drop_structure_move_permission', '2017-05-27 01:12:19', '2017-05-27 01:12:19', '2017-05-27 01:12:19', 'c42bca3e-a6fa-4ba9-8388-0c42edc41170'),
 ('13', NULL, 'm141103_000001_tag_titles', '2017-05-27 01:12:19', '2017-05-27 01:12:19', '2017-05-27 01:12:19', 'ff494b11-7d41-4fa8-aa99-06e244aeeeb1'),
 ('14', NULL, 'm141109_000001_user_status_shuffle', '2017-05-27 01:12:19', '2017-05-27 01:12:19', '2017-05-27 01:12:19', 'c4185c2c-6d14-4951-b422-9772b2c826c0'),
 ('15', NULL, 'm141126_000001_user_week_start_day', '2017-05-27 01:12:19', '2017-05-27 01:12:19', '2017-05-27 01:12:19', '512c4348-1f4d-477b-9acf-2b8899889d0c'),
 ('16', NULL, 'm150210_000001_adjust_user_photo_size', '2017-05-27 01:12:19', '2017-05-27 01:12:19', '2017-05-27 01:12:19', '29a44725-27c6-45f9-8345-0f133077b427'),
 ('17', NULL, 'm150724_000001_adjust_quality_settings', '2017-05-27 01:12:19', '2017-05-27 01:12:19', '2017-05-27 01:12:19', '45e8ba4c-9731-46dd-a887-ec0c978963f1'),
 ('18', NULL, 'm150827_000000_element_index_settings', '2017-05-27 01:12:19', '2017-05-27 01:12:19', '2017-05-27 01:12:19', '6b79d08f-6c93-4fdb-871f-0f56557b8f54'),
 ('19', NULL, 'm150918_000001_add_colspan_to_widgets', '2017-05-27 01:12:19', '2017-05-27 01:12:19', '2017-05-27 01:12:19', 'ef9d773f-ad57-46d6-ae65-fe8a0572e8f3'),
 ('20', NULL, 'm151007_000000_clear_asset_caches', '2017-05-27 01:12:19', '2017-05-27 01:12:19', '2017-05-27 01:12:19', '6be10c1b-9620-4d21-89f6-02eb056d70a9'),
 ('21', NULL, 'm151109_000000_text_url_formats', '2017-05-27 01:12:19', '2017-05-27 01:12:19', '2017-05-27 01:12:19', '6d7c8180-144d-43df-bdf3-045e7c763c63'),
 ('22', NULL, 'm151110_000000_move_logo', '2017-05-27 01:12:19', '2017-05-27 01:12:19', '2017-05-27 01:12:19', '9346ea9e-2c3a-4004-8381-3a047bd33635'),
 ('23', NULL, 'm151117_000000_adjust_image_widthheight', '2017-05-27 01:12:19', '2017-05-27 01:12:19', '2017-05-27 01:12:19', '7a1653e2-bc75-4a02-b46a-1399778343c1'),
 ('24', NULL, 'm151127_000000_clear_license_key_status', '2017-05-27 01:12:19', '2017-05-27 01:12:19', '2017-05-27 01:12:19', '0afd39b6-12a8-4754-b9e1-e8e61130965f'),
 ('25', NULL, 'm151127_000000_plugin_license_keys', '2017-05-27 01:12:19', '2017-05-27 01:12:19', '2017-05-27 01:12:19', '32940f82-8d92-4a5b-aec2-6c82c05e8508'),
 ('26', NULL, 'm151130_000000_update_pt_widget_feeds', '2017-05-27 01:12:19', '2017-05-27 01:12:19', '2017-05-27 01:12:19', '2fad5eb2-0c35-4a5a-9318-e59af747d19c'),
 ('27', NULL, 'm160114_000000_asset_sources_public_url_default_true', '2017-05-27 01:12:19', '2017-05-27 01:12:19', '2017-05-27 01:12:19', '2dd8c7d0-c604-4cec-a7c1-1eeda1c9dd10'),
 ('28', NULL, 'm160223_000000_sortorder_to_smallint', '2017-05-27 01:12:19', '2017-05-27 01:12:19', '2017-05-27 01:12:19', '2324653e-38d2-4f3b-b4d8-0197d1002657'),
 ('29', NULL, 'm160229_000000_set_default_entry_statuses', '2017-05-27 01:12:19', '2017-05-27 01:12:19', '2017-05-27 01:12:19', '2e830c79-6371-4aad-9b3a-985718bba1a7'),
 ('30', NULL, 'm160304_000000_client_permissions', '2017-05-27 01:12:19', '2017-05-27 01:12:19', '2017-05-27 01:12:19', '929fc4e7-856e-46af-99cd-5815f3254836'),
 ('31', NULL, 'm160322_000000_asset_filesize', '2017-05-27 01:12:19', '2017-05-27 01:12:19', '2017-05-27 01:12:19', 'e518ea68-e89d-4e73-aaaf-f39de00bb629'),
 ('32', NULL, 'm160503_000000_orphaned_fieldlayouts', '2017-05-27 01:12:19', '2017-05-27 01:12:19', '2017-05-27 01:12:19', '5d62b9c6-ad7f-4c6e-b348-0128b25ce9ec'),
 ('33', NULL, 'm160510_000000_tasksettings', '2017-05-27 01:12:19', '2017-05-27 01:12:19', '2017-05-27 01:12:19', '27faf60c-ce1c-4764-ba38-8243087f9aec'),
 ('34', NULL, 'm160829_000000_pending_user_content_cleanup', '2017-05-27 01:12:19', '2017-05-27 01:12:19', '2017-05-27 01:12:19', '0a9d891c-b816-4fe0-888a-504e54879d43'),
 ('35', NULL, 'm160830_000000_asset_index_uri_increase', '2017-05-27 01:12:19', '2017-05-27 01:12:19', '2017-05-27 01:12:19', '5b9c2658-2cc6-4152-80f8-ad0c55d0af9e'),
 ('36', NULL, 'm160919_000000_usergroup_handle_title_unique', '2017-05-27 01:12:19', '2017-05-27 01:12:19', '2017-05-27 01:12:19', '8afe9d0e-4e96-4e6d-8553-87518007852b'),
 ('37', NULL, 'm161108_000000_new_version_format', '2017-05-27 01:12:19', '2017-05-27 01:12:19', '2017-05-27 01:12:19', '57241bc8-4050-4103-8977-c5b696978367'),
 ('38', NULL, 'm161109_000000_index_shuffle', '2017-05-27 01:12:19', '2017-05-27 01:12:19', '2017-05-27 01:12:19', '56223d0f-6cfd-441f-b726-e074d191ba5f'),
 ('39', '3', 'm140713_000000_minimee_ChangeTagToReturnSettingsFieldNames', '2017-05-28 21:19:42', '2017-05-28 21:19:42', '2017-05-28 21:19:42', 'f9dc22c9-558e-4022-9a64-56968fbc8f8c');



DROP TABLE IF EXISTS `brgsh_plugins`;


--
-- Schema for table `brgsh_plugins`
--
CREATE TABLE `brgsh_plugins` (
  `id` int(11) NOT NULL AUTO_INCREMENT,
  `class` varchar(150) COLLATE utf8_unicode_ci NOT NULL,
  `version` varchar(15) COLLATE utf8_unicode_ci NOT NULL,
  `schemaVersion` varchar(15) COLLATE utf8_unicode_ci DEFAULT NULL,
  `licenseKey` char(24) COLLATE utf8_unicode_ci DEFAULT NULL,
  `licenseKeyStatus` enum('valid','invalid','mismatched','unknown') COLLATE utf8_unicode_ci NOT NULL DEFAULT 'unknown',
  `enabled` tinyint(1) unsigned NOT NULL DEFAULT '0',
  `settings` text COLLATE utf8_unicode_ci,
  `installDate` datetime NOT NULL,
  `dateCreated` datetime NOT NULL,
  `dateUpdated` datetime NOT NULL,
  `uid` char(36) COLLATE utf8_unicode_ci NOT NULL DEFAULT '0',
  PRIMARY KEY (`id`)
) ENGINE=InnoDB AUTO_INCREMENT=6 DEFAULT CHARSET=utf8 COLLATE=utf8_unicode_ci;

--
-- Data for table `brgsh_plugins`
--

INSERT INTO `brgsh_plugins` (`id`, `class`, `version`, `schemaVersion`, `licenseKey`, `licenseKeyStatus`, `enabled`, `settings`, `installDate`, `dateCreated`, `dateUpdated`, `uid`) VALUES
 ('1', 'ContactForm', '1.8.1', '1.0.0', NULL, 'unknown', '1', '{\"toEmail\":\"contact@bronskiy.com\",\"prependSender\":\"\\u041e\\u0442\",\"prependSubject\":\"\\u041d\\u043e\\u0432\\u043e\\u0435 \\u0441\\u043e\\u043e\\u0431\\u0449\\u0435\\u043d\\u0438\\u0435 Bergstein.Bar\",\"allowAttachments\":\"\",\"honeypotField\":\"\",\"successFlashMessage\":\"\\u0412\\u0430\\u0448\\u0435 \\u0441\\u043e\\u043e\\u0431\\u0449\\u0435\\u043d\\u0438\\u0435 \\u043e\\u0442\\u043f\\u0440\\u0430\\u0432\\u043b\\u0435\\u043d\\u043e.\"}', '2017-05-28 21:19:35', '2017-05-28 21:19:35', '2017-06-01 00:18:10', '2c34eae1-ad7a-4b84-98fb-9cb70b35cbcf'),
 ('2', 'Hacksaw', '1.1.2', NULL, NULL, 'unknown', '1', NULL, '2017-05-28 21:19:40', '2017-05-28 21:19:40', '2017-06-01 00:18:10', '391ea3a0-a5ff-44e7-94d2-b028128ed89a'),
 ('3', 'Minimee', '0.9.8', '1.0.0', NULL, 'unknown', '1', NULL, '2017-05-28 21:19:42', '2017-05-28 21:19:42', '2017-06-01 00:18:10', 'd75b6721-9df1-497c-b090-26078cd0ff6c'),
 ('4', 'redactorExtras', '1.3.2', NULL, NULL, 'unknown', '1', NULL, '2017-05-28 21:19:46', '2017-05-28 21:19:46', '2017-06-01 00:18:10', 'aa1be9f8-bae0-46ca-b0cf-614e8b31b60d');



DROP TABLE IF EXISTS `brgsh_rackspaceaccess`;


--
-- Schema for table `brgsh_rackspaceaccess`
--
CREATE TABLE `brgsh_rackspaceaccess` (
  `id` int(11) NOT NULL AUTO_INCREMENT,
  `connectionKey` varchar(255) COLLATE utf8_unicode_ci NOT NULL,
  `token` varchar(255) COLLATE utf8_unicode_ci NOT NULL,
  `storageUrl` varchar(255) COLLATE utf8_unicode_ci NOT NULL,
  `cdnUrl` varchar(255) COLLATE utf8_unicode_ci NOT NULL,
  `dateCreated` datetime NOT NULL,
  `dateUpdated` datetime NOT NULL,
  `uid` char(36) COLLATE utf8_unicode_ci NOT NULL DEFAULT '0',
  PRIMARY KEY (`id`),
  UNIQUE KEY `brgsh_rackspaceaccess_connectionKey_unq_idx` (`connectionKey`)
) ENGINE=InnoDB DEFAULT CHARSET=utf8 COLLATE=utf8_unicode_ci;

DROP TABLE IF EXISTS `brgsh_relations`;


--
-- Schema for table `brgsh_relations`
--
CREATE TABLE `brgsh_relations` (
  `id` int(11) NOT NULL AUTO_INCREMENT,
  `fieldId` int(11) NOT NULL,
  `sourceId` int(11) NOT NULL,
  `sourceLocale` char(12) COLLATE utf8_unicode_ci DEFAULT NULL,
  `targetId` int(11) NOT NULL,
  `sortOrder` smallint(6) DEFAULT NULL,
  `dateCreated` datetime NOT NULL,
  `dateUpdated` datetime NOT NULL,
  `uid` char(36) COLLATE utf8_unicode_ci NOT NULL DEFAULT '0',
  PRIMARY KEY (`id`),
  UNIQUE KEY `brgsh_relations_fieldId_sourceId_sourceLocale_targetId_unq_idx` (`fieldId`,`sourceId`,`sourceLocale`,`targetId`),
  KEY `brgsh_relations_sourceId_fk` (`sourceId`),
  KEY `brgsh_relations_sourceLocale_fk` (`sourceLocale`),
  KEY `brgsh_relations_targetId_fk` (`targetId`)
) ENGINE=InnoDB AUTO_INCREMENT=73 DEFAULT CHARSET=utf8 COLLATE=utf8_unicode_ci;

--
-- Data for table `brgsh_relations`
--

INSERT INTO `brgsh_relations` (`id`, `fieldId`, `sourceId`, `sourceLocale`, `targetId`, `sortOrder`, `dateCreated`, `dateUpdated`, `uid`) VALUES
 ('11', '18', '71', NULL, '73', '1', '2017-05-30 15:11:33', '2017-05-30 15:11:33', 'f112bcaf-058f-40c3-8324-4a1f0d53a140'),
 ('12', '18', '70', NULL, '73', '1', '2017-05-30 15:21:16', '2017-05-30 15:21:16', '69db2c33-775e-4140-97ed-8fc27242296a'),
 ('13', '18', '72', NULL, '73', '1', '2017-05-30 20:31:02', '2017-05-30 20:31:02', 'e3bd5d4a-787b-4730-bc04-8e70b5ea33cd'),
 ('14', '19', '72', NULL, '79', '1', '2017-05-30 20:31:02', '2017-05-30 20:31:02', '291e8d2b-24e8-4feb-91b9-57ccfe8c7cea'),
 ('15', '19', '72', NULL, '80', '2', '2017-05-30 20:31:02', '2017-05-30 20:31:02', '938fb9ff-2c2e-41ca-82e1-b0d197c3160b'),
 ('16', '19', '72', NULL, '81', '3', '2017-05-30 20:31:02', '2017-05-30 20:31:02', '9da3040c-c629-4781-a343-4dcd9a4a02ed'),
 ('17', '19', '72', NULL, '74', '4', '2017-05-30 20:31:02', '2017-05-30 20:31:02', '7e029437-a7dd-47d7-a42a-2d5d0c7a040d'),
 ('18', '19', '72', NULL, '75', '5', '2017-05-30 20:31:02', '2017-05-30 20:31:02', '9d951c14-a470-49b1-b29a-2347af527bb3'),
 ('19', '19', '72', NULL, '76', '6', '2017-05-30 20:31:02', '2017-05-30 20:31:02', '1c71ee83-93c4-497c-8131-c5c3a7c0a5cb'),
 ('20', '19', '72', NULL, '77', '7', '2017-05-30 20:31:02', '2017-05-30 20:31:02', '606382d2-dbdd-4796-bff1-60d2f2364163'),
 ('21', '19', '72', NULL, '78', '8', '2017-05-30 20:31:02', '2017-05-30 20:31:02', 'b3e21120-267e-4cad-9695-4675d49a9111'),
 ('28', '22', '9', NULL, '90', '1', '2017-05-31 00:49:40', '2017-05-31 00:49:40', 'bc0b6492-ac85-49aa-8f8b-3f50153b911f'),
 ('30', '22', '11', NULL, '92', '1', '2017-05-31 00:57:11', '2017-05-31 00:57:11', '33776643-1a31-49a8-a175-5111636301dc'),
 ('31', '22', '31', NULL, '93', '1', '2017-05-31 00:57:19', '2017-05-31 00:57:19', 'd15bc0cc-71e2-4aad-a58e-b50fb21b87cc'),
 ('32', '22', '32', NULL, '91', '1', '2017-05-31 00:57:29', '2017-05-31 00:57:29', 'ca1650e5-b2c9-4441-9985-6fdf8a81f831'),
 ('33', '22', '12', NULL, '93', '1', '2017-05-31 00:57:38', '2017-05-31 00:57:38', 'bdc7c9ca-93f4-46a6-bc5b-fb0bba34f456'),
 ('34', '22', '13', NULL, '93', '1', '2017-05-31 00:57:48', '2017-05-31 00:57:48', '829a132b-2471-4813-9832-7a3345380d6c'),
 ('35', '22', '20', NULL, '95', '1', '2017-05-31 00:57:56', '2017-05-31 00:57:56', 'd0b8d7bd-5b18-4a79-a3c9-c8c565a21cc8'),
 ('36', '22', '22', NULL, '91', '1', '2017-05-31 00:58:04', '2017-05-31 00:58:04', '28e7bb1e-8d93-481d-898d-58927011efd9'),
 ('37', '22', '87', NULL, '94', '1', '2017-05-31 00:58:13', '2017-05-31 00:58:13', 'f33bd204-f472-4c66-8078-a50e792c30e1'),
 ('38', '22', '88', NULL, '92', '1', '2017-05-31 00:58:45', '2017-05-31 00:58:45', '2b344edc-bbec-497f-9f4e-1b3ca1788a2d'),
 ('39', '22', '89', NULL, '95', '1', '2017-05-31 00:59:00', '2017-05-31 00:59:00', '364ad377-d1a4-493f-b585-fbba818b6985'),
 ('52', '13', '63', NULL, '96', '1', '2017-05-31 02:49:59', '2017-05-31 02:49:59', '9245a1bc-b850-490a-8370-bfd21f87450f'),
 ('53', '13', '64', NULL, '97', '1', '2017-05-31 02:49:59', '2017-05-31 02:49:59', 'f2d6ede7-946e-4209-bee3-6610724fcb02'),
 ('54', '13', '65', NULL, '98', '1', '2017-05-31 02:49:59', '2017-05-31 02:49:59', '7cdb49d9-b235-4c9e-b414-b7aa55ffed49'),
 ('55', '13', '66', NULL, '99', '1', '2017-05-31 02:49:59', '2017-05-31 02:49:59', '07830ef0-cd33-4b92-aeaa-17c3ca906c83'),
 ('62', '16', '68', NULL, '100', '1', '2017-05-31 02:55:00', '2017-05-31 02:55:00', '41da0f47-0e5d-4ed3-a7c2-e06a7afa4402'),
 ('63', '16', '102', NULL, '101', '1', '2017-05-31 02:57:01', '2017-05-31 02:57:01', 'b17fe044-a968-4815-9f73-e8d85f83a319'),
 ('64', '16', '67', NULL, '103', '1', '2017-05-31 03:00:10', '2017-05-31 03:00:10', 'e4a72b25-588c-4717-b86d-8a294e2d99ed'),
 ('65', '2', '67', NULL, '82', '1', '2017-05-31 03:00:10', '2017-05-31 03:00:10', 'e801b313-f911-4d13-bd86-5227a468ff12'),
 ('66', '2', '67', NULL, '83', '2', '2017-05-31 03:00:10', '2017-05-31 03:00:10', 'b24ce637-d221-4568-b25e-040b6e818775'),
 ('67', '2', '67', NULL, '84', '3', '2017-05-31 03:00:10', '2017-05-31 03:00:10', '05f89d33-4ae2-4654-a204-54fa3e33af16'),
 ('68', '2', '67', NULL, '86', '4', '2017-05-31 03:00:10', '2017-05-31 03:00:10', '48c2c946-21fe-4c0c-b772-cbad26ccbc0c'),
 ('71', '3', '59', NULL, '43', '1', '2017-05-31 03:01:28', '2017-05-31 03:01:28', 'e92d8d96-dde2-480e-8f2d-0a174e41d332'),
 ('72', '3', '51', NULL, '46', '1', '2017-05-31 03:01:58', '2017-05-31 03:01:58', 'bd36e259-e3a7-42bd-a7c9-3c7f5b4228f8');



DROP TABLE IF EXISTS `brgsh_routes`;


--
-- Schema for table `brgsh_routes`
--
CREATE TABLE `brgsh_routes` (
  `id` int(11) NOT NULL AUTO_INCREMENT,
  `locale` char(12) COLLATE utf8_unicode_ci DEFAULT NULL,
  `urlParts` varchar(255) COLLATE utf8_unicode_ci NOT NULL,
  `urlPattern` varchar(255) COLLATE utf8_unicode_ci NOT NULL,
  `template` varchar(255) COLLATE utf8_unicode_ci NOT NULL,
  `sortOrder` smallint(6) unsigned DEFAULT NULL,
  `dateCreated` datetime NOT NULL,
  `dateUpdated` datetime NOT NULL,
  `uid` char(36) COLLATE utf8_unicode_ci NOT NULL DEFAULT '0',
  PRIMARY KEY (`id`),
  UNIQUE KEY `brgsh_routes_urlPattern_unq_idx` (`urlPattern`),
  KEY `brgsh_routes_locale_idx` (`locale`)
) ENGINE=InnoDB DEFAULT CHARSET=utf8 COLLATE=utf8_unicode_ci;

DROP TABLE IF EXISTS `brgsh_searchindex`;


--
-- Schema for table `brgsh_searchindex`
--
CREATE TABLE `brgsh_searchindex` (
  `elementId` int(11) NOT NULL,
  `attribute` varchar(25) COLLATE utf8_unicode_ci NOT NULL,
  `fieldId` int(11) NOT NULL,
  `locale` char(12) COLLATE utf8_unicode_ci NOT NULL,
  `keywords` text COLLATE utf8_unicode_ci NOT NULL,
  PRIMARY KEY (`elementId`,`attribute`,`fieldId`,`locale`),
  FULLTEXT KEY `brgsh_searchindex_keywords_idx` (`keywords`)
) ENGINE=MyISAM DEFAULT CHARSET=utf8 COLLATE=utf8_unicode_ci;

--
-- Data for table `brgsh_searchindex`
--

INSERT INTO `brgsh_searchindex` (`elementId`, `attribute`, `fieldId`, `locale`, `keywords`) VALUES
 ('2', 'slug', '0', 'ru_ru', ' homepage '),
 ('2', 'title', '0', 'ru_ru', ' bergstein bar '),
 ('2', 'field', '1', 'ru_ru', ' ogromnyj assortiment kraftovogo piva raznoobraznaya kuhnya i priyatnaya muzyka v uyutnom restorane bergshtajn u nas vy mozhete provesti banket ili korporativ posmotretь sportivnye translyacii ili pokuritь kalьyan v menyu predstavleny italьyanskaya yaponskaya i tradicionno russkaya kuhni '),
 ('10', 'slug', '0', 'ru_ru', ' shef rekomenduet '),
 ('4', 'slug', '0', 'ru_ru', ' glavnaya '),
 ('4', 'title', '0', 'ru_ru', ' glavnaya '),
 ('5', 'slug', '0', 'ru_ru', ' menyu '),
 ('5', 'title', '0', 'ru_ru', ' menyu '),
 ('6', 'slug', '0', 'ru_ru', ' fotogalereya '),
 ('6', 'title', '0', 'ru_ru', ' fotogalereya '),
 ('7', 'slug', '0', 'ru_ru', ' kontakty '),
 ('7', 'title', '0', 'ru_ru', ' kontakty '),
 ('8', 'slug', '0', 'ru_ru', ' otzyvy '),
 ('8', 'title', '0', 'ru_ru', ' otzyvy '),
 ('9', 'slug', '0', 'ru_ru', ' osnovnoe menyu '),
 ('9', 'title', '0', 'ru_ru', ' osnovnoe menyu '),
 ('1', 'username', '0', 'ru_ru', ' brg_admin '),
 ('1', 'firstname', '0', 'ru_ru', ''),
 ('1', 'lastname', '0', 'ru_ru', ''),
 ('1', 'fullname', '0', 'ru_ru', ''),
 ('1', 'email', '0', 'ru_ru', ' contact bronskiy com '),
 ('1', 'slug', '0', 'ru_ru', ''),
 ('10', 'title', '0', 'ru_ru', ' shef rekomenduet '),
 ('11', 'slug', '0', 'ru_ru', ' appetitnaya italiya '),
 ('11', 'title', '0', 'ru_ru', ' appetitnaya italiya '),
 ('12', 'slug', '0', 'ru_ru', ' barnoe menyu '),
 ('12', 'title', '0', 'ru_ru', ' barnoe menyu '),
 ('13', 'slug', '0', 'ru_ru', ' pivnaya karta '),
 ('13', 'title', '0', 'ru_ru', ' pivnaya karta '),
 ('14', 'slug', '0', 'ru_ru', ' prazdnichnoe pivo '),
 ('14', 'title', '0', 'ru_ru', ' prazdnichnoe pivo '),
 ('15', 'slug', '0', 'ru_ru', ' pivo v butylkah '),
 ('15', 'title', '0', 'ru_ru', ' pivo v butylkah '),
 ('16', 'slug', '0', 'ru_ru', ' igristye vina '),
 ('16', 'title', '0', 'ru_ru', ' igristye vina '),
 ('17', 'slug', '0', 'ru_ru', ' belye vina '),
 ('17', 'title', '0', 'ru_ru', ' belye vina '),
 ('18', 'slug', '0', 'ru_ru', ' desertnoe vino '),
 ('18', 'title', '0', 'ru_ru', ' desertnoe vino '),
 ('19', 'slug', '0', 'ru_ru', ' vino po bokalam '),
 ('19', 'title', '0', 'ru_ru', ' vino po bokalam '),
 ('20', 'slug', '0', 'ru_ru', ' krasnye vina '),
 ('20', 'title', '0', 'ru_ru', ' krasnye vina '),
 ('21', 'slug', '0', 'ru_ru', ' rozovye vina '),
 ('21', 'title', '0', 'ru_ru', ' rozovye vina '),
 ('22', 'slug', '0', 'ru_ru', ' koktejli '),
 ('22', 'title', '0', 'ru_ru', ' koktejli '),
 ('23', 'slug', '0', 'ru_ru', ' vodka '),
 ('23', 'title', '0', 'ru_ru', ' vodka '),
 ('24', 'slug', '0', 'ru_ru', ' didzhestiv domashnie nastojki '),
 ('24', 'title', '0', 'ru_ru', ' didzhestiv domashnie nastojki '),
 ('25', 'slug', '0', 'ru_ru', ' viski konyak '),
 ('25', 'title', '0', 'ru_ru', ' viski konьyak '),
 ('26', 'slug', '0', 'ru_ru', ' tekila rom '),
 ('26', 'title', '0', 'ru_ru', ' tekila rom '),
 ('27', 'slug', '0', 'ru_ru', ' aperitivy '),
 ('27', 'title', '0', 'ru_ru', ' aperitivy '),
 ('28', 'slug', '0', 'ru_ru', ' portvejn dzhin likery '),
 ('28', 'title', '0', 'ru_ru', ' portvejn dzhin likery '),
 ('29', 'slug', '0', 'ru_ru', ' goryachie napitki '),
 ('29', 'title', '0', 'ru_ru', ' goryachie napitki '),
 ('30', 'slug', '0', 'ru_ru', ' prohladitelnye napitki '),
 ('30', 'title', '0', 'ru_ru', ' prohladitelьnye napitki '),
 ('31', 'slug', '0', 'ru_ru', ' zakuski k pivu '),
 ('31', 'title', '0', 'ru_ru', ' zakuski k pivu '),
 ('32', 'slug', '0', 'ru_ru', ' holodnye zakuski '),
 ('32', 'title', '0', 'ru_ru', ' holodnye zakuski '),
 ('33', 'slug', '0', 'ru_ru', ' goryachie zakuski '),
 ('33', 'title', '0', 'ru_ru', ' goryachie zakuski '),
 ('34', 'slug', '0', 'ru_ru', ' salaty '),
 ('34', 'title', '0', 'ru_ru', ' salaty '),
 ('35', 'slug', '0', 'ru_ru', ' firmennye blyuda bergshtajna '),
 ('35', 'title', '0', 'ru_ru', ' firmennye blyuda bergshtajna '),
 ('36', 'slug', '0', 'ru_ru', ' supy '),
 ('36', 'title', '0', 'ru_ru', ' supy '),
 ('37', 'slug', '0', 'ru_ru', ' goryachie rybnye blyuda '),
 ('37', 'title', '0', 'ru_ru', ' goryachie rybnye blyuda '),
 ('38', 'slug', '0', 'ru_ru', ' goryachie myasnye blyuda '),
 ('38', 'title', '0', 'ru_ru', ' goryachie myasnye blyuda '),
 ('39', 'slug', '0', 'ru_ru', ' garniry '),
 ('39', 'title', '0', 'ru_ru', ' garniry '),
 ('40', 'slug', '0', 'ru_ru', ' deserty '),
 ('40', 'title', '0', 'ru_ru', ' deserty '),
 ('41', 'slug', '0', 'ru_ru', ' solnechnye zavtraki '),
 ('41', 'title', '0', 'ru_ru', ' solnechnye zavtraki '),
 ('42', 'slug', '0', 'ru_ru', ' biznes lanchi '),
 ('42', 'title', '0', 'ru_ru', ' biznes lanchi '),
 ('43', 'filename', '0', 'ru_ru', ' vee6161_2_3_tonemapped jpg '),
 ('43', 'extension', '0', 'ru_ru', ' jpg '),
 ('43', 'kind', '0', 'ru_ru', ' image '),
 ('43', 'slug', '0', 'ru_ru', ' vee6161 2 3 tonemapped '),
 ('43', 'title', '0', 'ru_ru', ' vee6161 2 3 tonemapped '),
 ('44', 'filename', '0', 'ru_ru', ' vee6460 jpg '),
 ('44', 'extension', '0', 'ru_ru', ' jpg '),
 ('44', 'kind', '0', 'ru_ru', ' image '),
 ('44', 'slug', '0', 'ru_ru', ' vee6460 '),
 ('44', 'title', '0', 'ru_ru', ' vee6460 '),
 ('45', 'filename', '0', 'ru_ru', ' vee6676 jpg '),
 ('45', 'extension', '0', 'ru_ru', ' jpg '),
 ('45', 'kind', '0', 'ru_ru', ' image ');
INSERT INTO `brgsh_searchindex` (`elementId`, `attribute`, `fieldId`, `locale`, `keywords`) VALUES
 ('45', 'slug', '0', 'ru_ru', ' vee6676 '),
 ('45', 'title', '0', 'ru_ru', ' vee6676 '),
 ('46', 'filename', '0', 'ru_ru', ' vee6804_5_6_tonemapped jpg '),
 ('46', 'extension', '0', 'ru_ru', ' jpg '),
 ('46', 'kind', '0', 'ru_ru', ' image '),
 ('46', 'slug', '0', 'ru_ru', ' vee6804 5 6 tonemapped '),
 ('46', 'title', '0', 'ru_ru', ' vee6804 5 6 tonemapped '),
 ('47', 'filename', '0', 'ru_ru', ' vee6914_5_6_tonemapped jpg '),
 ('47', 'extension', '0', 'ru_ru', ' jpg '),
 ('47', 'kind', '0', 'ru_ru', ' image '),
 ('47', 'slug', '0', 'ru_ru', ' vee6914 5 6 tonemapped '),
 ('47', 'title', '0', 'ru_ru', ' vee6914 5 6 tonemapped '),
 ('48', 'filename', '0', 'ru_ru', ' 1 jpg '),
 ('48', 'extension', '0', 'ru_ru', ' jpg '),
 ('48', 'kind', '0', 'ru_ru', ' image '),
 ('48', 'slug', '0', 'ru_ru', ' 1 '),
 ('48', 'title', '0', 'ru_ru', ' 1 '),
 ('49', 'filename', '0', 'ru_ru', ' 3 jpg '),
 ('49', 'extension', '0', 'ru_ru', ' jpg '),
 ('49', 'kind', '0', 'ru_ru', ' image '),
 ('49', 'slug', '0', 'ru_ru', ' 3 '),
 ('49', 'title', '0', 'ru_ru', ' 3 '),
 ('50', 'filename', '0', 'ru_ru', ' 4 jpg '),
 ('50', 'extension', '0', 'ru_ru', ' jpg '),
 ('50', 'kind', '0', 'ru_ru', ' image '),
 ('50', 'slug', '0', 'ru_ru', ' 4 '),
 ('50', 'title', '0', 'ru_ru', ' 4 '),
 ('51', 'field', '3', 'ru_ru', ' vee6804 5 6 tonemapped '),
 ('51', 'field', '4', 'ru_ru', ' fotografii interьera '),
 ('51', 'field', '5', 'ru_ru', ' posmotretь gallery '),
 ('51', 'slug', '0', 'ru_ru', ' testovyj slajd '),
 ('51', 'title', '0', 'ru_ru', ' my otkrylisь '),
 ('52', 'field', '6', 'ru_ru', ' gallery '),
 ('52', 'field', '7', 'ru_ru', ' posmotretь '),
 ('52', 'slug', '0', 'ru_ru', ''),
 ('53', 'slug', '0', 'ru_ru', ''),
 ('54', 'slug', '0', 'ru_ru', ''),
 ('55', 'slug', '0', 'ru_ru', ''),
 ('56', 'slug', '0', 'ru_ru', ''),
 ('57', 'slug', '0', 'ru_ru', ''),
 ('58', 'slug', '0', 'ru_ru', ''),
 ('56', 'field', '8', 'ru_ru', ' info bergstein bar '),
 ('57', 'field', '9', 'ru_ru', ''),
 ('53', 'field', '8', 'ru_ru', ' g moskva ul bolьshaya pirogovskaya d 37 m sportivnaya '),
 ('58', 'field', '8', 'ru_ru', ' ezhednevno s 12 00 do 23 00 '),
 ('54', 'field', '9', 'ru_ru', ' 7 499 248 24 97 '),
 ('54', 'field', '8', 'ru_ru', ' 74992482497 '),
 ('55', 'field', '9', 'ru_ru', ' 7 977 647 47 53 '),
 ('55', 'field', '8', 'ru_ru', ' 79776474753 '),
 ('59', 'field', '3', 'ru_ru', ' vee6161 2 3 tonemapped '),
 ('59', 'field', '4', 'ru_ru', ' oznakomьtesь s novym menyu '),
 ('59', 'field', '5', 'ru_ru', ' perejti menu '),
 ('59', 'slug', '0', 'ru_ru', ''),
 ('59', 'title', '0', 'ru_ru', ' my otkrylisь '),
 ('60', 'field', '6', 'ru_ru', ' menu '),
 ('60', 'field', '7', 'ru_ru', ' perejti '),
 ('60', 'slug', '0', 'ru_ru', ''),
 ('4', 'field', '10', 'ru_ru', ''),
 ('5', 'field', '10', 'ru_ru', ' menu '),
 ('6', 'field', '10', 'ru_ru', ' gallery '),
 ('7', 'field', '10', 'ru_ru', ' contact '),
 ('8', 'field', '10', 'ru_ru', ' reviews '),
 ('61', 'field', '10', 'ru_ru', ' news '),
 ('61', 'slug', '0', 'ru_ru', ' novosti '),
 ('61', 'title', '0', 'ru_ru', ' novosti '),
 ('62', 'filename', '0', 'ru_ru', ' tasty_spotlight_cheese jpg '),
 ('62', 'extension', '0', 'ru_ru', ' jpg '),
 ('62', 'kind', '0', 'ru_ru', ' image '),
 ('62', 'slug', '0', 'ru_ru', ' tasty spotlight cheese '),
 ('62', 'title', '0', 'ru_ru', ' tasty spotlight cheese '),
 ('2', 'field', '11', 'ru_ru', ' utleie banketnoe menyu novoe specialьnoe menyu beer back pivo v podarok kazhdye vtornik i voskresenьe vtoroe firmennoe pivo v podarok woocommerce coupon tracking addon poluchi skidku 40% raspechataj kupon i poluchi skidku 162f8f90c9897b80d23fcdcfc4e4036a skidka 15% skidka dejstvuet 2 dnya do i 2 dnya posle daty rozhdeniya '),
 ('100', 'kind', '0', 'ru_ru', ' image '),
 ('100', 'slug', '0', 'ru_ru', ' crispy duck salad green beans super jumbo '),
 ('100', 'title', '0', 'ru_ru', ' crispy duck salad green beans super jumbo '),
 ('98', 'extension', '0', 'ru_ru', ' png '),
 ('98', 'kind', '0', 'ru_ru', ' image '),
 ('97', 'kind', '0', 'ru_ru', ' image '),
 ('97', 'slug', '0', 'ru_ru', ' beer back '),
 ('97', 'title', '0', 'ru_ru', ' beer back '),
 ('63', 'field', '12', 'ru_ru', ' banketnoe menyu '),
 ('63', 'field', '13', 'ru_ru', ' utleie '),
 ('63', 'field', '14', 'ru_ru', ' novoe specialьnoe menyu '),
 ('97', 'filename', '0', 'ru_ru', ' beer back jpg '),
 ('97', 'extension', '0', 'ru_ru', ' jpg '),
 ('63', 'field', '15', 'ru_ru', ''),
 ('63', 'slug', '0', 'ru_ru', ''),
 ('64', 'field', '12', 'ru_ru', ' pivo v podarok '),
 ('64', 'field', '13', 'ru_ru', ' beer back '),
 ('64', 'field', '14', 'ru_ru', ' kazhdye vtornik i voskresenьe vtoroe firmennoe pivo v podarok '),
 ('98', 'filename', '0', 'ru_ru', ' woocommerce coupon tracking addon png '),
 ('64', 'field', '15', 'ru_ru', ''),
 ('64', 'slug', '0', 'ru_ru', ''),
 ('65', 'field', '12', 'ru_ru', ' poluchi skidku 40% '),
 ('65', 'field', '13', 'ru_ru', ' woocommerce coupon tracking addon '),
 ('65', 'field', '14', 'ru_ru', ' raspechataj kupon i poluchi skidku '),
 ('100', 'extension', '0', 'ru_ru', ' jpg '),
 ('65', 'field', '15', 'ru_ru', ''),
 ('65', 'slug', '0', 'ru_ru', ''),
 ('66', 'field', '12', 'ru_ru', ' skidka 15% '),
 ('66', 'field', '13', 'ru_ru', ' 162f8f90c9897b80d23fcdcfc4e4036a ');
INSERT INTO `brgsh_searchindex` (`elementId`, `attribute`, `fieldId`, `locale`, `keywords`) VALUES
 ('66', 'field', '14', 'ru_ru', ' skidka dejstvuet 2 dnya do i 2 dnya posle daty rozhdeniya '),
 ('100', 'filename', '0', 'ru_ru', ' crispy duck salad green beans superjumbo jpg '),
 ('66', 'field', '15', 'ru_ru', ''),
 ('66', 'slug', '0', 'ru_ru', ''),
 ('67', 'field', '1', 'ru_ru', ' kraftovoe remeslennoe pivovarenie eto process proizvodstva piva nebolьshimi nezavisimymi organizaciyami kotorye priderzhivayutsya tradicionnyh receptov dannyj termin prishyol iz ssha anglijskoe slovo angl craft oznachaet remeslo professiya poetomu doslovno angl craft brewer mozhno perevesti kak remeslennyj pivovar kraftovye pivovary nebolьshie nezavisimye proizvoditeli kotorye varyat kachestvennoe pivo s nasyschennym vkusom i postoyanno eksperementiruyut kombiniruya stili i ingredienty so vsego mira v svoej produkcii '),
 ('101', 'extension', '0', 'ru_ru', ' jpg '),
 ('101', 'kind', '0', 'ru_ru', ' image '),
 ('101', 'slug', '0', 'ru_ru', ' krab kamchatca '),
 ('101', 'title', '0', 'ru_ru', ' krab kamchatca '),
 ('102', 'field', '16', 'ru_ru', ' krab kamchatca '),
 ('102', 'field', '1', 'ru_ru', ' na vybor kleshni plecho i kulaki himicheskij sostav kraba kamchatskogo soderzhit vitaminy gruppy a v s a takzhe rr pomimo togo krab kamchatskij obogaschen znachitelьnym kolichestvom cinka selena kaliya magniya kalьciya zheleza a takzhe fosfora i natriya '),
 ('67', 'field', '2', 'ru_ru', ' novinki skidki kupony translyacii '),
 ('67', 'slug', '0', 'ru_ru', ' kraftovoe pivo ot pivovaren jaws knightberg brew dog de molen '),
 ('67', 'title', '0', 'ru_ru', ' kraftovoe pivo ot pivovaren jaws knightberg brew dog de molen '),
 ('68', 'field', '1', 'ru_ru', ' novoe letnee menyu chizburger s oleninoj assorti iz vyalenogo myasa olenya utinaya grudka po shvejcarski tri novyh salata s telyatinoj utkoj syrom dor blyu i pikantnoe myaso na skovorode po tayozhnomu ginness 0 5 za 296 rublej kazhdyj chetverg i voskresenьe v restorane bergshtajn '),
 ('102', 'field', '2', 'ru_ru', ''),
 ('102', 'slug', '0', 'ru_ru', ' v menyu poyavilsya kamchatskij krab '),
 ('102', 'title', '0', 'ru_ru', ' v menyu poyavilsya kamchatskij krab '),
 ('103', 'filename', '0', 'ru_ru', ' beer 1 jpg '),
 ('103', 'extension', '0', 'ru_ru', ' jpg '),
 ('103', 'kind', '0', 'ru_ru', ' image '),
 ('103', 'slug', '0', 'ru_ru', ' beer 1 '),
 ('103', 'title', '0', 'ru_ru', ' beer 1 '),
 ('68', 'field', '2', 'ru_ru', ''),
 ('68', 'slug', '0', 'ru_ru', ''),
 ('68', 'title', '0', 'ru_ru', ' novoe menyu '),
 ('69', 'filename', '0', 'ru_ru', ' special 1 jpg '),
 ('69', 'extension', '0', 'ru_ru', ' jpg '),
 ('69', 'kind', '0', 'ru_ru', ' image '),
 ('69', 'slug', '0', 'ru_ru', ' special 1 '),
 ('69', 'title', '0', 'ru_ru', ' special 1 '),
 ('68', 'field', '16', 'ru_ru', ' crispy duck salad green beans super jumbo '),
 ('67', 'field', '16', 'ru_ru', ' beer 1 '),
 ('70', 'slug', '0', 'ru_ru', ' contact '),
 ('70', 'title', '0', 'ru_ru', ' kontakty '),
 ('71', 'slug', '0', 'ru_ru', ' reviews '),
 ('71', 'title', '0', 'ru_ru', ' otzyvy '),
 ('72', 'slug', '0', 'ru_ru', ' gallery '),
 ('72', 'title', '0', 'ru_ru', ' fotogalereya '),
 ('70', 'field', '17', 'ru_ru', ' svyazhitesь s nami esli u vas ostalisь voprosy '),
 ('73', 'filename', '0', 'ru_ru', ' bg image 12 jpg '),
 ('73', 'extension', '0', 'ru_ru', ' jpg '),
 ('73', 'kind', '0', 'ru_ru', ' image '),
 ('73', 'slug', '0', 'ru_ru', ' bg image 12 '),
 ('73', 'title', '0', 'ru_ru', ' bg image 12 '),
 ('72', 'field', '17', 'ru_ru', ' fotografii interьera i proshedshih meropriyatij '),
 ('72', 'field', '18', 'ru_ru', ' bg image 12 '),
 ('71', 'field', '17', 'ru_ru', ' my sovershenstvuemsya radi vas pozhalujsta ostavьte otzyv s predlozheniyami i zamechaniyami '),
 ('71', 'field', '18', 'ru_ru', ' bg image 12 '),
 ('70', 'field', '18', 'ru_ru', ' bg image 12 '),
 ('74', 'filename', '0', 'ru_ru', ' vee6161_2_3_tonemapped jpg '),
 ('74', 'extension', '0', 'ru_ru', ' jpg '),
 ('74', 'kind', '0', 'ru_ru', ' image '),
 ('74', 'slug', '0', 'ru_ru', ' vee6161 2 3 tonemapped '),
 ('74', 'title', '0', 'ru_ru', ' vee6161 2 3 tonemapped '),
 ('75', 'filename', '0', 'ru_ru', ' vee6460 jpg '),
 ('75', 'extension', '0', 'ru_ru', ' jpg '),
 ('75', 'kind', '0', 'ru_ru', ' image '),
 ('75', 'slug', '0', 'ru_ru', ' vee6460 '),
 ('75', 'title', '0', 'ru_ru', ' vee6460 '),
 ('76', 'filename', '0', 'ru_ru', ' vee6676 jpg '),
 ('76', 'extension', '0', 'ru_ru', ' jpg '),
 ('76', 'kind', '0', 'ru_ru', ' image '),
 ('76', 'slug', '0', 'ru_ru', ' vee6676 '),
 ('76', 'title', '0', 'ru_ru', ' vee6676 '),
 ('77', 'filename', '0', 'ru_ru', ' vee6804_5_6_tonemapped jpg '),
 ('77', 'extension', '0', 'ru_ru', ' jpg '),
 ('77', 'kind', '0', 'ru_ru', ' image '),
 ('77', 'slug', '0', 'ru_ru', ' vee6804 5 6 tonemapped '),
 ('77', 'title', '0', 'ru_ru', ' vee6804 5 6 tonemapped '),
 ('78', 'filename', '0', 'ru_ru', ' vee6914_5_6_tonemapped jpg '),
 ('78', 'extension', '0', 'ru_ru', ' jpg '),
 ('78', 'kind', '0', 'ru_ru', ' image '),
 ('78', 'slug', '0', 'ru_ru', ' vee6914 5 6 tonemapped '),
 ('78', 'title', '0', 'ru_ru', ' vee6914 5 6 tonemapped '),
 ('79', 'filename', '0', 'ru_ru', ' 1 jpg '),
 ('79', 'extension', '0', 'ru_ru', ' jpg '),
 ('79', 'kind', '0', 'ru_ru', ' image '),
 ('79', 'slug', '0', 'ru_ru', ' 1 '),
 ('79', 'title', '0', 'ru_ru', ' 1 '),
 ('80', 'filename', '0', 'ru_ru', ' 3 jpg '),
 ('80', 'extension', '0', 'ru_ru', ' jpg '),
 ('80', 'kind', '0', 'ru_ru', ' image '),
 ('80', 'slug', '0', 'ru_ru', ' 3 '),
 ('80', 'title', '0', 'ru_ru', ' 3 '),
 ('81', 'filename', '0', 'ru_ru', ' 4 jpg '),
 ('81', 'extension', '0', 'ru_ru', ' jpg '),
 ('81', 'kind', '0', 'ru_ru', ' image '),
 ('81', 'slug', '0', 'ru_ru', ' 4 '),
 ('81', 'title', '0', 'ru_ru', ' 4 '),
 ('72', 'field', '19', 'ru_ru', ' 1 3 4 vee6161 2 3 tonemapped vee6460 vee6676 vee6804 5 6 tonemapped vee6914 5 6 tonemapped '),
 ('82', 'name', '0', 'ru_ru', ' novinki '),
 ('82', 'slug', '0', 'ru_ru', ' novinki '),
 ('82', 'title', '0', 'ru_ru', ' novinki '),
 ('83', 'name', '0', 'ru_ru', ' skidki '),
 ('83', 'slug', '0', 'ru_ru', ' skidki '),
 ('83', 'title', '0', 'ru_ru', ' skidki '),
 ('84', 'name', '0', 'ru_ru', ' kupony '),
 ('84', 'slug', '0', 'ru_ru', ' kupony '),
 ('84', 'title', '0', 'ru_ru', ' kupony ');
INSERT INTO `brgsh_searchindex` (`elementId`, `attribute`, `fieldId`, `locale`, `keywords`) VALUES
 ('85', 'name', '0', 'ru_ru', ' transl '),
 ('85', 'slug', '0', 'ru_ru', ' transl '),
 ('85', 'title', '0', 'ru_ru', ' transl '),
 ('86', 'name', '0', 'ru_ru', ' translyacii '),
 ('86', 'slug', '0', 'ru_ru', ' translyacii '),
 ('86', 'title', '0', 'ru_ru', ' translyacii '),
 ('101', 'filename', '0', 'ru_ru', ' krab__kamchatca jpg '),
 ('87', 'field', '25', 'ru_ru', ''),
 ('87', 'slug', '0', 'ru_ru', ' picca '),
 ('87', 'title', '0', 'ru_ru', ' picca '),
 ('88', 'field', '25', 'ru_ru', ''),
 ('88', 'slug', '0', 'ru_ru', ' sushi '),
 ('88', 'title', '0', 'ru_ru', ' sushi '),
 ('89', 'field', '25', 'ru_ru', ''),
 ('89', 'slug', '0', 'ru_ru', ' kalyany '),
 ('89', 'title', '0', 'ru_ru', ' kalьyany '),
 ('90', 'filename', '0', 'ru_ru', ' food 1 png '),
 ('90', 'extension', '0', 'ru_ru', ' png '),
 ('90', 'kind', '0', 'ru_ru', ' image '),
 ('90', 'slug', '0', 'ru_ru', ' food 1 '),
 ('90', 'title', '0', 'ru_ru', ' food 1 '),
 ('9', 'field', '22', 'ru_ru', ' food 1 '),
 ('9', 'field', '25', 'ru_ru', ''),
 ('11', 'field', '22', 'ru_ru', ' food 3 '),
 ('11', 'field', '25', 'ru_ru', ''),
 ('91', 'filename', '0', 'ru_ru', ' food 2 png '),
 ('91', 'extension', '0', 'ru_ru', ' png '),
 ('91', 'kind', '0', 'ru_ru', ' image '),
 ('91', 'slug', '0', 'ru_ru', ' food 2 '),
 ('91', 'title', '0', 'ru_ru', ' food 2 '),
 ('92', 'filename', '0', 'ru_ru', ' food 3 png '),
 ('92', 'extension', '0', 'ru_ru', ' png '),
 ('92', 'kind', '0', 'ru_ru', ' image '),
 ('92', 'slug', '0', 'ru_ru', ' food 3 '),
 ('92', 'title', '0', 'ru_ru', ' food 3 '),
 ('93', 'filename', '0', 'ru_ru', ' food 4 png '),
 ('93', 'extension', '0', 'ru_ru', ' png '),
 ('93', 'kind', '0', 'ru_ru', ' image '),
 ('93', 'slug', '0', 'ru_ru', ' food 4 '),
 ('93', 'title', '0', 'ru_ru', ' food 4 '),
 ('94', 'filename', '0', 'ru_ru', ' food 5 png '),
 ('94', 'extension', '0', 'ru_ru', ' png '),
 ('94', 'kind', '0', 'ru_ru', ' image '),
 ('94', 'slug', '0', 'ru_ru', ' food 5 '),
 ('94', 'title', '0', 'ru_ru', ' food 5 '),
 ('95', 'filename', '0', 'ru_ru', ' food 6 png '),
 ('95', 'extension', '0', 'ru_ru', ' png '),
 ('95', 'kind', '0', 'ru_ru', ' image '),
 ('95', 'slug', '0', 'ru_ru', ' food 6 '),
 ('95', 'title', '0', 'ru_ru', ' food 6 '),
 ('31', 'field', '22', 'ru_ru', ' food 4 '),
 ('31', 'field', '25', 'ru_ru', ''),
 ('32', 'field', '22', 'ru_ru', ' food 2 '),
 ('32', 'field', '25', 'ru_ru', ''),
 ('12', 'field', '22', 'ru_ru', ' food 4 '),
 ('12', 'field', '25', 'ru_ru', ''),
 ('13', 'field', '22', 'ru_ru', ' food 4 '),
 ('13', 'field', '25', 'ru_ru', ''),
 ('20', 'field', '22', 'ru_ru', ' food 6 '),
 ('20', 'field', '25', 'ru_ru', ''),
 ('22', 'field', '22', 'ru_ru', ' food 2 '),
 ('22', 'field', '25', 'ru_ru', ''),
 ('87', 'field', '22', 'ru_ru', ' food 5 '),
 ('88', 'field', '22', 'ru_ru', ' food 3 '),
 ('89', 'field', '22', 'ru_ru', ' food 6 '),
 ('96', 'filename', '0', 'ru_ru', ' utleie jpg '),
 ('96', 'extension', '0', 'ru_ru', ' jpg '),
 ('96', 'kind', '0', 'ru_ru', ' image '),
 ('96', 'slug', '0', 'ru_ru', ' utleie '),
 ('96', 'title', '0', 'ru_ru', ' utleie '),
 ('98', 'slug', '0', 'ru_ru', ' woocommerce coupon tracking addon '),
 ('98', 'title', '0', 'ru_ru', ' woocommerce coupon tracking addon '),
 ('99', 'filename', '0', 'ru_ru', ' 162f8f90c9897b80d23fcdcfc4e4036a jpg '),
 ('99', 'extension', '0', 'ru_ru', ' jpg '),
 ('99', 'kind', '0', 'ru_ru', ' image '),
 ('99', 'slug', '0', 'ru_ru', ' 162f8f90c9897b80d23fcdcfc4e4036a '),
 ('99', 'title', '0', 'ru_ru', ' 162f8f90c9897b80d23fcdcfc4e4036a ');



DROP TABLE IF EXISTS `brgsh_sections`;


--
-- Schema for table `brgsh_sections`
--
CREATE TABLE `brgsh_sections` (
  `id` int(11) NOT NULL AUTO_INCREMENT,
  `structureId` int(11) DEFAULT NULL,
  `name` varchar(255) COLLATE utf8_unicode_ci NOT NULL,
  `handle` varchar(255) COLLATE utf8_unicode_ci NOT NULL,
  `type` enum('single','channel','structure') COLLATE utf8_unicode_ci NOT NULL DEFAULT 'channel',
  `hasUrls` tinyint(1) unsigned NOT NULL DEFAULT '1',
  `template` varchar(500) COLLATE utf8_unicode_ci DEFAULT NULL,
  `enableVersioning` tinyint(1) unsigned NOT NULL DEFAULT '0',
  `dateCreated` datetime NOT NULL,
  `dateUpdated` datetime NOT NULL,
  `uid` char(36) COLLATE utf8_unicode_ci NOT NULL DEFAULT '0',
  PRIMARY KEY (`id`),
  UNIQUE KEY `brgsh_sections_name_unq_idx` (`name`),
  UNIQUE KEY `brgsh_sections_handle_unq_idx` (`handle`),
  KEY `brgsh_sections_structureId_fk` (`structureId`)
) ENGINE=InnoDB AUTO_INCREMENT=9 DEFAULT CHARSET=utf8 COLLATE=utf8_unicode_ci;

--
-- Data for table `brgsh_sections`
--

INSERT INTO `brgsh_sections` (`id`, `structureId`, `name`, `handle`, `type`, `hasUrls`, `template`, `enableVersioning`, `dateCreated`, `dateUpdated`, `uid`) VALUES
 ('1', NULL, 'Homepage', 'homepage', 'single', '1', 'index', '1', '2017-05-27 01:12:23', '2017-05-27 01:12:23', 'c61f8e10-2f90-487b-8caf-2318047a3ab2'),
 ('2', NULL, 'Новости', 'news', 'channel', '1', 'news/_entry', '1', '2017-05-27 01:12:23', '2017-05-30 00:25:38', '140e5a1f-fa5c-44b6-9d8a-f123f5d2f880'),
 ('3', NULL, 'Меню', 'menu', 'channel', '1', 'menu/_entry', '1', '2017-05-27 21:08:50', '2017-05-27 21:08:50', '2d0d2d13-b0dc-4006-b824-2a68375ed1e5'),
 ('4', '3', 'Навигация', 'mainMenu', 'structure', '0', NULL, '1', '2017-05-28 16:06:50', '2017-05-28 23:40:13', '9c8cc431-74e5-4e43-9ba7-b9616b20f62f'),
 ('5', NULL, 'Слайдер', 'slider', 'channel', '0', NULL, '1', '2017-05-28 20:27:40', '2017-05-30 00:25:44', '207f09ad-4282-4895-93f8-91b4664347f1'),
 ('6', NULL, 'Контакты', 'contact', 'single', '1', 'contact', '1', '2017-05-29 23:56:22', '2017-05-30 00:25:19', 'd001c536-00b9-4d2e-86b5-b3ccee8ae958'),
 ('7', NULL, 'Отзывы', 'reviews', 'single', '1', 'reviews', '1', '2017-05-29 23:56:40', '2017-05-30 00:25:33', '06a97ec3-64e6-4e97-935e-52e5b78b3e81'),
 ('8', NULL, 'Фотогалерея', 'gallery', 'single', '1', 'gallery', '1', '2017-05-29 23:56:56', '2017-05-30 00:25:27', '1787f551-7f48-4374-8c9c-52950f2e2b7e');



DROP TABLE IF EXISTS `brgsh_sections_i18n`;


--
-- Schema for table `brgsh_sections_i18n`
--
CREATE TABLE `brgsh_sections_i18n` (
  `id` int(11) NOT NULL AUTO_INCREMENT,
  `sectionId` int(11) NOT NULL,
  `locale` char(12) COLLATE utf8_unicode_ci NOT NULL,
  `enabledByDefault` tinyint(1) unsigned NOT NULL DEFAULT '1',
  `urlFormat` text COLLATE utf8_unicode_ci,
  `nestedUrlFormat` text COLLATE utf8_unicode_ci,
  `dateCreated` datetime NOT NULL,
  `dateUpdated` datetime NOT NULL,
  `uid` char(36) COLLATE utf8_unicode_ci NOT NULL DEFAULT '0',
  PRIMARY KEY (`id`),
  UNIQUE KEY `brgsh_sections_i18n_sectionId_locale_unq_idx` (`sectionId`,`locale`),
  KEY `brgsh_sections_i18n_locale_fk` (`locale`)
) ENGINE=InnoDB AUTO_INCREMENT=9 DEFAULT CHARSET=utf8 COLLATE=utf8_unicode_ci;

--
-- Data for table `brgsh_sections_i18n`
--

INSERT INTO `brgsh_sections_i18n` (`id`, `sectionId`, `locale`, `enabledByDefault`, `urlFormat`, `nestedUrlFormat`, `dateCreated`, `dateUpdated`, `uid`) VALUES
 ('1', '1', 'ru_ru', '1', '__home__', NULL, '2017-05-27 01:12:23', '2017-05-27 01:12:23', '8978c8d6-23ff-48cc-9c59-4e1f37760b25'),
 ('2', '2', 'ru_ru', '1', 'news/{postDate.year}/{slug}', NULL, '2017-05-27 01:12:23', '2017-05-27 01:12:23', 'e6a6de1e-a468-477d-a5ea-f7729c435a2b'),
 ('3', '3', 'ru_ru', '1', 'menu/{slug}', NULL, '2017-05-27 21:08:50', '2017-05-27 21:08:50', 'b83f2b95-8b37-4c46-b934-ecd798fdecb3'),
 ('4', '4', 'ru_ru', '1', NULL, NULL, '2017-05-28 16:06:50', '2017-05-28 16:06:50', 'e91cfd11-7214-4adb-ad89-a5abb8f5c484'),
 ('5', '5', 'ru_ru', '1', NULL, NULL, '2017-05-28 20:27:40', '2017-05-28 20:27:40', '63dfb4a1-63c2-4107-a939-0c898024b0ee'),
 ('6', '6', 'ru_ru', '1', 'contact', NULL, '2017-05-29 23:56:22', '2017-05-29 23:56:22', '5b3c9517-3f8e-40c5-86a2-7ceaa36a80b3'),
 ('7', '7', 'ru_ru', '1', 'reviews', NULL, '2017-05-29 23:56:40', '2017-05-29 23:56:40', 'f14be3a4-12c6-48dc-8068-63b12282482f'),
 ('8', '8', 'ru_ru', '1', 'gallery', NULL, '2017-05-29 23:56:56', '2017-05-29 23:56:56', '14d914f3-134e-42e2-bba2-da17e3f5fba1');



DROP TABLE IF EXISTS `brgsh_sessions`;


--
-- Schema for table `brgsh_sessions`
--
CREATE TABLE `brgsh_sessions` (
  `id` int(11) NOT NULL AUTO_INCREMENT,
  `userId` int(11) NOT NULL,
  `token` char(100) COLLATE utf8_unicode_ci NOT NULL,
  `dateCreated` datetime NOT NULL,
  `dateUpdated` datetime NOT NULL,
  `uid` char(36) COLLATE utf8_unicode_ci NOT NULL DEFAULT '0',
  PRIMARY KEY (`id`),
  KEY `brgsh_sessions_uid_idx` (`uid`),
  KEY `brgsh_sessions_token_idx` (`token`),
  KEY `brgsh_sessions_dateUpdated_idx` (`dateUpdated`),
  KEY `brgsh_sessions_userId_fk` (`userId`)
) ENGINE=InnoDB AUTO_INCREMENT=4 DEFAULT CHARSET=utf8 COLLATE=utf8_unicode_ci;

DROP TABLE IF EXISTS `brgsh_shunnedmessages`;


--
-- Schema for table `brgsh_shunnedmessages`
--
CREATE TABLE `brgsh_shunnedmessages` (
  `id` int(11) NOT NULL AUTO_INCREMENT,
  `userId` int(11) NOT NULL,
  `message` varchar(255) COLLATE utf8_unicode_ci NOT NULL,
  `expiryDate` datetime DEFAULT NULL,
  `dateCreated` datetime NOT NULL,
  `dateUpdated` datetime NOT NULL,
  `uid` char(36) COLLATE utf8_unicode_ci NOT NULL DEFAULT '0',
  PRIMARY KEY (`id`),
  UNIQUE KEY `brgsh_shunnedmessages_userId_message_unq_idx` (`userId`,`message`)
) ENGINE=InnoDB DEFAULT CHARSET=utf8 COLLATE=utf8_unicode_ci;

DROP TABLE IF EXISTS `brgsh_structureelements`;


--
-- Schema for table `brgsh_structureelements`
--
CREATE TABLE `brgsh_structureelements` (
  `id` int(11) NOT NULL AUTO_INCREMENT,
  `structureId` int(11) NOT NULL,
  `elementId` int(11) DEFAULT NULL,
  `root` int(11) unsigned DEFAULT NULL,
  `lft` int(11) unsigned NOT NULL,
  `rgt` int(11) unsigned NOT NULL,
  `level` smallint(6) unsigned NOT NULL,
  `dateCreated` datetime NOT NULL,
  `dateUpdated` datetime NOT NULL,
  `uid` char(36) COLLATE utf8_unicode_ci NOT NULL DEFAULT '0',
  PRIMARY KEY (`id`),
  UNIQUE KEY `brgsh_structureelements_structureId_elementId_unq_idx` (`structureId`,`elementId`),
  KEY `brgsh_structureelements_root_idx` (`root`),
  KEY `brgsh_structureelements_lft_idx` (`lft`),
  KEY `brgsh_structureelements_rgt_idx` (`rgt`),
  KEY `brgsh_structureelements_level_idx` (`level`),
  KEY `brgsh_structureelements_elementId_fk` (`elementId`)
) ENGINE=InnoDB AUTO_INCREMENT=46 DEFAULT CHARSET=utf8 COLLATE=utf8_unicode_ci;

--
-- Data for table `brgsh_structureelements`
--

INSERT INTO `brgsh_structureelements` (`id`, `structureId`, `elementId`, `root`, `lft`, `rgt`, `level`, `dateCreated`, `dateUpdated`, `uid`) VALUES
 ('1', '3', NULL, '1', '1', '14', '0', '2017-05-28 16:07:54', '2017-05-28 16:07:54', '0df3e453-3f85-4926-b79b-6ca44eef87b8'),
 ('2', '3', '4', '1', '2', '3', '1', '2017-05-28 16:07:54', '2017-05-28 16:07:54', 'b0461f6a-ca33-4c7e-bcae-54783b79ffd2'),
 ('3', '3', '5', '1', '4', '5', '1', '2017-05-28 16:08:00', '2017-05-28 16:08:00', 'c484d6fc-ecd1-4678-8e5d-fc246a785440'),
 ('4', '3', '6', '1', '8', '9', '1', '2017-05-28 16:08:15', '2017-05-28 16:08:15', '46d3d3ba-e2c9-4f74-9bcf-a4ea135c4654'),
 ('5', '3', '7', '1', '10', '11', '1', '2017-05-28 16:08:35', '2017-05-28 16:08:35', '9055b43a-7ff3-47b8-971f-f7196f0689bb'),
 ('6', '3', '8', '1', '12', '13', '1', '2017-05-28 16:08:43', '2017-05-28 16:08:43', '57f7e2ae-abc3-4963-bd0b-e626632a8357'),
 ('7', '2', NULL, '7', '1', '76', '0', '2017-05-28 16:10:53', '2017-05-28 16:10:53', '69fecf38-8a99-4501-80bb-7ada66f8a4c2'),
 ('8', '2', '9', '7', '2', '31', '1', '2017-05-28 16:10:53', '2017-05-28 16:10:53', '11dd877a-f024-4a8b-a816-01d19968e882'),
 ('9', '2', '10', '7', '3', '4', '2', '2017-05-28 16:11:12', '2017-05-28 16:11:12', '8c5a2169-790a-4122-bcb5-dd4151822502'),
 ('10', '2', '11', '7', '5', '6', '2', '2017-05-28 16:11:34', '2017-05-28 16:11:34', 'a565bcd2-f448-4944-9fdb-7119a1f82b05'),
 ('11', '2', '12', '7', '32', '69', '1', '2017-05-28 18:37:08', '2017-05-28 18:37:08', 'b50284e0-1221-488b-8a30-2985bf84117e'),
 ('12', '2', '13', '7', '33', '34', '2', '2017-05-28 18:37:22', '2017-05-28 18:37:22', 'fcf22226-e74c-44d3-95f3-3cac822a6d58'),
 ('13', '2', '14', '7', '35', '36', '2', '2017-05-28 18:37:33', '2017-05-28 18:37:33', '9387e0a8-7a03-41ae-a258-d8517e6843eb'),
 ('14', '2', '15', '7', '37', '38', '2', '2017-05-28 18:37:47', '2017-05-28 18:37:47', 'b642f425-f6f0-455f-954f-190e79028e82'),
 ('15', '2', '16', '7', '39', '40', '2', '2017-05-28 18:37:58', '2017-05-28 18:37:58', 'a8eeba6b-071c-42d6-b710-957f708bbc39'),
 ('16', '2', '17', '7', '41', '42', '2', '2017-05-28 18:38:07', '2017-05-28 18:38:07', 'f0d58851-9436-4a5b-ace0-c7b1b0189873'),
 ('17', '2', '18', '7', '43', '44', '2', '2017-05-28 18:38:17', '2017-05-28 18:38:17', 'f70f1df0-d535-47de-9214-ff5217adf4ec'),
 ('18', '2', '19', '7', '45', '46', '2', '2017-05-28 18:38:28', '2017-05-28 18:38:28', '2ee0985b-dae4-49df-bc57-b9ca1015a031'),
 ('19', '2', '20', '7', '47', '48', '2', '2017-05-28 18:38:40', '2017-05-28 18:38:40', 'c8a60670-8b54-41c4-bf80-a0575bcb9b2a'),
 ('20', '2', '21', '7', '49', '50', '2', '2017-05-28 18:38:51', '2017-05-28 18:38:51', '79ad04af-5dca-45d1-a1b2-79c31533bb9a'),
 ('21', '2', '22', '7', '51', '52', '2', '2017-05-28 18:38:59', '2017-05-28 18:38:59', 'fdfd9590-5611-426a-b6f3-be9175dd534d'),
 ('22', '2', '23', '7', '53', '54', '2', '2017-05-28 18:39:09', '2017-05-28 18:39:09', '7a394b3a-b684-4d26-9678-6c4ba547f33b'),
 ('23', '2', '24', '7', '55', '56', '2', '2017-05-28 18:39:22', '2017-05-28 18:39:22', '75d19ec1-f587-467f-ac70-bc65faf45726'),
 ('24', '2', '25', '7', '57', '58', '2', '2017-05-28 18:39:34', '2017-05-28 18:39:34', '7c61e148-2d2c-4156-9c4d-321a7b054ece'),
 ('25', '2', '26', '7', '59', '60', '2', '2017-05-28 18:39:45', '2017-05-28 18:39:45', '572329b4-516a-4854-aa44-33fdd989b3a6'),
 ('26', '2', '27', '7', '61', '62', '2', '2017-05-28 18:40:14', '2017-05-28 18:40:14', '6a3b583f-4b1a-4b4e-9854-cba51044b576'),
 ('27', '2', '28', '7', '63', '64', '2', '2017-05-28 18:40:31', '2017-05-28 18:40:31', '24366895-ad5f-49d8-bf6e-8e093c1866e3'),
 ('28', '2', '29', '7', '65', '66', '2', '2017-05-28 18:40:45', '2017-05-28 18:40:45', 'fdb938bd-31e6-41bc-8503-5a6bef2fc6db'),
 ('29', '2', '30', '7', '67', '68', '2', '2017-05-28 18:41:01', '2017-05-28 18:41:01', '22547a46-1bb3-4418-b3ef-bf579e827adc'),
 ('30', '2', '31', '7', '7', '8', '2', '2017-05-28 18:42:50', '2017-05-28 18:42:50', 'a0fa6b64-1d33-43da-a8b2-9f143bc91b3f'),
 ('31', '2', '32', '7', '9', '10', '2', '2017-05-28 18:43:40', '2017-05-28 18:43:40', '80d4082e-5359-4250-822e-45ae59ba323a'),
 ('32', '2', '33', '7', '11', '12', '2', '2017-05-28 18:43:50', '2017-05-28 18:43:50', '0efb0274-4bae-488e-8f6e-1d98c2379ff2'),
 ('33', '2', '34', '7', '13', '14', '2', '2017-05-28 18:44:01', '2017-05-28 18:44:01', 'b275687f-721d-424d-b985-9ebf365e2531'),
 ('34', '2', '35', '7', '15', '16', '2', '2017-05-28 18:44:12', '2017-05-28 18:44:12', '805e8dc8-66c6-4c22-877c-dfdd89be2b96'),
 ('35', '2', '36', '7', '17', '18', '2', '2017-05-28 18:44:22', '2017-05-28 18:44:22', 'edbb2c98-a0e4-4c47-b898-c0525bbbb197'),
 ('36', '2', '37', '7', '19', '20', '2', '2017-05-28 18:44:32', '2017-05-28 18:44:32', 'd44ccbdc-17d0-46db-864a-0097e198a2fc'),
 ('37', '2', '38', '7', '21', '22', '2', '2017-05-28 18:44:42', '2017-05-28 18:44:42', 'a6c51281-3468-4ad4-a848-988c0167dc67'),
 ('38', '2', '39', '7', '23', '24', '2', '2017-05-28 18:44:54', '2017-05-28 18:44:54', '6bb99d33-61d1-435f-a2da-d3a005eb3198'),
 ('39', '2', '40', '7', '25', '26', '2', '2017-05-28 18:45:02', '2017-05-28 18:45:02', '8681da34-eb05-4ce9-a469-47f4c261350a'),
 ('40', '2', '41', '7', '27', '28', '2', '2017-05-28 18:45:12', '2017-05-28 18:45:12', 'e9cbe9f8-8282-43ea-b543-29e61f1709c5'),
 ('41', '2', '42', '7', '29', '30', '2', '2017-05-28 18:45:22', '2017-05-28 18:45:22', '097a1fd2-00ea-4695-a645-5872dae30197'),
 ('42', '3', '61', '1', '6', '7', '1', '2017-05-28 23:44:43', '2017-05-28 23:44:43', '1d717ab6-d964-47f9-8d78-29c075616bd3'),
 ('43', '2', '87', '7', '70', '71', '1', '2017-05-31 00:29:14', '2017-05-31 00:29:14', '62cf1b74-4507-4018-8a1b-59a52e787d48'),
 ('44', '2', '88', '7', '72', '73', '1', '2017-05-31 00:29:21', '2017-05-31 00:29:21', '2aa72265-ba35-40b8-86a6-4bfe8a5ababd'),
 ('45', '2', '89', '7', '74', '75', '1', '2017-05-31 00:29:33', '2017-05-31 00:29:33', 'd19bd4d5-9f59-4328-bdd3-61245a76d439');



DROP TABLE IF EXISTS `brgsh_structures`;


--
-- Schema for table `brgsh_structures`
--
CREATE TABLE `brgsh_structures` (
  `id` int(11) NOT NULL AUTO_INCREMENT,
  `maxLevels` smallint(6) unsigned DEFAULT NULL,
  `dateCreated` datetime NOT NULL,
  `dateUpdated` datetime NOT NULL,
  `uid` char(36) COLLATE utf8_unicode_ci NOT NULL DEFAULT '0',
  PRIMARY KEY (`id`)
) ENGINE=InnoDB AUTO_INCREMENT=4 DEFAULT CHARSET=utf8 COLLATE=utf8_unicode_ci;

--
-- Data for table `brgsh_structures`
--

INSERT INTO `brgsh_structures` (`id`, `maxLevels`, `dateCreated`, `dateUpdated`, `uid`) VALUES
 ('1', NULL, '2017-05-28 16:05:16', '2017-05-28 16:05:16', '757100fd-3518-4711-992d-1605165818c6'),
 ('2', NULL, '2017-05-28 16:05:47', '2017-05-31 00:49:23', '21de39c3-2583-40e2-a612-376e0b289a8f'),
 ('3', NULL, '2017-05-28 16:06:50', '2017-05-28 23:40:13', '230d4cb2-35ec-461b-b585-35ab5dd59824');



DROP TABLE IF EXISTS `brgsh_systemsettings`;


--
-- Schema for table `brgsh_systemsettings`
--
CREATE TABLE `brgsh_systemsettings` (
  `id` int(11) NOT NULL AUTO_INCREMENT,
  `category` varchar(15) COLLATE utf8_unicode_ci NOT NULL,
  `settings` text COLLATE utf8_unicode_ci,
  `dateCreated` datetime NOT NULL,
  `dateUpdated` datetime NOT NULL,
  `uid` char(36) COLLATE utf8_unicode_ci NOT NULL DEFAULT '0',
  PRIMARY KEY (`id`),
  UNIQUE KEY `brgsh_systemsettings_category_unq_idx` (`category`)
) ENGINE=InnoDB AUTO_INCREMENT=2 DEFAULT CHARSET=utf8 COLLATE=utf8_unicode_ci;

--
-- Data for table `brgsh_systemsettings`
--

INSERT INTO `brgsh_systemsettings` (`id`, `category`, `settings`, `dateCreated`, `dateUpdated`, `uid`) VALUES
 ('1', 'email', '{\"protocol\":\"php\",\"emailAddress\":\"contact@bronskiy.com\",\"senderName\":\"Bergstein Bar\"}', '2017-05-27 01:12:22', '2017-05-27 01:12:22', '831eec2e-142c-4be9-8435-81462cc58862');



DROP TABLE IF EXISTS `brgsh_taggroups`;


--
-- Schema for table `brgsh_taggroups`
--
CREATE TABLE `brgsh_taggroups` (
  `id` int(11) NOT NULL AUTO_INCREMENT,
  `name` varchar(255) COLLATE utf8_unicode_ci NOT NULL,
  `handle` varchar(255) COLLATE utf8_unicode_ci NOT NULL,
  `fieldLayoutId` int(10) DEFAULT NULL,
  `dateCreated` datetime NOT NULL,
  `dateUpdated` datetime NOT NULL,
  `uid` char(36) COLLATE utf8_unicode_ci NOT NULL DEFAULT '0',
  PRIMARY KEY (`id`),
  UNIQUE KEY `brgsh_taggroups_name_unq_idx` (`name`),
  UNIQUE KEY `brgsh_taggroups_handle_unq_idx` (`handle`),
  KEY `brgsh_taggroups_fieldLayoutId_fk` (`fieldLayoutId`)
) ENGINE=InnoDB AUTO_INCREMENT=2 DEFAULT CHARSET=utf8 COLLATE=utf8_unicode_ci;

--
-- Data for table `brgsh_taggroups`
--

INSERT INTO `brgsh_taggroups` (`id`, `name`, `handle`, `fieldLayoutId`, `dateCreated`, `dateUpdated`, `uid`) VALUES
 ('1', 'Default', 'default', '1', '2017-05-27 01:12:22', '2017-05-27 01:12:22', '913ab80c-0cd5-4944-81a0-f03d4326d14a');



DROP TABLE IF EXISTS `brgsh_tags`;


--
-- Schema for table `brgsh_tags`
--
CREATE TABLE `brgsh_tags` (
  `id` int(11) NOT NULL,
  `groupId` int(11) NOT NULL,
  `dateCreated` datetime NOT NULL,
  `dateUpdated` datetime NOT NULL,
  `uid` char(36) COLLATE utf8_unicode_ci NOT NULL DEFAULT '0',
  PRIMARY KEY (`id`),
  KEY `brgsh_tags_groupId_fk` (`groupId`)
) ENGINE=InnoDB DEFAULT CHARSET=utf8 COLLATE=utf8_unicode_ci;

--
-- Data for table `brgsh_tags`
--

INSERT INTO `brgsh_tags` (`id`, `groupId`, `dateCreated`, `dateUpdated`, `uid`) VALUES
 ('82', '1', '2017-05-30 20:43:57', '2017-05-30 20:43:57', '5957cd5a-e60d-40c2-bc7e-c578c6323fc6'),
 ('83', '1', '2017-05-30 20:44:02', '2017-05-30 20:44:02', 'eefd3429-346b-4323-9b1e-d148a59ffac7'),
 ('84', '1', '2017-05-30 20:44:05', '2017-05-30 20:44:05', 'f78b266d-391a-48da-8f97-72f53ae59d4e'),
 ('85', '1', '2017-05-30 20:44:10', '2017-05-30 20:44:10', 'f5843402-d7fe-4e56-9984-db4fe363c184'),
 ('86', '1', '2017-05-30 20:44:19', '2017-05-30 20:44:19', '9e21926b-d96a-4cf4-9a10-fb8fb91f7fc8');



DROP TABLE IF EXISTS `brgsh_tasks`;


--
-- Schema for table `brgsh_tasks`
--
CREATE TABLE `brgsh_tasks` (
  `id` int(11) NOT NULL AUTO_INCREMENT,
  `root` int(11) unsigned DEFAULT NULL,
  `lft` int(11) unsigned NOT NULL,
  `rgt` int(11) unsigned NOT NULL,
  `level` smallint(6) unsigned NOT NULL,
  `currentStep` int(11) unsigned DEFAULT NULL,
  `totalSteps` int(11) unsigned DEFAULT NULL,
  `status` enum('pending','error','running') COLLATE utf8_unicode_ci DEFAULT NULL,
  `type` varchar(150) COLLATE utf8_unicode_ci NOT NULL,
  `description` varchar(255) COLLATE utf8_unicode_ci DEFAULT NULL,
  `settings` mediumtext COLLATE utf8_unicode_ci,
  `dateCreated` datetime NOT NULL,
  `dateUpdated` datetime NOT NULL,
  `uid` char(36) COLLATE utf8_unicode_ci NOT NULL DEFAULT '0',
  PRIMARY KEY (`id`),
  KEY `brgsh_tasks_root_idx` (`root`),
  KEY `brgsh_tasks_lft_idx` (`lft`),
  KEY `brgsh_tasks_rgt_idx` (`rgt`),
  KEY `brgsh_tasks_level_idx` (`level`)
) ENGINE=InnoDB AUTO_INCREMENT=228 DEFAULT CHARSET=utf8 COLLATE=utf8_unicode_ci;

DROP TABLE IF EXISTS `brgsh_templatecachecriteria`;


--
-- Schema for table `brgsh_templatecachecriteria`
--
CREATE TABLE `brgsh_templatecachecriteria` (
  `id` int(11) NOT NULL AUTO_INCREMENT,
  `cacheId` int(11) NOT NULL,
  `type` varchar(150) COLLATE utf8_unicode_ci NOT NULL,
  `criteria` text COLLATE utf8_unicode_ci NOT NULL,
  PRIMARY KEY (`id`),
  KEY `brgsh_templatecachecriteria_cacheId_fk` (`cacheId`),
  KEY `brgsh_templatecachecriteria_type_idx` (`type`)
) ENGINE=InnoDB DEFAULT CHARSET=utf8 COLLATE=utf8_unicode_ci;

DROP TABLE IF EXISTS `brgsh_templatecacheelements`;


--
-- Schema for table `brgsh_templatecacheelements`
--
CREATE TABLE `brgsh_templatecacheelements` (
  `cacheId` int(11) NOT NULL,
  `elementId` int(11) NOT NULL,
  KEY `brgsh_templatecacheelements_cacheId_fk` (`cacheId`),
  KEY `brgsh_templatecacheelements_elementId_fk` (`elementId`)
) ENGINE=InnoDB DEFAULT CHARSET=utf8 COLLATE=utf8_unicode_ci;

DROP TABLE IF EXISTS `brgsh_templatecaches`;


--
-- Schema for table `brgsh_templatecaches`
--
CREATE TABLE `brgsh_templatecaches` (
  `id` int(11) NOT NULL AUTO_INCREMENT,
  `cacheKey` varchar(255) COLLATE utf8_unicode_ci NOT NULL,
  `locale` char(12) COLLATE utf8_unicode_ci NOT NULL,
  `path` varchar(255) COLLATE utf8_unicode_ci DEFAULT NULL,
  `expiryDate` datetime NOT NULL,
  `body` mediumtext COLLATE utf8_unicode_ci NOT NULL,
  PRIMARY KEY (`id`),
  KEY `brgsh_templatecaches_expiryDate_cacheKey_locale_path_idx` (`expiryDate`,`cacheKey`,`locale`,`path`),
  KEY `brgsh_templatecaches_locale_fk` (`locale`)
) ENGINE=InnoDB DEFAULT CHARSET=utf8 COLLATE=utf8_unicode_ci;

DROP TABLE IF EXISTS `brgsh_tokens`;


--
-- Schema for table `brgsh_tokens`
--
CREATE TABLE `brgsh_tokens` (
  `id` int(11) NOT NULL AUTO_INCREMENT,
  `token` char(32) COLLATE utf8_unicode_ci NOT NULL,
  `route` text COLLATE utf8_unicode_ci,
  `usageLimit` tinyint(3) unsigned DEFAULT NULL,
  `usageCount` tinyint(3) unsigned DEFAULT NULL,
  `expiryDate` datetime NOT NULL,
  `dateCreated` datetime NOT NULL,
  `dateUpdated` datetime NOT NULL,
  `uid` char(36) COLLATE utf8_unicode_ci NOT NULL DEFAULT '0',
  PRIMARY KEY (`id`),
  UNIQUE KEY `brgsh_tokens_token_unq_idx` (`token`),
  KEY `brgsh_tokens_expiryDate_idx` (`expiryDate`)
) ENGINE=InnoDB DEFAULT CHARSET=utf8 COLLATE=utf8_unicode_ci;

DROP TABLE IF EXISTS `brgsh_usergroups`;


--
-- Schema for table `brgsh_usergroups`
--
CREATE TABLE `brgsh_usergroups` (
  `id` int(11) NOT NULL AUTO_INCREMENT,
  `name` varchar(255) COLLATE utf8_unicode_ci NOT NULL,
  `handle` varchar(255) COLLATE utf8_unicode_ci NOT NULL,
  `dateCreated` datetime NOT NULL,
  `dateUpdated` datetime NOT NULL,
  `uid` char(36) COLLATE utf8_unicode_ci NOT NULL DEFAULT '0',
  PRIMARY KEY (`id`),
  UNIQUE KEY `brgsh_usergroups_name_unq_idx` (`name`),
  UNIQUE KEY `brgsh_usergroups_handle_unq_idx` (`handle`)
) ENGINE=InnoDB DEFAULT CHARSET=utf8 COLLATE=utf8_unicode_ci;

DROP TABLE IF EXISTS `brgsh_usergroups_users`;


--
-- Schema for table `brgsh_usergroups_users`
--
CREATE TABLE `brgsh_usergroups_users` (
  `id` int(11) NOT NULL AUTO_INCREMENT,
  `groupId` int(11) NOT NULL,
  `userId` int(11) NOT NULL,
  `dateCreated` datetime NOT NULL,
  `dateUpdated` datetime NOT NULL,
  `uid` char(36) COLLATE utf8_unicode_ci NOT NULL DEFAULT '0',
  PRIMARY KEY (`id`),
  UNIQUE KEY `brgsh_usergroups_users_groupId_userId_unq_idx` (`groupId`,`userId`),
  KEY `brgsh_usergroups_users_userId_fk` (`userId`)
) ENGINE=InnoDB DEFAULT CHARSET=utf8 COLLATE=utf8_unicode_ci;

DROP TABLE IF EXISTS `brgsh_userpermissions`;


--
-- Schema for table `brgsh_userpermissions`
--
CREATE TABLE `brgsh_userpermissions` (
  `id` int(11) NOT NULL AUTO_INCREMENT,
  `name` varchar(255) COLLATE utf8_unicode_ci NOT NULL,
  `dateCreated` datetime NOT NULL,
  `dateUpdated` datetime NOT NULL,
  `uid` char(36) COLLATE utf8_unicode_ci NOT NULL DEFAULT '0',
  PRIMARY KEY (`id`),
  UNIQUE KEY `brgsh_userpermissions_name_unq_idx` (`name`)
) ENGINE=InnoDB DEFAULT CHARSET=utf8 COLLATE=utf8_unicode_ci;

DROP TABLE IF EXISTS `brgsh_userpermissions_usergroups`;


--
-- Schema for table `brgsh_userpermissions_usergroups`
--
CREATE TABLE `brgsh_userpermissions_usergroups` (
  `id` int(11) NOT NULL AUTO_INCREMENT,
  `permissionId` int(11) NOT NULL,
  `groupId` int(11) NOT NULL,
  `dateCreated` datetime NOT NULL,
  `dateUpdated` datetime NOT NULL,
  `uid` char(36) COLLATE utf8_unicode_ci NOT NULL DEFAULT '0',
  PRIMARY KEY (`id`),
  UNIQUE KEY `brgsh_userpermissions_usergroups_permissionId_groupId_unq_idx` (`permissionId`,`groupId`),
  KEY `brgsh_userpermissions_usergroups_groupId_fk` (`groupId`)
) ENGINE=InnoDB DEFAULT CHARSET=utf8 COLLATE=utf8_unicode_ci;

DROP TABLE IF EXISTS `brgsh_userpermissions_users`;


--
-- Schema for table `brgsh_userpermissions_users`
--
CREATE TABLE `brgsh_userpermissions_users` (
  `id` int(11) NOT NULL AUTO_INCREMENT,
  `permissionId` int(11) NOT NULL,
  `userId` int(11) NOT NULL,
  `dateCreated` datetime NOT NULL,
  `dateUpdated` datetime NOT NULL,
  `uid` char(36) COLLATE utf8_unicode_ci NOT NULL DEFAULT '0',
  PRIMARY KEY (`id`),
  UNIQUE KEY `brgsh_userpermissions_users_permissionId_userId_unq_idx` (`permissionId`,`userId`),
  KEY `brgsh_userpermissions_users_userId_fk` (`userId`)
) ENGINE=InnoDB DEFAULT CHARSET=utf8 COLLATE=utf8_unicode_ci;

DROP TABLE IF EXISTS `brgsh_users`;


--
-- Schema for table `brgsh_users`
--
CREATE TABLE `brgsh_users` (
  `id` int(11) NOT NULL,
  `username` varchar(100) COLLATE utf8_unicode_ci NOT NULL,
  `photo` varchar(100) COLLATE utf8_unicode_ci DEFAULT NULL,
  `firstName` varchar(100) COLLATE utf8_unicode_ci DEFAULT NULL,
  `lastName` varchar(100) COLLATE utf8_unicode_ci DEFAULT NULL,
  `email` varchar(255) COLLATE utf8_unicode_ci NOT NULL,
  `password` char(255) COLLATE utf8_unicode_ci DEFAULT NULL,
  `preferredLocale` char(12) COLLATE utf8_unicode_ci DEFAULT NULL,
  `weekStartDay` tinyint(1) unsigned NOT NULL DEFAULT '0',
  `admin` tinyint(1) unsigned NOT NULL DEFAULT '0',
  `client` tinyint(1) unsigned NOT NULL DEFAULT '0',
  `locked` tinyint(1) unsigned NOT NULL DEFAULT '0',
  `suspended` tinyint(1) unsigned NOT NULL DEFAULT '0',
  `pending` tinyint(1) unsigned NOT NULL DEFAULT '0',
  `archived` tinyint(1) unsigned NOT NULL DEFAULT '0',
  `lastLoginDate` datetime DEFAULT NULL,
  `lastLoginAttemptIPAddress` varchar(45) COLLATE utf8_unicode_ci DEFAULT NULL,
  `invalidLoginWindowStart` datetime DEFAULT NULL,
  `invalidLoginCount` tinyint(4) unsigned DEFAULT NULL,
  `lastInvalidLoginDate` datetime DEFAULT NULL,
  `lockoutDate` datetime DEFAULT NULL,
  `verificationCode` char(100) COLLATE utf8_unicode_ci DEFAULT NULL,
  `verificationCodeIssuedDate` datetime DEFAULT NULL,
  `unverifiedEmail` varchar(255) COLLATE utf8_unicode_ci DEFAULT NULL,
  `passwordResetRequired` tinyint(1) unsigned NOT NULL DEFAULT '0',
  `lastPasswordChangeDate` datetime DEFAULT NULL,
  `dateCreated` datetime NOT NULL,
  `dateUpdated` datetime NOT NULL,
  `uid` char(36) COLLATE utf8_unicode_ci NOT NULL DEFAULT '0',
  PRIMARY KEY (`id`),
  UNIQUE KEY `brgsh_users_username_unq_idx` (`username`),
  UNIQUE KEY `brgsh_users_email_unq_idx` (`email`),
  KEY `brgsh_users_verificationCode_idx` (`verificationCode`),
  KEY `brgsh_users_uid_idx` (`uid`),
  KEY `brgsh_users_preferredLocale_fk` (`preferredLocale`)
) ENGINE=InnoDB DEFAULT CHARSET=utf8 COLLATE=utf8_unicode_ci;

--
-- Data for table `brgsh_users`
--

INSERT INTO `brgsh_users` (`id`, `username`, `photo`, `firstName`, `lastName`, `email`, `password`, `preferredLocale`, `weekStartDay`, `admin`, `client`, `locked`, `suspended`, `pending`, `archived`, `lastLoginDate`, `lastLoginAttemptIPAddress`, `invalidLoginWindowStart`, `invalidLoginCount`, `lastInvalidLoginDate`, `lockoutDate`, `verificationCode`, `verificationCodeIssuedDate`, `unverifiedEmail`, `passwordResetRequired`, `lastPasswordChangeDate`, `dateCreated`, `dateUpdated`, `uid`) VALUES
 ('1', 'brg_admin', NULL, NULL, NULL, 'contact@bronskiy.com', '$2y$13$U/ZsO6ztlSpzHt9gZtiF8..RkScwSztky8BuxMh.LCzggTKOx25pG', NULL, '0', '1', '0', '0', '0', '0', '0', '2017-05-28 17:35:52', '89.255.92.236', NULL, NULL, NULL, NULL, NULL, NULL, NULL, '0', '2017-05-27 01:12:20', '2017-05-27 01:12:21', '2017-05-28 17:35:52', '4523be89-d99a-40a2-a9e9-fa6e6c241c21');



DROP TABLE IF EXISTS `brgsh_widgets`;


--
-- Schema for table `brgsh_widgets`
--
CREATE TABLE `brgsh_widgets` (
  `id` int(11) NOT NULL AUTO_INCREMENT,
  `userId` int(11) NOT NULL,
  `type` varchar(150) COLLATE utf8_unicode_ci NOT NULL,
  `sortOrder` smallint(6) unsigned DEFAULT NULL,
  `colspan` tinyint(4) unsigned DEFAULT NULL,
  `settings` text COLLATE utf8_unicode_ci,
  `enabled` tinyint(1) unsigned NOT NULL DEFAULT '1',
  `dateCreated` datetime NOT NULL,
  `dateUpdated` datetime NOT NULL,
  `uid` char(36) COLLATE utf8_unicode_ci NOT NULL DEFAULT '0',
  PRIMARY KEY (`id`),
  KEY `brgsh_widgets_userId_fk` (`userId`)
) ENGINE=InnoDB AUTO_INCREMENT=5 DEFAULT CHARSET=utf8 COLLATE=utf8_unicode_ci;

--
-- Data for table `brgsh_widgets`
--

INSERT INTO `brgsh_widgets` (`id`, `userId`, `type`, `sortOrder`, `colspan`, `settings`, `enabled`, `dateCreated`, `dateUpdated`, `uid`) VALUES
 ('1', '1', 'RecentEntries', '1', NULL, NULL, '1', '2017-05-27 01:12:30', '2017-05-27 01:12:30', 'a7d9a2ca-9f05-4aa5-b3a7-79665d5ab29a'),
 ('2', '1', 'GetHelp', '2', NULL, NULL, '1', '2017-05-27 01:12:30', '2017-05-27 01:12:30', '3d1d5231-20fc-42ac-8526-b6207bdf937e'),
 ('3', '1', 'Updates', '3', NULL, NULL, '1', '2017-05-27 01:12:30', '2017-05-27 01:12:30', 'c7bfad4e-8ed5-468a-9b59-cf30656bdb30'),
 ('4', '1', 'Feed', '4', NULL, '{\"url\":\"https:\\/\\/craftcms.com\\/news.rss\",\"title\":\"Craft News\"}', '1', '2017-05-27 01:12:30', '2017-05-27 01:12:30', 'f8224dd5-0bdf-4ae6-931f-fd7d5ad52f95');


--
-- Constraints for tables
--


--
-- Constraints for table `brgsh_assetfiles`
--
ALTER TABLE `brgsh_assetfiles`
	ADD CONSTRAINT `brgsh_assetfiles_folderId_fk` FOREIGN KEY (`folderId`) REFERENCES `brgsh_assetfolders` (`id`) ON DELETE CASCADE,
	ADD CONSTRAINT `brgsh_assetfiles_id_fk` FOREIGN KEY (`id`) REFERENCES `brgsh_elements` (`id`) ON DELETE CASCADE,
	ADD CONSTRAINT `brgsh_assetfiles_sourceId_fk` FOREIGN KEY (`sourceId`) REFERENCES `brgsh_assetsources` (`id`) ON DELETE CASCADE;

--
-- Constraints for table `brgsh_assetfolders`
--
ALTER TABLE `brgsh_assetfolders`
	ADD CONSTRAINT `brgsh_assetfolders_parentId_fk` FOREIGN KEY (`parentId`) REFERENCES `brgsh_assetfolders` (`id`) ON DELETE CASCADE,
	ADD CONSTRAINT `brgsh_assetfolders_sourceId_fk` FOREIGN KEY (`sourceId`) REFERENCES `brgsh_assetsources` (`id`) ON DELETE CASCADE;

--
-- Constraints for table `brgsh_assetindexdata`
--
ALTER TABLE `brgsh_assetindexdata`
	ADD CONSTRAINT `brgsh_assetindexdata_sourceId_fk` FOREIGN KEY (`sourceId`) REFERENCES `brgsh_assetsources` (`id`) ON DELETE CASCADE;

--
-- Constraints for table `brgsh_assetsources`
--
ALTER TABLE `brgsh_assetsources`
	ADD CONSTRAINT `brgsh_assetsources_fieldLayoutId_fk` FOREIGN KEY (`fieldLayoutId`) REFERENCES `brgsh_fieldlayouts` (`id`) ON DELETE SET NULL;

--
-- Constraints for table `brgsh_categories`
--
ALTER TABLE `brgsh_categories`
	ADD CONSTRAINT `brgsh_categories_groupId_fk` FOREIGN KEY (`groupId`) REFERENCES `brgsh_categorygroups` (`id`) ON DELETE CASCADE,
	ADD CONSTRAINT `brgsh_categories_id_fk` FOREIGN KEY (`id`) REFERENCES `brgsh_elements` (`id`) ON DELETE CASCADE;

--
-- Constraints for table `brgsh_categorygroups`
--
ALTER TABLE `brgsh_categorygroups`
	ADD CONSTRAINT `brgsh_categorygroups_fieldLayoutId_fk` FOREIGN KEY (`fieldLayoutId`) REFERENCES `brgsh_fieldlayouts` (`id`) ON DELETE SET NULL,
	ADD CONSTRAINT `brgsh_categorygroups_structureId_fk` FOREIGN KEY (`structureId`) REFERENCES `brgsh_structures` (`id`) ON DELETE CASCADE;

--
-- Constraints for table `brgsh_categorygroups_i18n`
--
ALTER TABLE `brgsh_categorygroups_i18n`
	ADD CONSTRAINT `brgsh_categorygroups_i18n_groupId_fk` FOREIGN KEY (`groupId`) REFERENCES `brgsh_categorygroups` (`id`) ON DELETE CASCADE,
	ADD CONSTRAINT `brgsh_categorygroups_i18n_locale_fk` FOREIGN KEY (`locale`) REFERENCES `brgsh_locales` (`locale`) ON DELETE CASCADE ON UPDATE CASCADE;

--
-- Constraints for table `brgsh_content`
--
ALTER TABLE `brgsh_content`
	ADD CONSTRAINT `brgsh_content_elementId_fk` FOREIGN KEY (`elementId`) REFERENCES `brgsh_elements` (`id`) ON DELETE CASCADE,
	ADD CONSTRAINT `brgsh_content_locale_fk` FOREIGN KEY (`locale`) REFERENCES `brgsh_locales` (`locale`) ON DELETE CASCADE ON UPDATE CASCADE;

--
-- Constraints for table `brgsh_elements_i18n`
--
ALTER TABLE `brgsh_elements_i18n`
	ADD CONSTRAINT `brgsh_elements_i18n_elementId_fk` FOREIGN KEY (`elementId`) REFERENCES `brgsh_elements` (`id`) ON DELETE CASCADE,
	ADD CONSTRAINT `brgsh_elements_i18n_locale_fk` FOREIGN KEY (`locale`) REFERENCES `brgsh_locales` (`locale`) ON DELETE CASCADE ON UPDATE CASCADE;

--
-- Constraints for table `brgsh_emailmessages`
--
ALTER TABLE `brgsh_emailmessages`
	ADD CONSTRAINT `brgsh_emailmessages_locale_fk` FOREIGN KEY (`locale`) REFERENCES `brgsh_locales` (`locale`) ON DELETE CASCADE ON UPDATE CASCADE;

--
-- Constraints for table `brgsh_entries`
--
ALTER TABLE `brgsh_entries`
	ADD CONSTRAINT `brgsh_entries_authorId_fk` FOREIGN KEY (`authorId`) REFERENCES `brgsh_users` (`id`) ON DELETE CASCADE,
	ADD CONSTRAINT `brgsh_entries_id_fk` FOREIGN KEY (`id`) REFERENCES `brgsh_elements` (`id`) ON DELETE CASCADE,
	ADD CONSTRAINT `brgsh_entries_sectionId_fk` FOREIGN KEY (`sectionId`) REFERENCES `brgsh_sections` (`id`) ON DELETE CASCADE,
	ADD CONSTRAINT `brgsh_entries_typeId_fk` FOREIGN KEY (`typeId`) REFERENCES `brgsh_entrytypes` (`id`) ON DELETE CASCADE;

--
-- Constraints for table `brgsh_entrydrafts`
--
ALTER TABLE `brgsh_entrydrafts`
	ADD CONSTRAINT `brgsh_entrydrafts_creatorId_fk` FOREIGN KEY (`creatorId`) REFERENCES `brgsh_users` (`id`) ON DELETE CASCADE,
	ADD CONSTRAINT `brgsh_entrydrafts_entryId_fk` FOREIGN KEY (`entryId`) REFERENCES `brgsh_entries` (`id`) ON DELETE CASCADE,
	ADD CONSTRAINT `brgsh_entrydrafts_locale_fk` FOREIGN KEY (`locale`) REFERENCES `brgsh_locales` (`locale`) ON DELETE CASCADE ON UPDATE CASCADE,
	ADD CONSTRAINT `brgsh_entrydrafts_sectionId_fk` FOREIGN KEY (`sectionId`) REFERENCES `brgsh_sections` (`id`) ON DELETE CASCADE;

--
-- Constraints for table `brgsh_entrytypes`
--
ALTER TABLE `brgsh_entrytypes`
	ADD CONSTRAINT `brgsh_entrytypes_fieldLayoutId_fk` FOREIGN KEY (`fieldLayoutId`) REFERENCES `brgsh_fieldlayouts` (`id`) ON DELETE SET NULL,
	ADD CONSTRAINT `brgsh_entrytypes_sectionId_fk` FOREIGN KEY (`sectionId`) REFERENCES `brgsh_sections` (`id`) ON DELETE CASCADE;

--
-- Constraints for table `brgsh_entryversions`
--
ALTER TABLE `brgsh_entryversions`
	ADD CONSTRAINT `brgsh_entryversions_creatorId_fk` FOREIGN KEY (`creatorId`) REFERENCES `brgsh_users` (`id`) ON DELETE SET NULL,
	ADD CONSTRAINT `brgsh_entryversions_entryId_fk` FOREIGN KEY (`entryId`) REFERENCES `brgsh_entries` (`id`) ON DELETE CASCADE,
	ADD CONSTRAINT `brgsh_entryversions_locale_fk` FOREIGN KEY (`locale`) REFERENCES `brgsh_locales` (`locale`) ON DELETE CASCADE ON UPDATE CASCADE,
	ADD CONSTRAINT `brgsh_entryversions_sectionId_fk` FOREIGN KEY (`sectionId`) REFERENCES `brgsh_sections` (`id`) ON DELETE CASCADE;

--
-- Constraints for table `brgsh_fieldlayoutfields`
--
ALTER TABLE `brgsh_fieldlayoutfields`
	ADD CONSTRAINT `brgsh_fieldlayoutfields_fieldId_fk` FOREIGN KEY (`fieldId`) REFERENCES `brgsh_fields` (`id`) ON DELETE CASCADE,
	ADD CONSTRAINT `brgsh_fieldlayoutfields_layoutId_fk` FOREIGN KEY (`layoutId`) REFERENCES `brgsh_fieldlayouts` (`id`) ON DELETE CASCADE,
	ADD CONSTRAINT `brgsh_fieldlayoutfields_tabId_fk` FOREIGN KEY (`tabId`) REFERENCES `brgsh_fieldlayouttabs` (`id`) ON DELETE CASCADE;

--
-- Constraints for table `brgsh_fieldlayouttabs`
--
ALTER TABLE `brgsh_fieldlayouttabs`
	ADD CONSTRAINT `brgsh_fieldlayouttabs_layoutId_fk` FOREIGN KEY (`layoutId`) REFERENCES `brgsh_fieldlayouts` (`id`) ON DELETE CASCADE;

--
-- Constraints for table `brgsh_fields`
--
ALTER TABLE `brgsh_fields`
	ADD CONSTRAINT `brgsh_fields_groupId_fk` FOREIGN KEY (`groupId`) REFERENCES `brgsh_fieldgroups` (`id`) ON DELETE CASCADE;

--
-- Constraints for table `brgsh_globalsets`
--
ALTER TABLE `brgsh_globalsets`
	ADD CONSTRAINT `brgsh_globalsets_fieldLayoutId_fk` FOREIGN KEY (`fieldLayoutId`) REFERENCES `brgsh_fieldlayouts` (`id`) ON DELETE SET NULL,
	ADD CONSTRAINT `brgsh_globalsets_id_fk` FOREIGN KEY (`id`) REFERENCES `brgsh_elements` (`id`) ON DELETE CASCADE;

--
-- Constraints for table `brgsh_matrixblocks`
--
ALTER TABLE `brgsh_matrixblocks`
	ADD CONSTRAINT `brgsh_matrixblocks_fieldId_fk` FOREIGN KEY (`fieldId`) REFERENCES `brgsh_fields` (`id`) ON DELETE CASCADE,
	ADD CONSTRAINT `brgsh_matrixblocks_id_fk` FOREIGN KEY (`id`) REFERENCES `brgsh_elements` (`id`) ON DELETE CASCADE,
	ADD CONSTRAINT `brgsh_matrixblocks_ownerId_fk` FOREIGN KEY (`ownerId`) REFERENCES `brgsh_elements` (`id`) ON DELETE CASCADE,
	ADD CONSTRAINT `brgsh_matrixblocks_ownerLocale_fk` FOREIGN KEY (`ownerLocale`) REFERENCES `brgsh_locales` (`locale`) ON DELETE CASCADE ON UPDATE CASCADE,
	ADD CONSTRAINT `brgsh_matrixblocks_typeId_fk` FOREIGN KEY (`typeId`) REFERENCES `brgsh_matrixblocktypes` (`id`) ON DELETE CASCADE;

--
-- Constraints for table `brgsh_matrixblocktypes`
--
ALTER TABLE `brgsh_matrixblocktypes`
	ADD CONSTRAINT `brgsh_matrixblocktypes_fieldId_fk` FOREIGN KEY (`fieldId`) REFERENCES `brgsh_fields` (`id`) ON DELETE CASCADE,
	ADD CONSTRAINT `brgsh_matrixblocktypes_fieldLayoutId_fk` FOREIGN KEY (`fieldLayoutId`) REFERENCES `brgsh_fieldlayouts` (`id`) ON DELETE SET NULL;

--
-- Constraints for table `brgsh_matrixcontent_menuitem`
--
ALTER TABLE `brgsh_matrixcontent_menuitem`
	ADD CONSTRAINT `brgsh_matrixcontent_menuitem_elementId_fk` FOREIGN KEY (`elementId`) REFERENCES `brgsh_elements` (`id`) ON DELETE CASCADE,
	ADD CONSTRAINT `brgsh_matrixcontent_menuitem_locale_fk` FOREIGN KEY (`locale`) REFERENCES `brgsh_locales` (`locale`) ON DELETE CASCADE ON UPDATE CASCADE;

--
-- Constraints for table `brgsh_matrixcontent_sliderlink`
--
ALTER TABLE `brgsh_matrixcontent_sliderlink`
	ADD CONSTRAINT `brgsh_matrixcontent_sliderlink_elementId_fk` FOREIGN KEY (`elementId`) REFERENCES `brgsh_elements` (`id`) ON DELETE CASCADE,
	ADD CONSTRAINT `brgsh_matrixcontent_sliderlink_locale_fk` FOREIGN KEY (`locale`) REFERENCES `brgsh_locales` (`locale`) ON DELETE CASCADE ON UPDATE CASCADE;

--
-- Constraints for table `brgsh_matrixcontent_specials`
--
ALTER TABLE `brgsh_matrixcontent_specials`
	ADD CONSTRAINT `brgsh_matrixcontent_specials_elementId_fk` FOREIGN KEY (`elementId`) REFERENCES `brgsh_elements` (`id`) ON DELETE CASCADE,
	ADD CONSTRAINT `brgsh_matrixcontent_specials_locale_fk` FOREIGN KEY (`locale`) REFERENCES `brgsh_locales` (`locale`) ON DELETE CASCADE ON UPDATE CASCADE;

--
-- Constraints for table `brgsh_migrations`
--
ALTER TABLE `brgsh_migrations`
	ADD CONSTRAINT `brgsh_migrations_pluginId_fk` FOREIGN KEY (`pluginId`) REFERENCES `brgsh_plugins` (`id`) ON DELETE CASCADE;

--
-- Constraints for table `brgsh_relations`
--
ALTER TABLE `brgsh_relations`
	ADD CONSTRAINT `brgsh_relations_fieldId_fk` FOREIGN KEY (`fieldId`) REFERENCES `brgsh_fields` (`id`) ON DELETE CASCADE,
	ADD CONSTRAINT `brgsh_relations_sourceId_fk` FOREIGN KEY (`sourceId`) REFERENCES `brgsh_elements` (`id`) ON DELETE CASCADE,
	ADD CONSTRAINT `brgsh_relations_sourceLocale_fk` FOREIGN KEY (`sourceLocale`) REFERENCES `brgsh_locales` (`locale`) ON DELETE CASCADE ON UPDATE CASCADE,
	ADD CONSTRAINT `brgsh_relations_targetId_fk` FOREIGN KEY (`targetId`) REFERENCES `brgsh_elements` (`id`) ON DELETE CASCADE;

--
-- Constraints for table `brgsh_routes`
--
ALTER TABLE `brgsh_routes`
	ADD CONSTRAINT `brgsh_routes_locale_fk` FOREIGN KEY (`locale`) REFERENCES `brgsh_locales` (`locale`) ON DELETE CASCADE ON UPDATE CASCADE;

--
-- Constraints for table `brgsh_sections`
--
ALTER TABLE `brgsh_sections`
	ADD CONSTRAINT `brgsh_sections_structureId_fk` FOREIGN KEY (`structureId`) REFERENCES `brgsh_structures` (`id`) ON DELETE SET NULL;

--
-- Constraints for table `brgsh_sections_i18n`
--
ALTER TABLE `brgsh_sections_i18n`
	ADD CONSTRAINT `brgsh_sections_i18n_locale_fk` FOREIGN KEY (`locale`) REFERENCES `brgsh_locales` (`locale`) ON DELETE CASCADE ON UPDATE CASCADE,
	ADD CONSTRAINT `brgsh_sections_i18n_sectionId_fk` FOREIGN KEY (`sectionId`) REFERENCES `brgsh_sections` (`id`) ON DELETE CASCADE;

--
-- Constraints for table `brgsh_sessions`
--
ALTER TABLE `brgsh_sessions`
	ADD CONSTRAINT `brgsh_sessions_userId_fk` FOREIGN KEY (`userId`) REFERENCES `brgsh_users` (`id`) ON DELETE CASCADE;

--
-- Constraints for table `brgsh_shunnedmessages`
--
ALTER TABLE `brgsh_shunnedmessages`
	ADD CONSTRAINT `brgsh_shunnedmessages_userId_fk` FOREIGN KEY (`userId`) REFERENCES `brgsh_users` (`id`) ON DELETE CASCADE;

--
-- Constraints for table `brgsh_structureelements`
--
ALTER TABLE `brgsh_structureelements`
	ADD CONSTRAINT `brgsh_structureelements_elementId_fk` FOREIGN KEY (`elementId`) REFERENCES `brgsh_elements` (`id`) ON DELETE CASCADE,
	ADD CONSTRAINT `brgsh_structureelements_structureId_fk` FOREIGN KEY (`structureId`) REFERENCES `brgsh_structures` (`id`) ON DELETE CASCADE;

--
-- Constraints for table `brgsh_taggroups`
--
ALTER TABLE `brgsh_taggroups`
	ADD CONSTRAINT `brgsh_taggroups_fieldLayoutId_fk` FOREIGN KEY (`fieldLayoutId`) REFERENCES `brgsh_fieldlayouts` (`id`) ON DELETE SET NULL;

--
-- Constraints for table `brgsh_tags`
--
ALTER TABLE `brgsh_tags`
	ADD CONSTRAINT `brgsh_tags_groupId_fk` FOREIGN KEY (`groupId`) REFERENCES `brgsh_taggroups` (`id`) ON DELETE CASCADE,
	ADD CONSTRAINT `brgsh_tags_id_fk` FOREIGN KEY (`id`) REFERENCES `brgsh_elements` (`id`) ON DELETE CASCADE;

--
-- Constraints for table `brgsh_templatecachecriteria`
--
ALTER TABLE `brgsh_templatecachecriteria`
	ADD CONSTRAINT `brgsh_templatecachecriteria_cacheId_fk` FOREIGN KEY (`cacheId`) REFERENCES `brgsh_templatecaches` (`id`) ON DELETE CASCADE;

--
-- Constraints for table `brgsh_templatecacheelements`
--
ALTER TABLE `brgsh_templatecacheelements`
	ADD CONSTRAINT `brgsh_templatecacheelements_cacheId_fk` FOREIGN KEY (`cacheId`) REFERENCES `brgsh_templatecaches` (`id`) ON DELETE CASCADE,
	ADD CONSTRAINT `brgsh_templatecacheelements_elementId_fk` FOREIGN KEY (`elementId`) REFERENCES `brgsh_elements` (`id`) ON DELETE CASCADE;

--
-- Constraints for table `brgsh_templatecaches`
--
ALTER TABLE `brgsh_templatecaches`
	ADD CONSTRAINT `brgsh_templatecaches_locale_fk` FOREIGN KEY (`locale`) REFERENCES `brgsh_locales` (`locale`) ON DELETE CASCADE ON UPDATE CASCADE;

--
-- Constraints for table `brgsh_usergroups_users`
--
ALTER TABLE `brgsh_usergroups_users`
	ADD CONSTRAINT `brgsh_usergroups_users_groupId_fk` FOREIGN KEY (`groupId`) REFERENCES `brgsh_usergroups` (`id`) ON DELETE CASCADE,
	ADD CONSTRAINT `brgsh_usergroups_users_userId_fk` FOREIGN KEY (`userId`) REFERENCES `brgsh_users` (`id`) ON DELETE CASCADE;

--
-- Constraints for table `brgsh_userpermissions_usergroups`
--
ALTER TABLE `brgsh_userpermissions_usergroups`
	ADD CONSTRAINT `brgsh_userpermissions_usergroups_groupId_fk` FOREIGN KEY (`groupId`) REFERENCES `brgsh_usergroups` (`id`) ON DELETE CASCADE,
	ADD CONSTRAINT `brgsh_userpermissions_usergroups_permissionId_fk` FOREIGN KEY (`permissionId`) REFERENCES `brgsh_userpermissions` (`id`) ON DELETE CASCADE;

--
-- Constraints for table `brgsh_userpermissions_users`
--
ALTER TABLE `brgsh_userpermissions_users`
	ADD CONSTRAINT `brgsh_userpermissions_users_permissionId_fk` FOREIGN KEY (`permissionId`) REFERENCES `brgsh_userpermissions` (`id`) ON DELETE CASCADE,
	ADD CONSTRAINT `brgsh_userpermissions_users_userId_fk` FOREIGN KEY (`userId`) REFERENCES `brgsh_users` (`id`) ON DELETE CASCADE;

--
-- Constraints for table `brgsh_users`
--
ALTER TABLE `brgsh_users`
	ADD CONSTRAINT `brgsh_users_id_fk` FOREIGN KEY (`id`) REFERENCES `brgsh_elements` (`id`) ON DELETE CASCADE,
	ADD CONSTRAINT `brgsh_users_preferredLocale_fk` FOREIGN KEY (`preferredLocale`) REFERENCES `brgsh_locales` (`locale`) ON DELETE SET NULL ON UPDATE CASCADE;

--
-- Constraints for table `brgsh_widgets`
--
ALTER TABLE `brgsh_widgets`
	ADD CONSTRAINT `brgsh_widgets_userId_fk` FOREIGN KEY (`userId`) REFERENCES `brgsh_users` (`id`) ON DELETE CASCADE;

SET FOREIGN_KEY_CHECKS = 1;
